time,rc_on,rc_w,rc_to,mode,batt_w,batt_a,soc,grid_w,health,pwr_sw,axle_st,axle_ip,axle_dir,td_cur,td_sh,td_sm,td_eh,td_em,tc_cur,tc_sh,dis_cur,cd_cur,cc_slot1_dis,cc_slot1_time,cc_reserve
2026-09-07T19:33:11,off,0,0,35,683,13.0,63,-7,Healthy,On,unknown,off,unknown,90.0,19,0,20,0,60.0,23,62.5,60.0,unavailable,unavailable,unavailable
2026-09-07T19:33:14,off,0,0,35,683,13.0,63,7,Healthy,On,unknown,off,unknown,90.0,19,0,20,0,60.0,23,62.5,60.0,unavailable,unavailable,unavailable
2026-09-07T19:33:30,off,0,0,35,689,13.1,63,-8,Healthy,On,unknown,off,unknown,90.0,19,0,20,0,60.0,23,62.5,60.0,unavailable,unavailable,unavailable
2026-09-07T19:33:45,off,0,0,35,699,13.3,63,15,Healthy,On,unknown,off,unknown,90.0,19,0,20,0,60.0,23,62.5,60.0,unavailable,unavailable,unavailable
2026-09-07T19:34:00,off,0,0,35,731,13.9,63,3,Healthy,On,unknown,off,unknown,90.0,19,0,20,0,60.0,23,62.5,60.0,unavailable,unavailable,unavailable
2026-09-07T19:34:06,off,0,0,35,731,13.9,63,3,Healthy,On,unknown,off,unknown,90.0,0,0,20,0,60.0,23,62.5,60.0,unavailable,unavailable,unavailable
2026-09-07T19:34:09,off,0,0,35,731,13.9,63,3,Healthy,On,unknown,off,unknown,90.0,0,0,0,0,60.0,23,62.5,60.0,unavailable,unavailable,unavailable
2026-09-07T19:34:15,off,0,0,35,683,13.0,63,-2,Healthy,On,unknown,off,unknown,90.0,0,0,0,0,60.0,23,62.5,60.0,unavailable,unavailable,unavailable
2026-09-07T19:34:31,off,0,0,35,683,13.0,63,-6,Healthy,On,unknown,off,unknown,90.0,0,0,0,0,60.0,23,62.5,60.0,unavailable,unavailable,unavailable
2026-09-07T19:34:43,off,0,0,35,683,13.0,63,-2,Healthy,On,unknown,off,unknown,90.0,0,0,0,0,60.0,23,62.5,60.0,unavailable,unavailable,unavailable
2026-09-07T19:34:58,off,0,0,35,683,13.0,62,5,Healthy,On,unknown,off,unknown,90.0,0,0,0,0,60.0,23,62.5,60.0,unavailable,unavailable,unavailable
2026-09-07T19:35:13,off,0,0,35,683,13.0,62,-8,Healthy,On,unknown,off,unknown,90.0,0,0,0,0,60.0,23,62.5,60.0,unavailable,unavailable,unavailable
2026-09-07T19:35:29,off,0,0,35,683,13.0,62,1,Healthy,On,unknown,off,unknown,90.0,0,0,0,0,60.0,23,62.5,60.0,unavailable,unavailable,unavailable
2026-09-07T19:35:44,off,0,0,35,694,13.2,62,16,Healthy,On,unknown,off,unknown,90.0,0,0,0,0,60.0,23,62.5,60.0,unavailable,unavailable,unavailable
2026-09-07T19:35:59,off,0,0,35,683,13.0,62,-5,Healthy,On,unknown,off,unknown,90.0,0,0,0,0,60.0,23,62.5,60.0,unavailable,unavailable,unavailable
2026-09-07T19:36:14,off,0,0,35,683,13.0,62,-8,Healthy,On,unknown,off,unknown,90.0,0,0,0,0,60.0,23,62.5,60.0,unavailable,unavailable,unavailable
2026-09-07T19:36:29,off,0,0,35,694,13.2,62,13,Healthy,On,unknown,off,unknown,90.0,0,0,0,0,60.0,23,62.5,60.0,unavailable,unavailable,unavailable
2026-09-07T19:36:45,off,0,0,35,731,13.9,62,7,Healthy,On,unknown,off,unknown,90.0,0,0,0,0,60.0,23,62.5,60.0,unavailable,unavailable,unavailable
2026-09-07T19:37:00,off,0,0,35,720,13.7,62,30,Healthy,On,unknown,off,unknown,90.0,0,0,0,0,60.0,23,62.5,60.0,unavailable,unavailable,unavailable
2026-09-07T19:37:15,off,0,0,35,694,13.2,62,9,Healthy,On,unknown,off,unknown,90.0,0,0,0,0,60.0,23,62.5,60.0,unavailable,unavailable,unavailable
2026-09-07T19:37:30,off,0,0,35,689,13.1,62,7,Healthy,On,unknown,off,unknown,90.0,0,0,0,0,60.0,23,62.5,60.0,unavailable,unavailable,unavailable
2026-09-07T19:37:46,off,0,0,35,689,13.1,62,11,Healthy,On,unknown,off,unknown,90.0,0,0,0,0,60.0,23,62.5,60.0,unavailable,unavailable,unavailable
2026-09-07T19:37:58,off,0,0,35,678,12.9,62,-2,Healthy,On,unknown,off,unknown,90.0,0,0,0,0,60.0,23,62.5,60.0,unavailable,unavailable,unavailable
2026-09-07T19:38:13,off,0,0,35,678,12.9,62,-5,Healthy,On,unknown,off,unknown,90.0,0,0,0,0,60.0,23,62.5,60.0,unavailable,unavailable,unavailable
2026-09-07T19:38:41,off,0,0,35,699,13.3,100,-170,Degraded,unknown,unknown,off,unknown,90.0,0,0,0,0,60.0,23,62.5,60.0,unavailable,unavailable,unavailable
2026-09-07T19:38:44,off,0,0,35,-2447,46.0,100,-3908,Degraded,On,unknown,off,unknown,90.0,0,0,0,0,60.0,23,62.5,60.0,unavailable,unavailable,unavailable
2026-09-07T19:38:59,off,0,0,35,967,18.4,62,-14,Degraded,On,unknown,off,unknown,90.0,0,0,0,0,60.0,23,62.5,60.0,unavailable,unavailable,unavailable
2026-09-07T19:39:14,off,0,0,35,1009,19.2,62,-3,Degraded,On,unknown,off,unknown,90.0,0,0,0,0,60.0,23,62.5,60.0,unavailable,unavailable,unavailable
2026-09-07T19:39:29,off,0,0,35,1002,19.1,62,38,Degraded,On,unknown,off,unknown,90.0,0,0,0,0,60.0,23,62.5,60.0,unavailable,unavailable,unavailable
2026-09-07T19:39:45,off,0,0,35,966,18.4,62,15,Degraded,On,unknown,off,unknown,90.0,0,0,0,0,60.0,23,62.5,60.0,unavailable,unavailable,unavailable
2026-09-07T19:40:00,off,0,0,35,955,18.2,62,-8,Degraded,On,unknown,off,unknown,90.0,0,0,0,0,60.0,23,62.5,60.0,unavailable,unavailable,unavailable
2026-09-07T19:40:15,off,0,0,35,941,17.9,62,-4,Degraded,On,unknown,off,unknown,90.0,0,0,0,0,60.0,23,62.5,60.0,unavailable,unavailable,unavailable
2026-09-07T19:40:30,off,0,0,35,960,18.3,62,6,Degraded,On,unknown,off,unknown,90.0,0,0,0,0,60.0,23,62.5,60.0,unavailable,unavailable,unavailable
2026-09-07T19:40:46,off,0,0,35,952,18.1,62,13,Degraded,On,unknown,off,unknown,90.0,0,0,0,0,60.0,23,62.5,60.0,unavailable,unavailable,unavailable
2026-09-07T19:41:01,off,0,0,35,950,18.1,62,-6,Degraded,On,unknown,off,unknown,90.0,0,0,0,0,60.0,23,62.5,60.0,unavailable,unavailable,unavailable
2026-09-07T19:41:13,off,0,0,35,952,18.1,62,6,Degraded,On,unknown,off,unknown,90.0,0,0,0,0,60.0,23,62.5,60.0,unavailable,unavailable,unavailable
2026-09-07T19:41:28,off,0,0,35,950,18.1,62,-1,Degraded,On,unknown,off,unknown,90.0,0,0,0,0,60.0,23,62.5,60.0,unavailable,unavailable,unavailable
2026-09-07T19:41:43,off,0,0,35,952,18.1,62,11,Degraded,On,unknown,off,unknown,90.0,0,0,0,0,60.0,23,62.5,60.0,unavailable,unavailable,unavailable
2026-09-07T19:41:59,off,0,0,35,939,17.9,62,-10,Degraded,On,unknown,off,unknown,90.0,0,0,0,0,60.0,23,62.5,60.0,unavailable,unavailable,unavailable
2026-09-07T19:42:14,off,0,0,35,952,18.1,62,5,Degraded,On,unknown,off,unknown,90.0,0,0,0,0,60.0,23,62.5,60.0,unavailable,unavailable,unavailable
2026-09-07T19:42:29,off,0,0,35,945,18.0,62,1,Degraded,On,unknown,off,unknown,90.0,0,0,0,0,60.0,23,62.5,60.0,unavailable,unavailable,unavailable
2026-09-07T19:42:44,off,0,0,35,939,17.9,62,12,Degraded,On,unknown,off,unknown,90.0,0,0,0,0,60.0,23,62.5,60.0,unavailable,unavailable,unavailable
2026-09-07T19:43:00,off,0,0,35,936,17.8,62,-17,Degraded,On,unknown,off,unknown,90.0,0,0,0,0,60.0,23,62.5,60.0,unavailable,unavailable,unavailable
2026-09-07T19:43:15,off,0,0,35,945,18.0,62,-1,Degraded,On,unknown,off,unknown,90.0,0,0,0,0,60.0,23,62.5,60.0,unavailable,unavailable,unavailable
2026-09-07T19:43:30,off,0,0,35,929,17.7,62,-6,Degraded,On,unknown,off,unknown,90.0,0,0,0,0,60.0,23,62.5,60.0,unavailable,unavailable,unavailable
2026-09-07T19:43:45,off,0,0,35,960,18.3,62,10,Degraded,On,unknown,off,unknown,90.0,0,0,0,0,60.0,23,62.5,60.0,unavailable,unavailable,unavailable
2026-09-07T19:44:01,off,0,0,35,939,17.9,62,-7,Degraded,On,unknown,off,unknown,90.0,0,0,0,0,60.0,23,62.5,60.0,unavailable,unavailable,unavailable
2026-09-07T19:44:13,off,0,0,35,939,17.9,62,5,Degraded,On,unknown,off,unknown,90.0,0,0,0,0,60.0,23,62.5,60.0,unavailable,unavailable,unavailable
2026-09-07T19:44:28,off,0,0,35,1055,20.1,62,-117,Degraded,On,unknown,off,unknown,90.0,0,0,0,0,60.0,23,62.5,60.0,unavailable,unavailable,unavailable
2026-09-07T19:44:43,off,0,0,35,1155,22.0,62,2,Degraded,On,unknown,off,unknown,90.0,0,0,0,0,60.0,23,62.5,60.0,unavailable,unavailable,unavailable
2026-09-07T19:44:59,off,0,0,35,1139,21.7,62,-11,Degraded,On,unknown,off,unknown,90.0,0,0,0,0,60.0,23,62.5,60.0,unavailable,unavailable,unavailable
2026-09-07T19:45:14,off,0,0,35,1128,21.5,62,-15,Degraded,On,unknown,off,unknown,90.0,0,0,0,0,60.0,23,62.5,60.0,unavailable,unavailable,unavailable
2026-09-07T19:45:29,off,0,0,35,1118,21.3,62,-4,Degraded,On,unknown,off,unknown,90.0,0,0,0,0,60.0,23,62.5,60.0,unavailable,unavailable,unavailable
2026-09-07T19:45:44,off,0,0,35,1118,21.3,62,-13,Degraded,On,unknown,off,unknown,90.0,0,0,0,0,60.0,23,62.5,60.0,unavailable,unavailable,unavailable
2026-09-07T19:46:00,off,0,0,35,1118,21.3,62,-2,Degraded,On,unknown,off,unknown,90.0,0,0,0,0,60.0,23,62.5,60.0,unavailable,unavailable,unavailable
2026-09-07T19:46:15,off,0,0,35,1107,21.1,62,1,Degraded,On,unknown,off,unknown,90.0,0,0,0,0,60.0,23,62.5,60.0,unavailable,unavailable,unavailable
2026-09-07T19:46:30,off,0,0,35,1123,21.4,62,-2,Degraded,On,unknown,off,unknown,90.0,0,0,0,0,60.0,23,62.5,60.0,unavailable,unavailable,unavailable
2026-09-07T19:46:45,off,0,0,35,945,18.0,62,51,Degraded,On,unknown,off,unknown,90.0,0,0,0,0,60.0,23,62.5,60.0,unavailable,unavailable,unavailable
2026-09-07T19:47:01,off,0,0,35,924,17.6,62,-6,Degraded,On,unknown,off,unknown,90.0,0,0,0,0,60.0,23,62.5,60.0,unavailable,unavailable,unavailable
2026-09-07T19:47:16,off,0,0,35,862,16.4,62,11,Degraded,On,unknown,off,unknown,90.0,0,0,0,0,60.0,23,62.5,60.0,unavailable,unavailable,unavailable
2026-09-07T19:47:28,off,0,0,35,852,16.2,62,-1,Degraded,On,unknown,off,unknown,90.0,0,0,0,0,60.0,23,62.5,60.0,unavailable,unavailable,unavailable
2026-09-07T19:47:43,off,0,0,35,862,16.4,62,11,Degraded,On,unknown,off,unknown,90.0,0,0,0,0,60.0,23,62.5,60.0,unavailable,unavailable,unavailable
2026-09-07T19:47:59,off,0,0,35,846,16.1,62,0,Degraded,On,unknown,off,unknown,90.0,0,0,0,0,60.0,23,62.5,60.0,unavailable,unavailable,unavailable
2026-09-07T19:48:14,off,0,0,35,846,16.1,62,12,Degraded,On,unknown,off,unknown,90.0,0,0,0,0,60.0,23,62.5,60.0,unavailable,unavailable,unavailable
2026-09-07T19:48:29,off,0,0,35,846,16.1,62,-10,Degraded,On,unknown,off,unknown,90.0,0,0,0,0,60.0,23,62.5,60.0,unavailable,unavailable,unavailable
2026-09-07T19:48:44,off,0,0,35,852,16.2,62,8,Healthy,On,unknown,off,unknown,90.0,0,0,0,0,60.0,23,62.5,60.0,unavailable,unavailable,unavailable
2026-09-07T19:49:00,off,0,0,35,846,16.1,62,-7,Healthy,On,unknown,off,unknown,90.0,0,0,0,0,60.0,23,62.5,60.0,unavailable,unavailable,unavailable
2026-09-07T19:49:15,off,0,0,35,841,16.0,62,-4,Healthy,On,unknown,off,unknown,90.0,0,0,0,0,60.0,23,62.5,60.0,unavailable,unavailable,unavailable
2026-09-07T19:49:30,off,0,0,35,836,15.9,62,-20,Healthy,On,unknown,off,unknown,90.0,0,0,0,0,60.0,23,62.5,60.0,unavailable,unavailable,unavailable
2026-09-07T19:49:45,off,0,0,35,852,16.2,62,9,Healthy,On,unknown,off,unknown,90.0,0,0,0,0,60.0,23,62.5,60.0,unavailable,unavailable,unavailable
2026-09-07T19:50:00,off,0,0,35,836,15.9,62,-19,Healthy,On,unknown,off,unknown,90.0,0,0,0,0,60.0,23,62.5,60.0,unavailable,unavailable,unavailable
2026-09-07T19:50:16,off,0,0,35,836,15.9,62,0,Healthy,On,unknown,off,unknown,90.0,0,0,0,0,60.0,23,62.5,60.0,unavailable,unavailable,unavailable
2026-09-07T19:50:28,off,0,0,35,841,16.0,62,-6,Healthy,On,unknown,off,unknown,90.0,0,0,0,0,60.0,23,62.5,60.0,unavailable,unavailable,unavailable
2026-09-07T19:50:43,off,0,0,35,846,16.1,62,3,Healthy,On,unknown,off,unknown,90.0,0,0,0,0,60.0,23,62.5,60.0,unavailable,unavailable,unavailable
2026-09-07T19:50:58,off,0,0,35,834,15.9,62,-4,Healthy,On,unknown,off,unknown,90.0,0,0,0,0,60.0,23,62.5,60.0,unavailable,unavailable,unavailable
2026-09-07T19:51:14,off,0,0,35,836,15.9,62,-2,Healthy,On,unknown,off,unknown,90.0,0,0,0,0,60.0,23,62.5,60.0,unavailable,unavailable,unavailable
2026-09-07T19:51:29,off,0,0,35,841,16.0,62,5,Healthy,On,unknown,off,unknown,90.0,0,0,0,0,60.0,23,62.5,60.0,unavailable,unavailable,unavailable
2026-09-07T19:51:44,off,0,0,35,836,15.9,62,3,Healthy,On,unknown,off,unknown,90.0,0,0,0,0,60.0,23,62.5,60.0,unavailable,unavailable,unavailable
2026-09-07T19:51:59,off,0,0,35,841,16.0,62,-7,Healthy,On,unknown,off,unknown,90.0,0,0,0,0,60.0,23,62.5,60.0,unavailable,unavailable,unavailable
2026-09-07T19:52:15,off,0,0,35,831,15.8,62,-6,Healthy,On,unknown,off,unknown,90.0,0,0,0,0,60.0,23,62.5,60.0,unavailable,unavailable,unavailable
2026-09-07T19:52:30,off,0,0,35,836,15.9,62,-1,Healthy,On,unknown,off,unknown,90.0,0,0,0,0,60.0,23,62.5,60.0,unavailable,unavailable,unavailable
2026-09-07T19:52:45,off,0,0,35,845,16.1,62,13,Healthy,On,unknown,off,unknown,90.0,0,0,0,0,60.0,23,62.5,60.0,unavailable,unavailable,unavailable
2026-09-07T19:53:00,off,0,0,35,831,15.8,62,-12,Healthy,On,unknown,off,unknown,90.0,0,0,0,0,60.0,23,62.5,60.0,unavailable,unavailable,unavailable
2026-09-07T19:53:16,off,0,0,35,918,17.5,62,-1,Healthy,On,unknown,off,unknown,90.0,0,0,0,0,60.0,23,62.5,60.0,unavailable,unavailable,unavailable
2026-09-07T19:53:31,off,0,0,35,918,17.5,62,5,Healthy,On,unknown,off,unknown,90.0,0,0,0,0,60.0,23,62.5,60.0,unavailable,unavailable,unavailable
2026-09-07T19:53:43,off,0,0,35,929,17.7,62,21,Healthy,On,unknown,off,unknown,90.0,0,0,0,0,60.0,23,62.5,60.0,unavailable,unavailable,unavailable
2026-09-07T19:53:58,off,0,0,35,903,17.2,62,-2,Healthy,On,unknown,off,unknown,90.0,0,0,0,0,60.0,23,62.5,60.0,unavailable,unavailable,unavailable
2026-09-07T19:54:13,off,0,0,35,909,17.3,62,8,Healthy,On,unknown,off,unknown,90.0,0,0,0,0,60.0,23,62.5,60.0,unavailable,unavailable,unavailable
2026-09-07T19:54:29,off,0,0,35,903,17.2,62,0,Healthy,On,unknown,off,unknown,90.0,0,0,0,0,60.0,23,62.5,60.0,unavailable,unavailable,unavailable
2026-09-07T19:54:44,off,0,0,35,908,17.3,62,12,Healthy,On,unknown,off,unknown,90.0,0,0,0,0,60.0,23,62.5,60.0,unavailable,unavailable,unavailable
2026-09-07T19:54:59,off,0,0,35,892,17.0,62,-5,Healthy,On,unknown,off,unknown,90.0,0,0,0,0,60.0,23,62.5,60.0,unavailable,unavailable,unavailable
2026-09-07T19:55:14,off,0,0,35,908,17.3,62,1,Healthy,On,unknown,off,unknown,90.0,0,0,0,0,60.0,23,62.5,60.0,unavailable,unavailable,unavailable
2026-09-07T19:55:30,off,0,0,35,903,17.2,62,5,Healthy,On,unknown,off,unknown,90.0,0,0,0,0,60.0,23,62.5,60.0,unavailable,unavailable,unavailable
2026-09-07T19:55:45,off,0,0,35,892,17.0,62,-13,Healthy,On,unknown,off,unknown,90.0,0,0,0,0,60.0,23,62.5,60.0,unavailable,unavailable,unavailable
2026-09-07T19:56:00,off,0,0,35,897,17.1,62,4,Healthy,On,unknown,off,unknown,90.0,0,0,0,0,60.0,23,62.5,60.0,unavailable,unavailable,unavailable
2026-09-07T19:56:15,off,0,0,35,909,17.3,61,6,Healthy,On,unknown,off,unknown,90.0,0,0,0,0,60.0,23,62.5,60.0,unavailable,unavailable,unavailable
2026-09-07T19:56:31,off,0,0,35,894,17.0,61,0,Healthy,On,unknown,off,unknown,90.0,0,0,0,0,60.0,23,62.5,60.0,unavailable,unavailable,unavailable
2026-09-07T19:56:46,off,0,0,35,904,17.2,61,3,Healthy,On,unknown,off,unknown,90.0,0,0,0,0,60.0,23,62.5,60.0,unavailable,unavailable,unavailable
2026-09-07T19:56:58,off,0,0,35,892,17.0,61,-6,Healthy,On,unknown,off,unknown,90.0,0,0,0,0,60.0,23,62.5,60.0,unavailable,unavailable,unavailable
2026-09-07T19:57:13,off,0,0,35,897,17.1,61,-6,Healthy,On,unknown,off,unknown,90.0,0,0,0,0,60.0,23,62.5,60.0,unavailable,unavailable,unavailable
2026-09-07T19:57:29,off,0,0,35,903,17.2,61,8,Healthy,On,unknown,off,unknown,90.0,0,0,0,0,60.0,23,62.5,60.0,unavailable,unavailable,unavailable
2026-09-07T19:57:44,off,0,0,35,897,17.1,61,7,Healthy,On,unknown,off,unknown,90.0,0,0,0,0,60.0,23,62.5,60.0,unavailable,unavailable,unavailable
2026-09-07T19:57:59,off,0,0,35,892,17.0,61,-15,Healthy,On,unknown,off,unknown,90.0,0,0,0,0,60.0,23,62.5,60.0,unavailable,unavailable,unavailable
2026-09-07T19:58:14,off,0,0,35,903,17.2,61,4,Healthy,On,unknown,off,unknown,90.0,0,0,0,0,60.0,23,62.5,60.0,unavailable,unavailable,unavailable
2026-09-07T19:58:29,off,0,0,35,903,17.2,61,5,Healthy,On,unknown,off,unknown,90.0,0,0,0,0,60.0,23,62.5,60.0,unavailable,unavailable,unavailable
2026-09-07T19:58:45,off,0,0,35,903,17.2,61,0,Healthy,On,unknown,off,unknown,90.0,0,0,0,0,60.0,23,62.5,60.0,unavailable,unavailable,unavailable
2026-09-07T19:59:15,off,0,0,35,903,17.2,61,2,Healthy,On,unknown,off,unknown,90.0,0,0,0,0,60.0,23,62.5,60.0,unavailable,unavailable,unavailable
2026-09-07T19:59:30,off,0,0,35,903,17.2,61,10,Healthy,On,unknown,off,unknown,90.0,0,0,0,0,60.0,23,62.5,60.0,unavailable,unavailable,unavailable
2026-09-07T19:59:46,off,0,0,35,897,17.1,61,5,Healthy,On,unknown,off,unknown,90.0,0,0,0,0,60.0,23,62.5,60.0,unavailable,unavailable,unavailable
2026-09-07T19:59:58,off,0,0,35,892,17.0,61,-9,Healthy,On,unknown,off,unknown,90.0,0,0,0,0,60.0,23,62.5,60.0,unavailable,unavailable,unavailable
2026-09-07T20:00:13,off,0,0,35,903,17.2,61,4,Healthy,On,unknown,off,unknown,90.0,0,0,0,0,60.0,23,62.5,60.0,unavailable,unavailable,unavailable
2026-09-07T20:00:28,off,0,0,35,897,17.1,61,-22,Healthy,On,unknown,off,unknown,90.0,0,0,0,0,60.0,23,62.5,60.0,unavailable,unavailable,unavailable
2026-09-07T20:00:44,off,0,0,35,913,17.4,61,2,Healthy,On,unknown,off,unknown,90.0,0,0,0,0,60.0,23,62.5,60.0,unavailable,unavailable,unavailable
2026-09-07T20:00:59,off,0,0,35,845,16.1,61,-3,Healthy,On,unknown,off,unknown,90.0,0,0,0,0,60.0,23,62.5,60.0,unavailable,unavailable,unavailable
2026-09-07T20:01:14,off,0,0,35,850,16.2,61,15,Healthy,On,unknown,off,unknown,90.0,0,0,0,0,60.0,23,62.5,60.0,unavailable,unavailable,unavailable
2026-09-07T20:01:29,off,0,0,35,846,16.1,61,7,Healthy,On,unknown,off,unknown,90.0,0,0,0,0,60.0,23,62.5,60.0,unavailable,unavailable,unavailable
2026-09-07T20:01:45,off,0,0,35,845,16.1,61,3,Healthy,On,unknown,off,unknown,90.0,0,0,0,0,60.0,23,62.5,60.0,unavailable,unavailable,unavailable
2026-09-07T20:02:00,off,0,0,35,834,15.9,61,-6,Healthy,On,unknown,off,unknown,90.0,0,0,0,0,60.0,23,62.5,60.0,unavailable,unavailable,unavailable
2026-09-07T20:02:15,off,0,0,35,850,16.2,61,9,Healthy,On,unknown,off,unknown,90.0,0,0,0,0,60.0,23,62.5,60.0,unavailable,unavailable,unavailable
2026-09-07T20:02:30,off,0,0,35,840,16.0,61,3,Healthy,On,unknown,off,unknown,90.0,0,0,0,0,60.0,23,62.5,60.0,unavailable,unavailable,unavailable
2026-09-07T20:02:45,off,0,0,35,855,16.3,61,5,Healthy,On,unknown,off,unknown,90.0,0,0,0,0,60.0,23,62.5,60.0,unavailable,unavailable,unavailable
2026-09-07T20:03:01,off,0,0,35,841,16.0,61,-7,Healthy,On,unknown,off,unknown,90.0,0,0,0,0,60.0,23,62.5,60.0,unavailable,unavailable,unavailable
2026-09-07T20:03:16,off,0,0,35,850,16.2,61,-4,Healthy,On,unknown,off,unknown,90.0,0,0,0,0,60.0,23,62.5,60.0,unavailable,unavailable,unavailable
2026-09-07T20:03:28,off,0,0,35,850,16.2,61,2,Healthy,On,unknown,off,unknown,90.0,0,0,0,0,60.0,23,62.5,60.0,unavailable,unavailable,unavailable
2026-09-07T20:03:43,off,0,0,35,855,16.3,61,18,Healthy,On,unknown,off,unknown,90.0,0,0,0,0,60.0,23,62.5,60.0,unavailable,unavailable,unavailable
2026-09-07T20:03:59,off,0,0,35,841,16.0,61,-10,Healthy,On,unknown,off,unknown,90.0,0,0,0,0,60.0,23,62.5,60.0,unavailable,unavailable,unavailable
2026-09-07T20:04:14,off,0,0,35,852,16.2,61,5,Healthy,On,unknown,off,unknown,90.0,0,0,0,0,60.0,23,62.5,60.0,unavailable,unavailable,unavailable
2026-09-07T20:04:29,off,0,0,35,846,16.1,61,7,Healthy,On,unknown,off,unknown,90.0,0,0,0,0,60.0,23,62.5,60.0,unavailable,unavailable,unavailable
2026-09-07T20:04:44,off,0,0,35,846,16.1,61,0,Healthy,On,unknown,off,unknown,90.0,0,0,0,0,60.0,23,62.5,60.0,unavailable,unavailable,unavailable
2026-09-07T20:05:00,off,0,0,35,845,16.1,61,-3,Healthy,On,unknown,off,unknown,90.0,0,0,0,0,60.0,23,62.5,60.0,unavailable,unavailable,unavailable
2026-09-07T20:05:15,off,0,0,35,850,16.2,61,0,Healthy,On,unknown,off,unknown,90.0,0,0,0,0,60.0,23,62.5,60.0,unavailable,unavailable,unavailable
2026-09-07T20:05:30,off,0,0,35,845,16.1,61,-9,Healthy,On,unknown,off,unknown,90.0,0,0,0,0,60.0,23,62.5,60.0,unavailable,unavailable,unavailable
2026-09-07T20:05:45,off,0,0,35,852,16.2,61,-6,Healthy,On,unknown,off,unknown,90.0,0,0,0,0,60.0,23,62.5,60.0,unavailable,unavailable,unavailable
2026-09-07T20:06:01,off,0,0,35,846,16.1,61,-6,Healthy,On,unknown,off,unknown,90.0,0,0,0,0,60.0,23,62.5,60.0,unavailable,unavailable,unavailable
2026-09-07T20:06:16,off,0,0,35,846,16.1,61,-18,Healthy,On,unknown,off,unknown,90.0,0,0,0,0,60.0,23,62.5,60.0,unavailable,unavailable,unavailable
2026-09-07T20:06:28,off,0,0,35,846,16.1,61,4,Healthy,On,unknown,off,unknown,90.0,0,0,0,0,60.0,23,62.5,60.0,unavailable,unavailable,unavailable
2026-09-07T20:06:43,off,0,0,35,850,16.2,61,-18,Healthy,On,unknown,off,unknown,90.0,0,0,0,0,60.0,23,62.5,60.0,unavailable,unavailable,unavailable
2026-09-07T20:06:58,off,0,0,35,939,17.9,61,5,Healthy,On,unknown,off,unknown,90.0,0,0,0,0,60.0,23,62.5,60.0,unavailable,unavailable,unavailable
2026-09-07T20:07:14,off,0,0,35,929,17.7,61,0,Healthy,On,unknown,off,unknown,90.0,0,0,0,0,60.0,23,62.5,60.0,unavailable,unavailable,unavailable
2026-09-07T20:07:29,off,0,0,35,924,17.6,61,-4,Healthy,On,unknown,off,unknown,90.0,0,0,0,0,60.0,23,62.5,60.0,unavailable,unavailable,unavailable
2026-09-07T20:07:44,off,0,0,35,934,17.8,61,0,Healthy,On,unknown,off,unknown,90.0,0,0,0,0,60.0,23,62.5,60.0,unavailable,unavailable,unavailable
2026-09-07T20:07:59,off,0,0,35,918,17.5,61,3,Healthy,On,unknown,off,unknown,90.0,0,0,0,0,60.0,23,62.5,60.0,unavailable,unavailable,unavailable
2026-09-07T20:08:15,off,0,0,35,918,17.5,61,-9,Healthy,On,unknown,off,unknown,90.0,0,0,0,0,60.0,23,62.5,60.0,unavailable,unavailable,unavailable
2026-09-07T20:08:30,off,0,0,35,934,17.8,61,7,Healthy,On,unknown,off,unknown,90.0,0,0,0,0,60.0,23,62.5,60.0,unavailable,unavailable,unavailable
2026-09-07T20:08:45,off,0,0,35,934,17.8,61,-1,Healthy,On,unknown,off,unknown,90.0,0,0,0,0,60.0,23,62.5,60.0,unavailable,unavailable,unavailable
2026-09-07T20:09:01,off,0,0,35,1149,21.9,61,8,Healthy,On,unknown,off,unknown,90.0,0,0,0,0,60.0,23,62.5,60.0,unavailable,unavailable,unavailable
2026-09-07T20:09:13,off,0,0,35,1144,21.8,61,-17,Healthy,On,unknown,off,unknown,90.0,0,0,0,0,60.0,23,62.5,60.0,unavailable,unavailable,unavailable
2026-09-07T20:09:28,off,0,0,35,1149,21.9,61,9,Healthy,On,unknown,off,unknown,90.0,0,0,0,0,60.0,23,62.5,60.0,unavailable,unavailable,unavailable
2026-09-07T20:09:44,off,0,0,35,1142,21.8,61,1,Healthy,On,unknown,off,unknown,90.0,0,0,0,0,60.0,23,62.5,60.0,unavailable,unavailable,unavailable
2026-09-07T20:09:59,off,0,0,35,1137,21.7,61,-3,Healthy,On,unknown,off,unknown,90.0,0,0,0,0,60.0,23,62.5,60.0,unavailable,unavailable,unavailable
2026-09-07T20:10:14,off,0,0,35,1139,21.7,61,-5,Healthy,On,unknown,off,unknown,90.0,0,0,0,0,60.0,23,62.5,60.0,unavailable,unavailable,unavailable
2026-09-07T20:10:30,off,0,0,35,1134,21.6,61,4,Healthy,On,unknown,off,unknown,90.0,0,0,0,0,60.0,23,62.5,60.0,unavailable,unavailable,unavailable
2026-09-07T20:10:45,off,0,0,35,1134,21.6,61,3,Healthy,On,unknown,off,unknown,90.0,0,0,0,0,60.0,23,62.5,60.0,unavailable,unavailable,unavailable
2026-09-07T20:11:00,off,0,0,35,1126,21.5,61,17,Healthy,On,unknown,off,unknown,90.0,0,0,0,0,60.0,23,62.5,60.0,unavailable,unavailable,unavailable
2026-09-07T20:11:15,off,0,0,35,1116,21.3,61,-5,Healthy,On,unknown,off,unknown,90.0,0,0,0,0,60.0,23,62.5,60.0,unavailable,unavailable,unavailable
2026-09-07T20:11:31,off,0,0,35,1163,22.2,61,1,Healthy,On,unknown,off,unknown,90.0,0,0,0,0,60.0,23,62.5,60.0,unavailable,unavailable,unavailable
2026-09-07T20:11:46,off,0,0,35,1194,22.8,61,-17,Healthy,On,unknown,off,unknown,90.0,0,0,0,0,60.0,23,62.5,60.0,unavailable,unavailable,unavailable
2026-09-07T20:11:58,off,0,0,35,1220,23.3,61,5,Healthy,On,unknown,off,unknown,90.0,0,0,0,0,60.0,23,62.5,60.0,unavailable,unavailable,unavailable
2026-09-07T20:12:13,off,0,0,35,1215,23.2,61,-8,Healthy,On,unknown,off,unknown,90.0,0,0,0,0,60.0,23,62.5,60.0,unavailable,unavailable,unavailable
2026-09-07T20:12:28,off,0,0,35,1184,22.6,61,1,Healthy,On,unknown,off,unknown,90.0,0,0,0,0,60.0,23,62.5,60.0,unavailable,unavailable,unavailable
2026-09-07T20:12:44,off,0,0,35,1173,22.4,61,-4,Healthy,On,unknown,off,unknown,90.0,0,0,0,0,60.0,23,62.5,60.0,unavailable,unavailable,unavailable
2026-09-07T20:12:59,off,0,0,35,1231,23.5,61,-3,Healthy,On,unknown,off,unknown,90.0,0,0,0,0,60.0,23,62.5,60.0,unavailable,unavailable,unavailable
2026-09-07T20:13:14,off,0,0,35,1226,23.4,61,-8,Healthy,On,unknown,off,unknown,90.0,0,0,0,0,60.0,23,62.5,60.0,unavailable,unavailable,unavailable
2026-09-07T20:13:30,off,0,0,35,1226,23.4,61,0,Healthy,On,unknown,off,unknown,90.0,0,0,0,0,60.0,23,62.5,60.0,unavailable,unavailable,unavailable
2026-09-07T20:13:45,off,0,0,35,1241,23.7,61,13,Healthy,On,unknown,off,unknown,90.0,0,0,0,0,60.0,23,62.5,60.0,unavailable,unavailable,unavailable
2026-09-07T20:14:00,off,0,0,35,1226,23.4,61,0,Healthy,On,unknown,off,unknown,90.0,0,0,0,0,60.0,23,62.5,60.0,unavailable,unavailable,unavailable
2026-09-07T20:14:15,off,0,0,35,1231,23.5,60,-7,Healthy,On,unknown,off,unknown,90.0,0,0,0,0,60.0,23,62.5,60.0,unavailable,unavailable,unavailable
2026-09-07T20:14:31,off,0,0,35,1131,21.6,60,-7,Healthy,On,unknown,off,unknown,90.0,0,0,0,0,60.0,23,62.5,60.0,unavailable,unavailable,unavailable
2026-09-07T20:14:46,off,0,0,35,1126,21.5,60,3,Healthy,On,unknown,off,unknown,90.0,0,0,0,0,60.0,23,62.5,60.0,unavailable,unavailable,unavailable
2026-09-07T20:14:58,off,0,0,35,1107,21.1,60,-6,Healthy,On,unknown,off,unknown,90.0,0,0,0,0,60.0,23,62.5,60.0,unavailable,unavailable,unavailable
2026-09-07T20:15:13,off,0,0,35,1105,21.1,60,-13,Healthy,On,unknown,off,unknown,90.0,0,0,0,0,60.0,23,62.5,60.0,unavailable,unavailable,unavailable
2026-09-07T20:15:29,off,0,0,35,1158,22.1,60,-3,Healthy,On,unknown,off,unknown,90.0,0,0,0,0,60.0,23,62.5,60.0,unavailable,unavailable,unavailable
2026-09-07T20:15:44,off,0,0,35,1158,22.1,60,2,Healthy,On,unknown,off,unknown,90.0,0,0,0,0,60.0,23,62.5,60.0,unavailable,unavailable,unavailable
2026-09-07T20:15:59,off,0,0,35,1158,22.1,60,-3,Healthy,On,unknown,off,unknown,90.0,0,0,0,0,60.0,23,62.5,60.0,unavailable,unavailable,unavailable
2026-09-07T20:16:14,off,0,0,35,1158,22.1,60,0,Healthy,On,unknown,off,unknown,90.0,0,0,0,0,60.0,23,62.5,60.0,unavailable,unavailable,unavailable
2026-09-07T20:16:30,off,0,0,35,1160,22.1,60,2,Healthy,On,unknown,off,unknown,90.0,0,0,0,0,60.0,23,62.5,60.0,unavailable,unavailable,unavailable
2026-09-07T20:16:45,off,0,0,35,1158,22.1,60,-20,Healthy,On,unknown,off,unknown,90.0,0,0,0,0,60.0,23,62.5,60.0,unavailable,unavailable,unavailable
2026-09-07T20:17:00,off,0,0,35,1095,20.9,60,0,Healthy,On,unknown,off,unknown,90.0,0,0,0,0,60.0,23,62.5,60.0,unavailable,unavailable,unavailable
2026-09-07T20:17:15,off,0,0,35,1095,20.9,60,-7,Healthy,On,unknown,off,unknown,90.0,0,0,0,0,60.0,23,62.5,60.0,unavailable,unavailable,unavailable
2026-09-07T20:17:31,off,0,0,35,1100,21.0,60,4,Healthy,On,unknown,off,unknown,90.0,0,0,0,0,60.0,23,62.5,60.0,unavailable,unavailable,unavailable
2026-09-07T20:17:46,off,0,0,35,892,17.0,60,10,Healthy,On,unknown,off,unknown,90.0,0,0,0,0,60.0,23,62.5,60.0,unavailable,unavailable,unavailable
2026-09-07T20:17:58,off,0,0,35,897,17.1,60,1,Healthy,On,unknown,off,unknown,90.0,0,0,0,0,60.0,23,62.5,60.0,unavailable,unavailable,unavailable
2026-09-07T20:18:13,off,0,0,35,892,17.0,60,-7,Healthy,On,unknown,off,unknown,90.0,0,0,0,0,60.0,23,62.5,60.0,unavailable,unavailable,unavailable
2026-09-07T20:18:28,off,0,0,35,897,17.1,60,3,Healthy,On,unknown,off,unknown,90.0,0,0,0,0,60.0,23,62.5,60.0,unavailable,unavailable,unavailable
2026-09-07T20:18:44,off,0,0,35,897,17.1,60,5,Healthy,On,unknown,off,unknown,90.0,0,0,0,0,60.0,23,62.5,60.0,unavailable,unavailable,unavailable
2026-09-07T20:18:59,off,0,0,35,897,17.1,60,3,Healthy,On,unknown,off,unknown,90.0,0,0,0,0,60.0,23,62.5,60.0,unavailable,unavailable,unavailable
2026-09-07T20:19:14,off,0,0,35,887,16.9,60,-16,Healthy,On,unknown,off,unknown,90.0,0,0,0,0,60.0,23,62.5,60.0,unavailable,unavailable,unavailable
2026-09-07T20:19:29,off,0,0,35,892,17.0,60,-11,Healthy,On,unknown,off,unknown,90.0,0,0,0,0,60.0,23,62.5,60.0,unavailable,unavailable,unavailable
2026-09-07T20:19:45,off,0,0,35,892,17.0,60,5,Healthy,On,unknown,off,unknown,90.0,0,0,0,0,60.0,23,62.5,60.0,unavailable,unavailable,unavailable
2026-09-07T20:20:00,off,0,0,35,892,17.0,60,12,Healthy,On,unknown,off,unknown,90.0,0,0,0,0,60.0,23,62.5,60.0,unavailable,unavailable,unavailable
2026-09-07T20:20:15,off,0,0,35,892,17.0,60,-1,Healthy,On,unknown,off,unknown,90.0,0,0,0,0,60.0,23,62.5,60.0,unavailable,unavailable,unavailable
2026-09-07T20:20:30,off,0,0,35,976,18.6,60,1,Healthy,On,unknown,off,unknown,90.0,0,0,0,0,60.0,23,62.5,60.0,unavailable,unavailable,unavailable
2026-09-07T20:20:46,off,0,0,35,981,18.7,60,-2,Healthy,On,unknown,off,unknown,90.0,0,0,0,0,60.0,23,62.5,60.0,unavailable,unavailable,unavailable
2026-09-07T20:21:01,off,0,0,35,976,18.6,60,6,Healthy,On,unknown,off,unknown,90.0,0,0,0,0,60.0,23,62.5,60.0,unavailable,unavailable,unavailable
2026-09-07T20:21:13,off,0,0,35,966,18.4,60,-6,Healthy,On,unknown,off,unknown,90.0,0,0,0,0,60.0,23,62.5,60.0,unavailable,unavailable,unavailable
2026-09-07T20:21:28,off,0,0,35,960,18.3,60,3,Healthy,On,unknown,off,unknown,90.0,0,0,0,0,60.0,23,62.5,60.0,unavailable,unavailable,unavailable
2026-09-07T20:21:43,off,0,0,35,966,18.4,60,-10,Healthy,On,unknown,off,unknown,90.0,0,0,0,0,60.0,23,62.5,60.0,unavailable,unavailable,unavailable
2026-09-07T20:21:59,off,0,0,35,966,18.4,60,13,Healthy,On,unknown,off,unknown,90.0,0,0,0,0,60.0,23,62.5,60.0,unavailable,unavailable,unavailable
2026-09-07T20:22:14,off,0,0,35,966,18.4,60,-2,Healthy,On,unknown,off,unknown,90.0,0,0,0,0,60.0,23,62.5,60.0,unavailable,unavailable,unavailable
2026-09-07T20:22:29,off,0,0,35,960,18.3,60,-6,Healthy,On,unknown,off,unknown,90.0,0,0,0,0,60.0,23,62.5,60.0,unavailable,unavailable,unavailable
2026-09-07T20:22:44,off,0,0,35,960,18.3,60,0,Healthy,On,unknown,off,unknown,90.0,0,0,0,0,60.0,23,62.5,60.0,unavailable,unavailable,unavailable
2026-09-07T20:23:00,off,0,0,35,966,18.4,60,7,Healthy,On,unknown,off,unknown,90.0,0,0,0,0,60.0,23,62.5,60.0,unavailable,unavailable,unavailable
2026-09-07T20:23:15,off,0,0,35,966,18.4,60,-7,Healthy,On,unknown,off,unknown,90.0,0,0,0,0,60.0,23,62.5,60.0,unavailable,unavailable,unavailable
2026-09-07T20:23:30,off,0,0,35,955,18.2,60,0,Healthy,On,unknown,off,unknown,90.0,0,0,0,0,60.0,23,62.5,60.0,unavailable,unavailable,unavailable
2026-09-07T20:23:45,off,0,0,35,976,18.6,60,14,Healthy,On,unknown,off,unknown,90.0,0,0,0,0,60.0,23,62.5,60.0,unavailable,unavailable,unavailable
2026-09-07T20:24:01,off,0,0,35,966,18.4,60,15,Healthy,On,unknown,off,unknown,90.0,0,0,0,0,60.0,23,62.5,60.0,unavailable,unavailable,unavailable
2026-09-07T20:24:16,off,0,0,35,966,18.4,60,-9,Healthy,On,unknown,off,unknown,90.0,0,0,0,0,60.0,23,62.5,60.0,unavailable,unavailable,unavailable
2026-09-07T20:24:28,off,0,0,35,960,18.3,60,1,Healthy,On,unknown,off,unknown,90.0,0,0,0,0,60.0,23,62.5,60.0,unavailable,unavailable,unavailable
2026-09-07T20:24:43,off,0,0,35,960,18.3,60,-3,Healthy,On,unknown,off,unknown,90.0,0,0,0,0,60.0,23,62.5,60.0,unavailable,unavailable,unavailable
2026-09-07T20:24:59,off,0,0,35,960,18.3,60,3,Healthy,On,unknown,off,unknown,90.0,0,0,0,0,60.0,23,62.5,60.0,unavailable,unavailable,unavailable
2026-09-07T20:25:14,off,0,0,35,966,18.4,60,-4,Healthy,On,unknown,off,unknown,90.0,0,0,0,0,60.0,23,62.5,60.0,unavailable,unavailable,unavailable
2026-09-07T20:25:29,off,0,0,35,966,18.4,60,-10,Healthy,On,unknown,off,unknown,90.0,0,0,0,0,60.0,23,62.5,60.0,unavailable,unavailable,unavailable
2026-09-07T20:25:44,off,0,0,35,966,18.4,60,2,Healthy,On,unknown,off,unknown,90.0,0,0,0,0,60.0,23,62.5,60.0,unavailable,unavailable,unavailable
2026-09-07T20:25:59,off,0,0,35,960,18.3,60,2,Healthy,On,unknown,off,unknown,90.0,0,0,0,0,60.0,23,62.5,60.0,unavailable,unavailable,unavailable
2026-09-07T20:26:15,off,0,0,35,966,18.4,60,-5,Healthy,On,unknown,off,unknown,90.0,0,0,0,0,60.0,23,62.5,60.0,unavailable,unavailable,unavailable
2026-09-07T20:26:30,off,0,0,35,966,18.4,60,-1,Healthy,On,unknown,off,unknown,90.0,0,0,0,0,60.0,23,62.5,60.0,unavailable,unavailable,unavailable
2026-09-07T20:26:45,off,0,0,35,966,18.4,60,10,Healthy,On,unknown,off,unknown,90.0,0,0,0,0,60.0,23,62.5,60.0,unavailable,unavailable,unavailable
2026-09-07T20:27:00,off,0,0,35,960,18.3,60,0,Healthy,On,unknown,off,unknown,90.0,0,0,0,0,60.0,23,62.5,60.0,unavailable,unavailable,unavailable
2026-09-07T20:27:16,off,0,0,35,966,18.4,60,1,Healthy,On,unknown,off,unknown,90.0,0,0,0,0,60.0,23,62.5,60.0,unavailable,unavailable,unavailable
2026-09-07T20:27:31,off,0,0,35,971,18.5,60,10,Healthy,On,unknown,off,unknown,90.0,0,0,0,0,60.0,23,62.5,60.0,unavailable,unavailable,unavailable
2026-09-07T20:27:43,off,0,0,35,966,18.4,60,8,Healthy,On,unknown,off,unknown,90.0,0,0,0,0,60.0,23,62.5,60.0,unavailable,unavailable,unavailable
2026-09-07T20:27:58,off,0,0,35,892,17.0,60,-5,Healthy,On,unknown,off,unknown,90.0,0,0,0,0,60.0,23,62.5,60.0,unavailable,unavailable,unavailable
2026-09-07T20:28:14,off,0,0,35,892,17.0,60,-3,Healthy,On,unknown,off,unknown,90.0,0,0,0,0,60.0,23,62.5,60.0,unavailable,unavailable,unavailable
2026-09-07T20:28:29,off,0,0,35,887,16.9,60,-8,Healthy,On,unknown,off,unknown,90.0,0,0,0,0,60.0,23,62.5,60.0,unavailable,unavailable,unavailable
2026-09-07T20:28:44,off,0,0,35,892,17.0,60,0,Healthy,On,unknown,off,unknown,90.0,0,0,0,0,60.0,23,62.5,60.0,unavailable,unavailable,unavailable
2026-09-07T20:28:59,off,0,0,35,887,16.9,60,-10,Healthy,On,unknown,off,unknown,90.0,0,0,0,0,60.0,23,62.5,60.0,unavailable,unavailable,unavailable
2026-09-07T20:29:15,off,0,0,35,740,14.1,60,-19,Healthy,On,unknown,off,unknown,90.0,0,0,0,0,60.0,23,62.5,60.0,unavailable,unavailable,unavailable
2026-09-07T20:29:30,off,0,0,35,736,14.0,60,8,Healthy,On,unknown,off,unknown,90.0,0,0,0,0,60.0,23,62.5,60.0,unavailable,unavailable,unavailable
2026-09-07T20:29:45,off,0,0,35,741,14.1,60,4,Healthy,On,unknown,off,unknown,90.0,0,0,0,0,60.0,23,62.5,60.0,unavailable,unavailable,unavailable
2026-09-07T20:30:00,off,0,0,35,740,14.1,60,-4,Healthy,On,unknown,off,unknown,90.0,0,0,0,0,60.0,23,62.5,60.0,unavailable,unavailable,unavailable
2026-09-07T20:30:16,off,0,0,35,735,14.0,60,-3,Healthy,On,unknown,off,unknown,90.0,0,0,0,0,60.0,23,62.5,60.0,unavailable,unavailable,unavailable
2026-09-07T20:30:31,off,0,0,35,735,14.0,60,-2,Healthy,On,unknown,off,unknown,90.0,0,0,0,0,60.0,23,62.5,60.0,unavailable,unavailable,unavailable
2026-09-07T20:30:43,off,0,0,35,740,14.1,60,-3,Healthy,On,unknown,off,unknown,90.0,0,0,0,0,60.0,23,62.5,60.0,unavailable,unavailable,unavailable
2026-09-07T20:30:58,off,0,0,35,740,14.1,60,8,Healthy,On,unknown,off,unknown,90.0,0,0,0,0,60.0,23,62.5,60.0,unavailable,unavailable,unavailable
2026-09-07T20:31:14,off,0,0,35,741,14.1,60,-6,Healthy,On,unknown,off,unknown,90.0,0,0,0,0,60.0,23,62.5,60.0,unavailable,unavailable,unavailable
2026-09-07T20:31:29,off,0,0,35,745,14.2,60,6,Healthy,On,unknown,off,unknown,90.0,0,0,0,0,60.0,23,62.5,60.0,unavailable,unavailable,unavailable
2026-09-07T20:31:44,off,0,0,35,731,13.9,60,-10,Healthy,On,unknown,off,unknown,90.0,0,0,0,0,60.0,23,62.5,60.0,unavailable,unavailable,unavailable
2026-09-07T20:31:59,off,0,0,35,736,14.0,60,3,Healthy,On,unknown,off,unknown,90.0,0,0,0,0,60.0,23,62.5,60.0,unavailable,unavailable,unavailable
2026-09-07T20:32:14,off,0,0,35,736,14.0,60,-2,Healthy,On,unknown,off,unknown,90.0,0,0,0,0,60.0,23,62.5,60.0,unavailable,unavailable,unavailable
2026-09-07T20:32:30,off,0,0,35,740,14.1,60,-6,Healthy,On,unknown,off,unknown,90.0,0,0,0,0,60.0,23,62.5,60.0,unavailable,unavailable,unavailable
2026-09-07T20:32:45,off,0,0,35,736,14.0,60,1,Healthy,On,unknown,off,unknown,90.0,0,0,0,0,60.0,23,62.5,60.0,unavailable,unavailable,unavailable
2026-09-07T20:33:00,off,0,0,35,740,14.1,60,-3,Healthy,On,unknown,off,unknown,90.0,0,0,0,0,60.0,23,62.5,60.0,unavailable,unavailable,unavailable
2026-09-07T20:33:15,off,0,0,35,736,14.0,60,-7,Healthy,On,unknown,off,unknown,90.0,0,0,0,0,60.0,23,62.5,60.0,unavailable,unavailable,unavailable
2026-09-07T20:33:31,off,0,0,35,740,14.1,60,5,Healthy,On,unknown,off,unknown,90.0,0,0,0,0,60.0,23,62.5,60.0,unavailable,unavailable,unavailable
2026-09-07T20:33:46,off,0,0,35,752,14.3,60,13,Healthy,On,unknown,off,unknown,90.0,0,0,0,0,60.0,23,62.5,60.0,unavailable,unavailable,unavailable
2026-09-07T20:34:01,off,0,0,35,752,14.3,60,-69,Healthy,On,unknown,off,unknown,90.0,0,0,0,0,60.0,23,62.5,60.0,unavailable,unavailable,unavailable
2026-09-07T20:34:13,off,0,0,35,813,15.5,60,-4,Healthy,On,unknown,off,unknown,90.0,0,0,0,0,60.0,23,62.5,60.0,unavailable,unavailable,unavailable
2026-09-07T20:34:29,off,0,0,35,808,15.4,60,2,Healthy,On,unknown,off,unknown,90.0,0,0,0,0,60.0,23,62.5,60.0,unavailable,unavailable,unavailable
2026-09-07T20:34:44,off,0,0,35,803,15.3,59,6,Healthy,On,unknown,off,unknown,90.0,0,0,0,0,60.0,23,62.5,60.0,unavailable,unavailable,unavailable
2026-09-07T20:34:59,off,0,0,35,803,15.3,59,-1,Healthy,On,unknown,off,unknown,90.0,0,0,0,0,60.0,23,62.5,60.0,unavailable,unavailable,unavailable
2026-09-07T20:35:14,off,0,0,35,803,15.3,59,1,Healthy,On,unknown,off,unknown,90.0,0,0,0,0,60.0,23,62.5,60.0,unavailable,unavailable,unavailable
2026-09-07T20:35:30,off,0,0,35,803,15.3,59,2,Healthy,On,unknown,off,unknown,90.0,0,0,0,0,60.0,23,62.5,60.0,unavailable,unavailable,unavailable
2026-09-07T20:35:45,off,0,0,35,803,15.3,59,7,Healthy,On,unknown,off,unknown,90.0,0,0,0,0,60.0,23,62.5,60.0,unavailable,unavailable,unavailable
2026-09-07T20:36:00,off,0,0,35,794,15.1,59,-8,Healthy,On,unknown,off,unknown,90.0,0,0,0,0,60.0,23,62.5,60.0,unavailable,unavailable,unavailable
2026-09-07T20:36:15,off,0,0,35,803,15.3,59,12,Healthy,On,unknown,off,unknown,90.0,0,0,0,0,60.0,23,62.5,60.0,unavailable,unavailable,unavailable
2026-09-07T20:36:30,off,0,0,35,792,15.1,59,2,Healthy,On,unknown,off,unknown,90.0,0,0,0,0,60.0,23,62.5,60.0,unavailable,unavailable,unavailable
2026-09-07T20:36:46,off,0,0,35,798,15.2,59,9,Healthy,On,unknown,off,unknown,90.0,0,0,0,0,60.0,23,62.5,60.0,unavailable,unavailable,unavailable
2026-09-07T20:37:01,off,0,0,35,787,15.0,59,-1,Healthy,On,unknown,off,unknown,90.0,0,0,0,0,60.0,23,62.5,60.0,unavailable,unavailable,unavailable
2026-09-07T20:37:13,off,0,0,35,803,15.3,59,0,Healthy,On,unknown,off,unknown,90.0,0,0,0,0,60.0,23,62.5,60.0,unavailable,unavailable,unavailable
2026-09-07T20:37:28,off,0,0,35,798,15.2,59,6,Healthy,On,unknown,off,unknown,90.0,0,0,0,0,60.0,23,62.5,60.0,unavailable,unavailable,unavailable
2026-09-07T20:37:44,off,0,0,35,792,15.1,59,-1,Healthy,On,unknown,off,unknown,90.0,0,0,0,0,60.0,23,62.5,60.0,unavailable,unavailable,unavailable
2026-09-07T20:37:59,off,0,0,35,787,15.0,59,-14,Healthy,On,unknown,off,unknown,90.0,0,0,0,0,60.0,23,62.5,60.0,unavailable,unavailable,unavailable
2026-09-07T20:38:14,off,0,0,35,803,15.3,59,13,Healthy,On,unknown,off,unknown,90.0,0,0,0,0,60.0,23,62.5,60.0,unavailable,unavailable,unavailable
2026-09-07T20:38:29,off,0,0,35,792,15.1,59,8,Healthy,On,unknown,off,unknown,90.0,0,0,0,0,60.0,23,62.5,60.0,unavailable,unavailable,unavailable
2026-09-07T20:38:45,off,0,0,35,799,15.2,59,3,Healthy,On,unknown,off,unknown,90.0,0,0,0,0,60.0,23,62.5,60.0,unavailable,unavailable,unavailable
2026-09-07T20:39:00,off,0,0,35,792,15.1,59,-3,Healthy,On,unknown,off,unknown,90.0,0,0,0,0,60.0,23,62.5,60.0,unavailable,unavailable,unavailable
2026-09-07T20:39:15,off,0,0,35,798,15.2,59,-14,Healthy,On,unknown,off,unknown,90.0,0,0,0,0,60.0,23,62.5,60.0,unavailable,unavailable,unavailable
2026-09-07T20:39:30,off,0,0,35,1018,19.4,59,0,Healthy,On,unknown,off,unknown,90.0,0,0,0,0,60.0,23,62.5,60.0,unavailable,unavailable,unavailable
2026-09-07T20:39:46,off,0,0,35,1023,19.5,59,0,Healthy,On,unknown,off,unknown,90.0,0,0,0,0,60.0,23,62.5,60.0,unavailable,unavailable,unavailable
2026-09-07T20:40:01,off,0,0,35,1013,19.3,59,1,Healthy,On,unknown,off,unknown,90.0,0,0,0,0,60.0,23,62.5,60.0,unavailable,unavailable,unavailable
2026-09-07T20:40:13,off,0,0,35,1021,19.5,59,8,Healthy,On,unknown,off,unknown,90.0,0,0,0,0,60.0,23,62.5,60.0,unavailable,unavailable,unavailable
2026-09-07T20:40:28,off,0,0,35,1013,19.3,59,-3,Healthy,On,unknown,off,unknown,90.0,0,0,0,0,60.0,23,62.5,60.0,unavailable,unavailable,unavailable
2026-09-07T20:40:44,off,0,0,35,1008,19.2,59,-5,Healthy,On,unknown,off,unknown,90.0,0,0,0,0,60.0,23,62.5,60.0,unavailable,unavailable,unavailable
2026-09-07T20:40:59,off,0,0,35,1013,19.3,59,4,Healthy,On,unknown,off,unknown,90.0,0,0,0,0,60.0,23,62.5,60.0,unavailable,unavailable,unavailable
2026-09-07T20:41:14,off,0,0,35,1013,19.3,59,-4,Healthy,On,unknown,off,unknown,90.0,0,0,0,0,60.0,23,62.5,60.0,unavailable,unavailable,unavailable
2026-09-07T20:41:29,off,0,0,35,1013,19.3,59,14,Healthy,On,unknown,off,unknown,90.0,0,0,0,0,60.0,23,62.5,60.0,unavailable,unavailable,unavailable
2026-09-07T20:41:45,off,0,0,35,966,18.4,59,32,Healthy,On,unknown,off,unknown,90.0,0,0,0,0,60.0,23,62.5,60.0,unavailable,unavailable,unavailable
2026-09-07T20:42:00,off,0,0,35,939,17.9,59,-5,Healthy,On,unknown,off,unknown,90.0,0,0,0,0,60.0,23,62.5,60.0,unavailable,unavailable,unavailable
2026-09-07T20:42:15,off,0,0,35,939,17.9,59,-2,Healthy,On,unknown,off,unknown,90.0,0,0,0,0,60.0,23,62.5,60.0,unavailable,unavailable,unavailable
2026-09-07T20:42:30,off,0,0,35,924,17.6,59,-5,Healthy,On,unknown,off,unknown,90.0,0,0,0,0,60.0,23,62.5,60.0,unavailable,unavailable,unavailable
2026-09-07T20:42:45,off,0,0,35,939,17.9,59,6,Healthy,On,unknown,off,unknown,90.0,0,0,0,0,60.0,23,62.5,60.0,unavailable,unavailable,unavailable
2026-09-07T20:43:01,off,0,0,35,929,17.7,59,2,Healthy,On,unknown,off,unknown,90.0,0,0,0,0,60.0,23,62.5,60.0,unavailable,unavailable,unavailable
2026-09-07T20:43:16,off,0,0,35,934,17.8,59,-2,Healthy,On,unknown,off,unknown,90.0,0,0,0,0,60.0,23,62.5,60.0,unavailable,unavailable,unavailable
2026-09-07T20:43:43,off,0,0,35,939,17.9,59,6,Healthy,On,unknown,off,unknown,90.0,0,0,0,0,60.0,23,62.5,60.0,unavailable,unavailable,unavailable
2026-09-07T20:43:59,off,0,0,35,924,17.6,59,-2,Healthy,On,unknown,off,unknown,90.0,0,0,0,0,60.0,23,62.5,60.0,unavailable,unavailable,unavailable
2026-09-07T20:44:14,off,0,0,35,929,17.7,59,-13,Healthy,On,unknown,off,unknown,90.0,0,0,0,0,60.0,23,62.5,60.0,unavailable,unavailable,unavailable
2026-09-07T20:44:29,off,0,0,35,924,17.6,59,-2,Healthy,On,unknown,off,unknown,90.0,0,0,0,0,60.0,23,62.5,60.0,unavailable,unavailable,unavailable
2026-09-07T20:44:44,off,0,0,35,924,17.6,59,-5,Healthy,On,unknown,off,unknown,90.0,0,0,0,0,60.0,23,62.5,60.0,unavailable,unavailable,unavailable
2026-09-07T20:45:00,off,0,0,35,924,17.6,59,4,Healthy,On,unknown,off,unknown,90.0,0,0,0,0,60.0,23,62.5,60.0,unavailable,unavailable,unavailable
2026-09-07T20:45:15,off,0,0,35,924,17.6,59,5,Healthy,On,unknown,off,unknown,90.0,0,0,0,0,60.0,23,62.5,60.0,unavailable,unavailable,unavailable
2026-09-07T20:45:30,off,0,0,35,924,17.6,59,-6,Healthy,On,unknown,off,unknown,90.0,0,0,0,0,60.0,23,62.5,60.0,unavailable,unavailable,unavailable
2026-09-07T20:45:45,off,0,0,35,913,17.4,59,1,Healthy,On,unknown,off,unknown,90.0,0,0,0,0,60.0,23,62.5,60.0,unavailable,unavailable,unavailable
2026-09-07T20:46:01,off,0,0,35,929,17.7,59,4,Healthy,On,unknown,off,unknown,90.0,0,0,0,0,60.0,23,62.5,60.0,unavailable,unavailable,unavailable
2026-09-07T20:46:16,off,0,0,35,955,18.2,59,-43,Healthy,On,unknown,off,unknown,90.0,0,0,0,0,60.0,23,62.5,60.0,unavailable,unavailable,unavailable
2026-09-07T20:46:28,off,0,0,35,976,18.6,59,2,Healthy,On,unknown,off,unknown,90.0,0,0,0,0,60.0,23,62.5,60.0,unavailable,unavailable,unavailable
2026-09-07T20:46:43,off,0,0,35,971,18.5,59,-4,Healthy,On,unknown,off,unknown,90.0,0,0,0,0,60.0,23,62.5,60.0,unavailable,unavailable,unavailable
2026-09-07T20:46:59,off,0,0,35,987,18.8,59,12,Healthy,On,unknown,off,unknown,90.0,0,0,0,0,60.0,23,62.5,60.0,unavailable,unavailable,unavailable
2026-09-07T20:47:14,off,0,0,35,976,18.6,59,-1,Healthy,On,unknown,off,unknown,90.0,0,0,0,0,60.0,23,62.5,60.0,unavailable,unavailable,unavailable
2026-09-07T20:47:29,off,0,0,35,981,18.7,59,-4,Healthy,On,unknown,off,unknown,90.0,0,0,0,0,60.0,23,62.5,60.0,unavailable,unavailable,unavailable
2026-09-07T20:47:44,off,0,0,35,1029,19.6,59,-118,Healthy,On,unknown,off,unknown,90.0,0,0,0,0,60.0,23,62.5,60.0,unavailable,unavailable,unavailable
2026-09-07T20:48:09,off,0,0,35,1055,20.1,100,167,Degraded,unknown,unknown,off,unknown,90.0,0,0,0,0,60.0,23,62.5,60.0,unavailable,unavailable,unavailable
2026-09-07T20:48:15,off,0,0,35,-3134,58.7,100,-3948,Degraded,On,unknown,off,unknown,90.0,0,0,0,0,60.0,23,62.5,60.0,unavailable,unavailable,unavailable
2026-09-07T20:48:30,off,0,0,35,850,16.2,59,7,Degraded,On,unknown,off,unknown,90.0,0,0,0,0,60.0,23,62.5,60.0,unavailable,unavailable,unavailable
2026-09-07T20:48:45,off,0,0,35,855,16.3,59,-4,Degraded,On,unknown,off,unknown,90.0,0,0,0,0,60.0,23,62.5,60.0,unavailable,unavailable,unavailable
2026-09-07T20:49:00,off,0,0,35,861,16.4,59,-1,Degraded,On,unknown,off,unknown,90.0,0,0,0,0,60.0,23,62.5,60.0,unavailable,unavailable,unavailable
2026-09-07T20:49:16,off,0,0,35,861,16.4,59,-10,Degraded,On,unknown,off,unknown,90.0,0,0,0,0,60.0,23,62.5,60.0,unavailable,unavailable,unavailable
2026-09-07T20:49:31,off,0,0,35,850,16.2,59,1,Degraded,On,unknown,off,unknown,90.0,0,0,0,0,60.0,23,62.5,60.0,unavailable,unavailable,unavailable
2026-09-07T20:49:43,off,0,0,35,855,16.3,59,0,Degraded,On,unknown,off,unknown,90.0,0,0,0,0,60.0,23,62.5,60.0,unavailable,unavailable,unavailable
2026-09-07T20:49:58,off,0,0,35,855,16.3,59,-3,Degraded,On,unknown,off,unknown,90.0,0,0,0,0,60.0,23,62.5,60.0,unavailable,unavailable,unavailable
2026-09-07T20:50:14,off,0,0,35,871,16.6,59,9,Degraded,On,unknown,off,unknown,90.0,0,0,0,0,60.0,23,62.5,60.0,unavailable,unavailable,unavailable
2026-09-07T20:50:29,off,0,0,35,987,18.8,59,43,Degraded,On,unknown,off,unknown,90.0,0,0,0,0,60.0,23,62.5,60.0,unavailable,unavailable,unavailable
2026-09-07T20:50:44,off,0,0,35,1008,19.2,59,1,Degraded,On,unknown,off,unknown,90.0,0,0,0,0,60.0,23,62.5,60.0,unavailable,unavailable,unavailable
2026-09-07T20:50:59,off,0,0,35,1018,19.4,59,5,Degraded,On,unknown,off,unknown,90.0,0,0,0,0,60.0,23,62.5,60.0,unavailable,unavailable,unavailable
2026-09-07T20:51:15,off,0,0,35,1021,19.5,59,5,Degraded,On,unknown,off,unknown,90.0,0,0,0,0,60.0,23,62.5,60.0,unavailable,unavailable,unavailable
2026-09-07T20:51:30,off,0,0,35,1037,19.8,59,7,Degraded,On,unknown,off,unknown,90.0,0,0,0,0,60.0,23,62.5,60.0,unavailable,unavailable,unavailable
2026-09-07T20:51:45,off,0,0,35,1023,19.5,59,14,Degraded,On,unknown,off,unknown,90.0,0,0,0,0,60.0,23,62.5,60.0,unavailable,unavailable,unavailable
2026-09-07T20:52:00,off,0,0,35,1023,19.5,59,-5,Degraded,On,unknown,off,unknown,90.0,0,0,0,0,60.0,23,62.5,60.0,unavailable,unavailable,unavailable
2026-09-07T20:52:16,off,0,0,35,1018,19.4,59,-14,Degraded,On,unknown,off,unknown,90.0,0,0,0,0,60.0,23,62.5,60.0,unavailable,unavailable,unavailable
2026-09-07T20:52:31,off,0,0,35,1018,19.4,59,-3,Degraded,On,unknown,off,unknown,90.0,0,0,0,0,60.0,23,62.5,60.0,unavailable,unavailable,unavailable
2026-09-07T20:52:43,off,0,0,35,1018,19.4,59,7,Degraded,On,unknown,off,unknown,90.0,0,0,0,0,60.0,23,62.5,60.0,unavailable,unavailable,unavailable
2026-09-07T20:52:58,off,0,0,35,1011,19.3,59,-36,Degraded,On,unknown,off,unknown,90.0,0,0,0,0,60.0,23,62.5,60.0,unavailable,unavailable,unavailable
2026-09-07T20:53:13,off,0,0,35,1074,20.5,59,71,Degraded,On,unknown,off,unknown,90.0,0,0,0,0,60.0,23,62.5,60.0,unavailable,unavailable,unavailable
2026-09-07T20:53:29,off,0,0,35,1210,23.1,59,139,Degraded,On,unknown,off,unknown,90.0,0,0,0,0,60.0,23,62.5,60.0,unavailable,unavailable,unavailable
2026-09-07T20:53:44,off,0,0,35,1048,20.0,59,25,Degraded,On,unknown,off,unknown,90.0,0,0,0,0,60.0,23,62.5,60.0,unavailable,unavailable,unavailable
2026-09-07T20:53:59,off,0,0,35,1002,19.1,58,-2,Degraded,On,unknown,off,unknown,90.0,0,0,0,0,60.0,23,62.5,60.0,unavailable,unavailable,unavailable
2026-09-07T20:54:14,off,0,0,35,1011,19.3,58,-3,Degraded,On,unknown,off,unknown,90.0,0,0,0,0,60.0,23,62.5,60.0,unavailable,unavailable,unavailable
2026-09-07T20:54:30,off,0,0,35,1367,26.1,58,311,Degraded,On,unknown,off,unknown,90.0,0,0,0,0,60.0,23,62.5,60.0,unavailable,unavailable,unavailable
2026-09-07T20:54:45,off,0,0,35,1210,23.1,58,-3,Degraded,On,unknown,off,unknown,90.0,0,0,0,0,60.0,23,62.5,60.0,unavailable,unavailable,unavailable
2026-09-07T20:55:00,off,0,0,35,2176,41.7,58,-239,Degraded,On,unknown,off,unknown,90.0,0,0,0,0,60.0,23,62.5,60.0,unavailable,unavailable,unavailable
2026-09-07T20:55:15,off,0,0,35,1516,29.0,58,-138,Degraded,On,unknown,off,unknown,90.0,0,0,0,0,60.0,23,62.5,60.0,unavailable,unavailable,unavailable
2026-09-07T20:55:31,off,0,0,35,1422,27.2,58,101,Degraded,On,unknown,off,unknown,90.0,0,0,0,0,60.0,23,62.5,60.0,unavailable,unavailable,unavailable
2026-09-07T20:55:46,off,0,0,35,1307,25.0,58,5,Degraded,On,unknown,off,unknown,90.0,0,0,0,0,60.0,23,62.5,60.0,unavailable,unavailable,unavailable
2026-09-07T20:55:58,off,0,0,35,1252,23.9,58,48,Degraded,On,unknown,off,unknown,90.0,0,0,0,0,60.0,23,62.5,60.0,unavailable,unavailable,unavailable
2026-09-07T20:56:14,off,0,0,35,1205,23.0,58,13,Degraded,On,unknown,off,unknown,90.0,0,0,0,0,60.0,23,62.5,60.0,unavailable,unavailable,unavailable
2026-09-07T20:56:29,off,0,0,35,1194,22.8,58,32,Degraded,On,unknown,off,unknown,90.0,0,0,0,0,60.0,23,62.5,60.0,unavailable,unavailable,unavailable
2026-09-07T20:56:44,off,0,0,35,1231,23.5,58,21,Degraded,On,unknown,off,unknown,90.0,0,0,0,0,60.0,23,62.5,60.0,unavailable,unavailable,unavailable
2026-09-07T20:57:00,off,0,0,35,1163,22.2,58,-131,Degraded,On,unknown,off,unknown,90.0,0,0,0,0,60.0,23,62.5,60.0,unavailable,unavailable,unavailable
2026-09-07T20:57:15,off,0,0,35,1194,22.8,58,-2,Degraded,On,unknown,off,unknown,90.0,0,0,0,0,60.0,23,62.5,60.0,unavailable,unavailable,unavailable
2026-09-07T20:57:30,off,0,0,35,1184,22.6,58,41,Degraded,On,unknown,off,unknown,90.0,0,0,0,0,60.0,23,62.5,60.0,unavailable,unavailable,unavailable
2026-09-07T20:57:46,off,0,0,35,1215,23.2,58,65,Degraded,On,unknown,off,unknown,90.0,0,0,0,0,60.0,23,62.5,60.0,unavailable,unavailable,unavailable
2026-09-07T20:57:58,off,0,0,35,1179,22.5,58,17,Degraded,On,unknown,off,unknown,90.0,0,0,0,0,60.0,23,62.5,60.0,unavailable,unavailable,unavailable
2026-09-07T20:58:13,off,0,0,35,1163,22.2,58,2,Healthy,On,unknown,off,unknown,90.0,0,0,0,0,60.0,23,62.5,60.0,unavailable,unavailable,unavailable
2026-09-07T20:58:29,off,0,0,35,1220,23.3,58,-218,Healthy,On,unknown,off,unknown,90.0,0,0,0,0,60.0,23,62.5,60.0,unavailable,unavailable,unavailable
2026-09-07T20:58:44,off,0,0,35,1194,22.8,58,0,Healthy,On,unknown,off,unknown,90.0,0,0,0,0,60.0,23,62.5,60.0,unavailable,unavailable,unavailable
2026-09-07T20:58:59,off,0,0,35,1241,23.7,58,53,Healthy,On,unknown,off,unknown,90.0,0,0,0,0,60.0,23,62.5,60.0,unavailable,unavailable,unavailable
2026-09-07T20:59:15,off,0,0,35,1241,23.7,58,-185,Healthy,On,unknown,off,unknown,90.0,0,0,0,0,60.0,23,62.5,60.0,unavailable,unavailable,unavailable
2026-09-07T20:59:30,off,0,0,35,1257,24.0,58,-60,Healthy,On,unknown,off,unknown,90.0,0,0,0,0,60.0,23,62.5,60.0,unavailable,unavailable,unavailable
2026-09-07T20:59:45,off,0,0,35,1257,24.0,58,-203,Healthy,On,unknown,off,unknown,90.0,0,0,0,0,60.0,23,62.5,60.0,unavailable,unavailable,unavailable
2026-09-07T21:00:01,off,0,0,35,1215,23.2,58,-54,Healthy,On,unknown,off,unknown,90.0,0,0,0,0,60.0,23,62.5,60.0,unavailable,unavailable,unavailable
2026-09-07T21:00:16,off,0,0,35,1189,22.7,58,-139,Healthy,On,unknown,off,unknown,90.0,0,0,0,0,60.0,23,62.5,60.0,unavailable,unavailable,unavailable
2026-09-07T21:00:28,off,0,0,35,1273,24.3,58,-24,Healthy,On,unknown,off,unknown,90.0,0,0,0,0,60.0,23,62.5,60.0,unavailable,unavailable,unavailable
2026-09-07T21:00:43,off,0,0,35,1443,27.6,58,-26,Healthy,On,unknown,off,unknown,90.0,0,0,0,0,60.0,23,62.5,60.0,unavailable,unavailable,unavailable
2026-09-07T21:00:59,off,0,0,35,1281,24.5,58,-27,Healthy,On,unknown,off,unknown,90.0,0,0,0,0,60.0,23,62.5,60.0,unavailable,unavailable,unavailable
2026-09-07T21:01:14,off,0,0,35,1448,27.7,58,251,Healthy,On,unknown,off,unknown,90.0,0,0,0,0,60.0,23,62.5,60.0,unavailable,unavailable,unavailable
2026-09-07T21:01:29,off,0,0,35,1226,23.4,58,46,Healthy,On,unknown,off,unknown,90.0,0,0,0,0,60.0,23,62.5,60.0,unavailable,unavailable,unavailable
2026-09-07T21:01:45,off,0,0,35,1344,25.7,58,26,Healthy,On,unknown,off,unknown,90.0,0,0,0,0,60.0,23,62.5,60.0,unavailable,unavailable,unavailable
2026-09-07T21:02:00,off,0,0,35,1294,24.7,58,-125,Healthy,On,unknown,off,unknown,90.0,0,0,0,0,60.0,23,62.5,60.0,unavailable,unavailable,unavailable
2026-09-07T21:02:15,off,0,0,35,1336,25.5,58,-1,Healthy,On,unknown,off,unknown,90.0,0,0,0,0,60.0,23,62.5,60.0,unavailable,unavailable,unavailable
2026-09-07T21:02:31,off,0,0,35,1375,26.3,58,115,Healthy,On,unknown,off,unknown,90.0,0,0,0,0,60.0,23,62.5,60.0,unavailable,unavailable,unavailable
2026-09-07T21:02:46,off,0,0,35,1380,26.4,58,45,Healthy,On,unknown,off,unknown,90.0,0,0,0,0,60.0,23,62.5,60.0,unavailable,unavailable,unavailable
2026-09-07T21:02:58,off,0,0,35,1396,26.7,58,105,Healthy,On,unknown,off,unknown,90.0,0,0,0,0,60.0,23,62.5,60.0,unavailable,unavailable,unavailable
2026-09-07T21:03:13,off,0,0,35,1359,26.0,58,52,Healthy,On,unknown,off,unknown,90.0,0,0,0,0,60.0,23,62.5,60.0,unavailable,unavailable,unavailable
2026-09-07T21:03:29,off,0,0,35,1359,26.0,58,18,Healthy,On,unknown,off,unknown,90.0,0,0,0,0,60.0,23,62.5,60.0,unavailable,unavailable,unavailable
2026-09-07T21:03:44,off,0,0,35,1323,25.3,58,44,Healthy,On,unknown,off,unknown,90.0,0,0,0,0,60.0,23,62.5,60.0,unavailable,unavailable,unavailable
2026-09-07T21:03:59,off,0,0,35,1344,25.7,58,73,Healthy,On,unknown,off,unknown,90.0,0,0,0,0,60.0,23,62.5,60.0,unavailable,unavailable,unavailable
2026-09-07T21:04:15,off,0,0,35,1375,26.3,58,-48,Healthy,On,unknown,off,unknown,90.0,0,0,0,0,60.0,23,62.5,60.0,unavailable,unavailable,unavailable
2026-09-07T21:04:30,off,0,0,35,1328,25.4,58,-125,Healthy,On,unknown,off,unknown,90.0,0,0,0,0,60.0,23,62.5,60.0,unavailable,unavailable,unavailable
2026-09-07T21:04:45,off,0,0,35,1412,27.0,58,14,Healthy,On,unknown,off,unknown,90.0,0,0,0,0,60.0,23,62.5,60.0,unavailable,unavailable,unavailable
2026-09-07T21:05:00,off,0,0,35,1307,25.0,58,-52,Healthy,On,unknown,off,unknown,90.0,0,0,0,0,60.0,23,62.5,60.0,unavailable,unavailable,unavailable
2026-09-07T21:05:16,off,0,0,35,1365,26.1,58,76,Healthy,On,unknown,off,unknown,90.0,0,0,0,0,60.0,23,62.5,60.0,unavailable,unavailable,unavailable
2026-09-07T21:05:31,off,0,0,35,1344,25.7,58,7,Healthy,On,unknown,off,unknown,90.0,0,0,0,0,60.0,23,62.5,60.0,unavailable,unavailable,unavailable
2026-09-07T21:05:46,off,0,0,35,1401,26.8,58,-9,Healthy,On,unknown,off,unknown,90.0,0,0,0,0,60.0,23,62.5,60.0,unavailable,unavailable,unavailable
2026-09-07T21:05:58,off,0,0,35,1448,27.7,58,133,Healthy,On,unknown,off,unknown,90.0,0,0,0,0,60.0,23,62.5,60.0,unavailable,unavailable,unavailable
2026-09-07T21:06:13,off,0,0,35,1359,26.0,58,50,Healthy,On,unknown,off,unknown,90.0,0,0,0,0,60.0,23,62.5,60.0,unavailable,unavailable,unavailable
2026-09-07T21:06:29,off,0,0,35,1328,25.4,58,11,Healthy,On,unknown,off,unknown,90.0,0,0,0,0,60.0,23,62.5,60.0,unavailable,unavailable,unavailable
2026-09-07T21:06:44,off,0,0,35,1412,27.0,58,-103,Healthy,On,unknown,off,unknown,90.0,0,0,0,0,60.0,23,62.5,60.0,unavailable,unavailable,unavailable
2026-09-07T21:06:59,off,0,0,35,1370,26.2,58,74,Healthy,On,unknown,off,unknown,90.0,0,0,0,0,60.0,23,62.5,60.0,unavailable,unavailable,unavailable
2026-09-07T21:07:15,off,0,0,35,1323,25.3,58,38,Healthy,On,unknown,off,unknown,90.0,0,0,0,0,60.0,23,62.5,60.0,unavailable,unavailable,unavailable
2026-09-07T21:07:30,off,0,0,35,1422,27.2,58,26,Healthy,On,unknown,off,unknown,90.0,0,0,0,0,60.0,23,62.5,60.0,unavailable,unavailable,unavailable
2026-09-07T21:07:45,off,0,0,35,1380,26.4,57,-57,Healthy,On,unknown,off,unknown,90.0,0,0,0,0,60.0,23,62.5,60.0,unavailable,unavailable,unavailable
2026-09-07T21:08:00,off,0,0,35,1375,26.3,57,43,Healthy,On,unknown,off,unknown,90.0,0,0,0,0,60.0,23,62.5,60.0,unavailable,unavailable,unavailable
2026-09-07T21:08:31,off,0,0,35,1406,26.9,57,-178,Healthy,On,unknown,off,unknown,90.0,0,0,0,0,60.0,23,62.5,60.0,unavailable,unavailable,unavailable
2026-09-07T21:08:46,off,0,0,35,1349,25.8,57,-97,Healthy,On,unknown,off,unknown,90.0,0,0,0,0,60.0,23,62.5,60.0,unavailable,unavailable,unavailable
2026-09-07T21:08:58,off,0,0,35,1365,26.1,57,-110,Healthy,On,unknown,off,unknown,90.0,0,0,0,0,60.0,23,62.5,60.0,unavailable,unavailable,unavailable
2026-09-07T21:09:13,off,0,0,35,1412,27.0,57,22,Healthy,On,unknown,off,unknown,90.0,0,0,0,0,60.0,23,62.5,60.0,unavailable,unavailable,unavailable
2026-09-07T21:09:29,off,0,0,35,1401,26.8,57,-5,Healthy,On,unknown,off,unknown,90.0,0,0,0,0,60.0,23,62.5,60.0,unavailable,unavailable,unavailable
2026-09-07T21:09:44,off,0,0,35,1365,26.1,57,-105,Healthy,On,unknown,off,unknown,90.0,0,0,0,0,60.0,23,62.5,60.0,unavailable,unavailable,unavailable
2026-09-07T21:09:59,off,0,0,35,1278,24.4,57,-87,Healthy,On,unknown,off,unknown,90.0,0,0,0,0,60.0,23,62.5,60.0,unavailable,unavailable,unavailable
2026-09-07T21:10:14,off,0,0,35,1276,24.4,57,-69,Healthy,On,unknown,off,unknown,90.0,0,0,0,0,60.0,23,62.5,60.0,unavailable,unavailable,unavailable
2026-09-07T21:10:30,off,0,0,35,1317,25.2,57,64,Healthy,On,unknown,off,unknown,90.0,0,0,0,0,60.0,23,62.5,60.0,unavailable,unavailable,unavailable
2026-09-07T21:10:45,off,0,0,35,1365,26.1,57,99,Healthy,On,unknown,off,unknown,90.0,0,0,0,0,60.0,23,62.5,60.0,unavailable,unavailable,unavailable
2026-09-07T21:11:00,off,0,0,35,1247,23.8,57,37,Healthy,On,unknown,off,unknown,90.0,0,0,0,0,60.0,23,62.5,60.0,unavailable,unavailable,unavailable
2026-09-07T21:11:15,off,0,0,35,1291,24.7,57,-108,Healthy,On,unknown,off,unknown,90.0,0,0,0,0,60.0,23,62.5,60.0,unavailable,unavailable,unavailable
2026-09-07T21:11:31,off,0,0,35,1270,24.3,57,32,Healthy,On,unknown,off,unknown,90.0,0,0,0,0,60.0,23,62.5,60.0,unavailable,unavailable,unavailable
2026-09-07T21:11:46,off,0,0,35,1252,23.9,100,-114,Healthy,On,unknown,off,unknown,90.0,0,0,0,0,60.0,23,62.5,60.0,unavailable,unavailable,unavailable
2026-09-07T21:11:58,off,0,0,35,1359,26.0,57,129,Healthy,On,unknown,off,unknown,90.0,0,0,0,0,60.0,23,62.5,60.0,unavailable,unavailable,unavailable
2026-09-07T21:12:13,off,0,0,35,1273,24.3,57,14,Healthy,On,unknown,off,unknown,90.0,0,0,0,0,60.0,23,62.5,60.0,unavailable,unavailable,unavailable
2026-09-07T21:12:29,off,0,0,35,1226,23.4,57,-45,Healthy,On,unknown,off,unknown,90.0,0,0,0,0,60.0,23,62.5,60.0,unavailable,unavailable,unavailable
2026-09-07T21:12:44,off,0,0,35,1385,26.5,57,75,Healthy,On,unknown,off,unknown,90.0,0,0,0,0,60.0,23,62.5,60.0,unavailable,unavailable,unavailable
2026-09-07T21:12:59,off,0,0,35,1194,22.8,57,0,Healthy,On,unknown,off,unknown,90.0,0,0,0,0,60.0,23,62.5,60.0,unavailable,unavailable,unavailable
2026-09-07T21:13:14,off,0,0,35,1297,24.8,57,94,Healthy,On,unknown,off,unknown,90.0,0,0,0,0,60.0,23,62.5,60.0,unavailable,unavailable,unavailable
2026-09-07T21:13:30,off,0,0,35,1220,23.3,57,44,Healthy,On,unknown,off,unknown,90.0,0,0,0,0,60.0,23,62.5,60.0,unavailable,unavailable,unavailable
2026-09-07T21:13:45,off,0,0,35,1220,23.3,57,23,Healthy,On,unknown,off,unknown,90.0,0,0,0,0,60.0,23,62.5,60.0,unavailable,unavailable,unavailable
2026-09-07T21:14:00,off,0,0,35,1220,23.3,57,46,Healthy,On,unknown,off,unknown,90.0,0,0,0,0,60.0,23,62.5,60.0,unavailable,unavailable,unavailable
2026-09-07T21:14:15,off,0,0,35,1247,23.8,57,38,Healthy,On,unknown,off,unknown,90.0,0,0,0,0,60.0,23,62.5,60.0,unavailable,unavailable,unavailable
2026-09-07T21:14:31,off,0,0,35,1270,24.3,57,-45,Healthy,On,unknown,off,unknown,90.0,0,0,0,0,60.0,23,62.5,60.0,unavailable,unavailable,unavailable
2026-09-07T21:14:46,off,0,0,35,1299,24.8,57,43,Healthy,On,unknown,off,unknown,90.0,0,0,0,0,60.0,23,62.5,60.0,unavailable,unavailable,unavailable
2026-09-07T21:15:01,off,0,0,35,1417,27.1,57,82,Healthy,On,unknown,off,unknown,90.0,0,0,0,0,60.0,23,62.5,60.0,unavailable,unavailable,unavailable
2026-09-07T21:15:13,off,0,0,35,1220,23.3,57,-278,Healthy,On,unknown,off,unknown,90.0,0,0,0,0,60.0,23,62.5,60.0,unavailable,unavailable,unavailable
2026-09-07T21:15:29,off,0,0,35,1260,24.1,57,42,Healthy,On,unknown,off,unknown,90.0,0,0,0,0,60.0,23,62.5,60.0,unavailable,unavailable,unavailable
2026-09-07T21:15:44,off,0,0,35,1223,23.4,57,-145,Healthy,On,unknown,off,unknown,90.0,0,0,0,0,60.0,23,62.5,60.0,unavailable,unavailable,unavailable
2026-09-07T21:15:59,off,0,0,35,1370,26.2,57,67,Healthy,On,unknown,off,unknown,90.0,0,0,0,0,60.0,23,62.5,60.0,unavailable,unavailable,unavailable
2026-09-07T21:16:14,off,0,0,35,1412,27.0,57,60,Healthy,On,unknown,off,unknown,90.0,0,0,0,0,60.0,23,62.5,60.0,unavailable,unavailable,unavailable
2026-09-07T21:16:29,off,0,0,35,1310,25.0,57,-107,Healthy,On,unknown,off,unknown,90.0,0,0,0,0,60.0,23,62.5,60.0,unavailable,unavailable,unavailable
2026-09-07T21:16:45,off,0,0,35,1375,26.3,57,75,Healthy,On,unknown,off,unknown,90.0,0,0,0,0,60.0,23,62.5,60.0,unavailable,unavailable,unavailable
2026-09-07T21:17:00,off,0,0,35,1354,25.9,57,9,Healthy,On,unknown,off,unknown,90.0,0,0,0,0,60.0,23,62.5,60.0,unavailable,unavailable,unavailable
2026-09-07T21:17:15,off,0,0,35,1422,27.2,57,-245,Healthy,On,unknown,off,unknown,90.0,0,0,0,0,60.0,23,62.5,60.0,unavailable,unavailable,unavailable
2026-09-07T21:17:30,off,0,0,35,1247,23.8,57,-9,Healthy,On,unknown,off,unknown,90.0,0,0,0,0,60.0,23,62.5,60.0,unavailable,unavailable,unavailable
2026-09-07T21:17:46,off,0,0,35,1255,24.0,57,-63,Healthy,On,unknown,off,unknown,90.0,0,0,0,0,60.0,23,62.5,60.0,unavailable,unavailable,unavailable
2026-09-07T21:18:01,off,0,0,35,1516,29.0,57,286,Healthy,On,unknown,off,unknown,90.0,0,0,0,0,60.0,23,62.5,60.0,unavailable,unavailable,unavailable
2026-09-07T21:18:13,off,0,0,35,1333,25.5,57,-38,Healthy,On,unknown,off,unknown,90.0,0,0,0,0,60.0,23,62.5,60.0,unavailable,unavailable,unavailable
2026-09-07T21:18:28,off,0,0,35,1276,24.4,57,39,Healthy,On,unknown,off,unknown,90.0,0,0,0,0,60.0,23,62.5,60.0,unavailable,unavailable,unavailable
2026-09-07T21:18:44,off,0,0,35,1474,28.2,57,160,Healthy,On,unknown,off,unknown,90.0,0,0,0,0,60.0,23,62.5,60.0,unavailable,unavailable,unavailable
2026-09-07T21:18:59,off,0,0,35,1291,24.7,57,45,Healthy,On,unknown,off,unknown,90.0,0,0,0,0,60.0,23,62.5,60.0,unavailable,unavailable,unavailable
2026-09-07T21:19:14,off,0,0,35,1229,23.5,57,-39,Healthy,On,unknown,off,unknown,90.0,0,0,0,0,60.0,23,62.5,60.0,unavailable,unavailable,unavailable
2026-09-07T21:19:29,off,0,0,35,1359,26.0,57,57,Healthy,On,unknown,off,unknown,90.0,0,0,0,0,60.0,23,62.5,60.0,unavailable,unavailable,unavailable
2026-09-07T21:19:45,off,0,0,35,1249,23.9,57,0,Healthy,On,unknown,off,unknown,90.0,0,0,0,0,60.0,23,62.5,60.0,unavailable,unavailable,unavailable
2026-09-07T21:20:00,off,0,0,35,1215,23.2,57,-41,Healthy,On,unknown,off,unknown,90.0,0,0,0,0,60.0,23,62.5,60.0,unavailable,unavailable,unavailable
2026-09-07T21:20:15,off,0,0,35,1276,24.4,57,25,Healthy,On,unknown,off,unknown,90.0,0,0,0,0,60.0,23,62.5,60.0,unavailable,unavailable,unavailable
2026-09-07T21:20:30,off,0,0,35,1328,25.4,57,80,Healthy,On,unknown,off,unknown,90.0,0,0,0,0,60.0,23,62.5,60.0,unavailable,unavailable,unavailable
2026-09-07T21:20:46,off,0,0,35,1270,24.3,57,-104,Healthy,On,unknown,off,unknown,90.0,0,0,0,0,60.0,23,62.5,60.0,unavailable,unavailable,unavailable
2026-09-07T21:21:16,off,0,0,35,1537,29.4,56,130,Healthy,On,unknown,off,unknown,90.0,0,0,0,0,60.0,23,62.5,60.0,unavailable,unavailable,unavailable
2026-09-07T21:21:28,off,0,0,35,1490,28.5,56,39,Healthy,On,unknown,off,unknown,90.0,0,0,0,0,60.0,23,62.5,60.0,unavailable,unavailable,unavailable
2026-09-07T21:21:43,off,0,0,35,1422,27.2,56,-37,Healthy,On,unknown,off,unknown,90.0,0,0,0,0,60.0,23,62.5,60.0,unavailable,unavailable,unavailable
2026-09-07T21:21:59,off,0,0,35,1555,29.8,56,83,Healthy,On,unknown,off,unknown,90.0,0,0,0,0,60.0,23,62.5,60.0,unavailable,unavailable,unavailable
2026-09-07T21:22:14,off,0,0,35,1490,28.5,56,54,Healthy,On,unknown,off,unknown,90.0,0,0,0,0,60.0,23,62.5,60.0,unavailable,unavailable,unavailable
2026-09-07T21:22:29,off,0,0,35,1537,29.4,56,-57,Healthy,On,unknown,off,unknown,90.0,0,0,0,0,60.0,23,62.5,60.0,unavailable,unavailable,unavailable
2026-09-07T21:22:44,off,0,0,35,1563,29.9,56,108,Healthy,On,unknown,off,unknown,90.0,0,0,0,0,60.0,23,62.5,60.0,unavailable,unavailable,unavailable
2026-09-07T21:23:00,off,0,0,35,1480,28.3,56,35,Healthy,On,unknown,off,unknown,90.0,0,0,0,0,60.0,23,62.5,60.0,unavailable,unavailable,unavailable
2026-09-07T21:23:15,off,0,0,35,1469,28.1,56,-5,Healthy,On,unknown,off,unknown,90.0,0,0,0,0,60.0,23,62.5,60.0,unavailable,unavailable,unavailable
2026-09-07T21:23:30,off,0,0,35,1501,28.7,56,75,Healthy,On,unknown,off,unknown,90.0,0,0,0,0,60.0,23,62.5,60.0,unavailable,unavailable,unavailable
2026-09-07T21:23:45,off,0,0,35,1453,27.8,56,-57,Healthy,On,unknown,off,unknown,90.0,0,0,0,0,60.0,23,62.5,60.0,unavailable,unavailable,unavailable
2026-09-07T21:24:01,off,0,0,35,1385,26.5,56,56,Healthy,On,unknown,off,unknown,90.0,0,0,0,0,60.0,23,62.5,60.0,unavailable,unavailable,unavailable
2026-09-07T21:24:16,off,0,0,35,1443,27.6,56,64,Healthy,On,unknown,off,unknown,90.0,0,0,0,0,60.0,23,62.5,60.0,unavailable,unavailable,unavailable
2026-09-07T21:24:31,off,0,0,35,1391,26.6,56,54,Healthy,On,unknown,off,unknown,90.0,0,0,0,0,60.0,23,62.5,60.0,unavailable,unavailable,unavailable
2026-09-07T21:24:43,off,0,0,35,1370,26.2,56,-96,Healthy,On,unknown,off,unknown,90.0,0,0,0,0,60.0,23,62.5,60.0,unavailable,unavailable,unavailable
2026-09-07T21:24:59,off,0,0,35,1338,25.6,56,-91,Healthy,On,unknown,off,unknown,90.0,0,0,0,0,60.0,23,62.5,60.0,unavailable,unavailable,unavailable
2026-09-07T21:25:14,off,0,0,35,1480,28.3,56,83,Healthy,On,unknown,off,unknown,90.0,0,0,0,0,60.0,23,62.5,60.0,unavailable,unavailable,unavailable
2026-09-07T21:25:29,off,0,0,35,1297,24.8,56,-13,Healthy,On,unknown,off,unknown,90.0,0,0,0,0,60.0,23,62.5,60.0,unavailable,unavailable,unavailable
2026-09-07T21:25:44,off,0,0,35,1354,25.9,56,-91,Healthy,On,unknown,off,unknown,90.0,0,0,0,0,60.0,23,62.5,60.0,unavailable,unavailable,unavailable
2026-09-07T21:25:59,off,0,0,35,1338,25.6,56,91,Healthy,On,unknown,off,unknown,90.0,0,0,0,0,60.0,23,62.5,60.0,unavailable,unavailable,unavailable
2026-09-07T21:26:15,off,0,0,35,1317,25.2,56,-103,Healthy,On,unknown,off,unknown,90.0,0,0,0,0,60.0,23,62.5,60.0,unavailable,unavailable,unavailable
2026-09-07T21:26:30,off,0,0,35,1338,25.6,56,52,Healthy,On,unknown,off,unknown,90.0,0,0,0,0,60.0,23,62.5,60.0,unavailable,unavailable,unavailable
2026-09-07T21:26:46,off,0,0,35,1307,25.0,56,41,Healthy,On,unknown,off,unknown,90.0,0,0,0,0,60.0,23,62.5,60.0,unavailable,unavailable,unavailable
2026-09-07T21:27:01,off,0,0,35,1328,25.4,56,-67,Healthy,On,unknown,off,unknown,90.0,0,0,0,0,60.0,23,62.5,60.0,unavailable,unavailable,unavailable
2026-09-07T21:27:16,off,0,0,35,1281,24.5,56,-142,Healthy,On,unknown,off,unknown,90.0,0,0,0,0,60.0,23,62.5,60.0,unavailable,unavailable,unavailable
2026-09-07T21:27:28,off,0,0,35,1521,29.1,56,-153,Healthy,On,unknown,off,unknown,90.0,0,0,0,0,60.0,23,62.5,60.0,unavailable,unavailable,unavailable
2026-09-07T21:27:43,off,0,0,35,1333,25.5,56,-65,Healthy,On,unknown,off,unknown,90.0,0,0,0,0,60.0,23,62.5,60.0,unavailable,unavailable,unavailable
2026-09-07T21:27:59,off,0,0,35,1184,22.6,56,44,Healthy,On,unknown,off,unknown,90.0,0,0,0,0,60.0,23,62.5,60.0,unavailable,unavailable,unavailable
2026-09-07T21:28:14,off,0,0,35,1276,24.4,56,29,Healthy,On,unknown,off,unknown,90.0,0,0,0,0,60.0,23,62.5,60.0,unavailable,unavailable,unavailable
2026-09-07T21:28:29,off,0,0,35,1370,26.2,56,-205,Healthy,On,unknown,off,unknown,90.0,0,0,0,0,60.0,23,62.5,60.0,unavailable,unavailable,unavailable
2026-09-07T21:28:45,off,0,0,35,1173,22.4,56,52,Healthy,On,unknown,off,unknown,90.0,0,0,0,0,60.0,23,62.5,60.0,unavailable,unavailable,unavailable
2026-09-07T21:29:00,off,0,0,35,1208,23.1,56,-63,Healthy,On,unknown,off,unknown,90.0,0,0,0,0,60.0,23,62.5,60.0,unavailable,unavailable,unavailable
2026-09-07T21:29:15,off,0,0,35,1181,22.6,56,-745,Healthy,On,unknown,off,unknown,90.0,0,0,0,0,60.0,23,62.5,60.0,unavailable,unavailable,unavailable
2026-09-07T21:29:30,off,0,0,35,1260,24.1,56,-171,Healthy,On,unknown,off,unknown,90.0,0,0,0,0,60.0,23,62.5,60.0,unavailable,unavailable,unavailable
2026-09-07T21:29:46,off,0,0,35,1474,28.2,56,177,Healthy,On,unknown,off,unknown,90.0,0,0,0,0,60.0,23,62.5,60.0,unavailable,unavailable,unavailable
2026-09-07T21:30:01,off,0,0,35,1532,29.3,56,220,Healthy,On,unknown,off,unknown,90.0,0,0,0,0,60.0,23,62.5,60.0,unavailable,unavailable,unavailable
2026-09-07T21:30:13,off,0,0,35,1276,24.4,56,31,Healthy,On,unknown,off,unknown,90.0,0,0,0,0,60.0,23,62.5,60.0,unavailable,unavailable,unavailable
2026-09-07T21:30:28,off,0,0,35,1255,24.0,56,-82,Healthy,On,unknown,off,unknown,90.0,0,0,0,0,60.0,23,62.5,60.0,unavailable,unavailable,unavailable
2026-09-07T21:30:44,off,0,0,35,1291,24.7,56,47,Healthy,On,unknown,off,unknown,90.0,0,0,0,0,60.0,23,62.5,60.0,unavailable,unavailable,unavailable
2026-09-07T21:30:59,off,0,0,35,1265,24.2,56,26,Healthy,On,unknown,off,unknown,90.0,0,0,0,0,60.0,23,62.5,60.0,unavailable,unavailable,unavailable
2026-09-07T21:31:14,off,0,0,35,1249,23.9,56,-227,Healthy,On,unknown,off,unknown,90.0,0,0,0,0,60.0,23,62.5,60.0,unavailable,unavailable,unavailable
2026-09-07T21:31:29,off,0,0,35,1323,25.3,56,93,Healthy,On,unknown,off,unknown,90.0,0,0,0,0,60.0,23,62.5,60.0,unavailable,unavailable,unavailable
2026-09-07T21:31:45,off,0,0,35,1223,23.4,56,-67,Healthy,On,unknown,off,unknown,90.0,0,0,0,0,60.0,23,62.5,60.0,unavailable,unavailable,unavailable
2026-09-07T21:32:00,off,0,0,35,1276,24.4,56,139,Healthy,On,unknown,off,unknown,90.0,0,0,0,0,60.0,23,62.5,60.0,unavailable,unavailable,unavailable
2026-09-07T21:32:15,off,0,0,35,1291,24.7,56,83,Healthy,On,unknown,off,unknown,90.0,0,0,0,0,60.0,23,62.5,60.0,unavailable,unavailable,unavailable
2026-09-07T21:32:30,off,0,0,35,1297,24.8,56,106,Healthy,On,unknown,off,unknown,90.0,0,0,0,0,60.0,23,62.5,60.0,unavailable,unavailable,unavailable
2026-09-07T21:32:46,off,0,0,35,1307,25.0,56,85,Healthy,On,unknown,off,unknown,90.0,0,0,0,0,60.0,23,62.5,60.0,unavailable,unavailable,unavailable
2026-09-07T21:33:01,off,0,0,35,1286,24.6,56,42,Healthy,On,unknown,off,unknown,90.0,0,0,0,0,60.0,23,62.5,60.0,unavailable,unavailable,unavailable
2026-09-07T21:33:16,off,0,0,35,1474,28.2,56,285,Healthy,On,unknown,off,unknown,90.0,0,0,0,0,60.0,23,62.5,60.0,unavailable,unavailable,unavailable
2026-09-07T21:33:28,off,0,0,35,1255,24.0,56,-37,Healthy,On,unknown,off,unknown,90.0,0,0,0,0,60.0,23,62.5,60.0,unavailable,unavailable,unavailable
2026-09-07T21:33:44,off,0,0,35,1187,22.7,56,-30,Healthy,On,unknown,off,unknown,90.0,0,0,0,0,60.0,23,62.5,60.0,unavailable,unavailable,unavailable
2026-09-07T21:33:59,off,0,0,35,1276,24.4,56,49,Healthy,On,unknown,off,unknown,90.0,0,0,0,0,60.0,23,62.5,60.0,unavailable,unavailable,unavailable
2026-09-07T21:34:14,off,0,0,35,1194,22.8,55,-153,Healthy,On,unknown,off,unknown,90.0,0,0,0,0,60.0,23,62.5,60.0,unavailable,unavailable,unavailable
2026-09-07T21:34:29,off,0,0,35,1027,19.6,55,28,Healthy,On,unknown,off,unknown,90.0,0,0,0,0,60.0,23,62.5,60.0,unavailable,unavailable,unavailable
2026-09-07T21:34:44,off,0,0,35,1048,20.0,55,-93,Healthy,On,unknown,off,unknown,90.0,0,0,0,0,60.0,23,62.5,60.0,unavailable,unavailable,unavailable
2026-09-07T21:35:00,off,0,0,35,1000,19.1,55,-15,Healthy,On,unknown,off,unknown,90.0,0,0,0,0,60.0,23,62.5,60.0,unavailable,unavailable,unavailable
2026-09-07T21:35:15,off,0,0,35,1053,20.1,55,47,Healthy,On,unknown,off,unknown,90.0,0,0,0,0,60.0,23,62.5,60.0,unavailable,unavailable,unavailable
2026-09-07T21:35:30,off,0,0,35,1058,20.2,55,25,Healthy,On,unknown,off,unknown,90.0,0,0,0,0,60.0,23,62.5,60.0,unavailable,unavailable,unavailable
2026-09-07T21:35:46,off,0,0,35,1032,19.7,55,16,Healthy,On,unknown,off,unknown,90.0,0,0,0,0,60.0,23,62.5,60.0,unavailable,unavailable,unavailable
2026-09-07T21:36:01,off,0,0,35,1000,19.1,55,-121,Healthy,On,unknown,off,unknown,90.0,0,0,0,0,60.0,23,62.5,60.0,unavailable,unavailable,unavailable
2026-09-07T21:36:16,off,0,0,35,1016,19.4,55,-91,Healthy,On,unknown,off,unknown,90.0,0,0,0,0,60.0,23,62.5,60.0,unavailable,unavailable,unavailable
2026-09-07T21:36:28,off,0,0,35,1074,20.5,55,94,Healthy,On,unknown,off,unknown,90.0,0,0,0,0,60.0,23,62.5,60.0,unavailable,unavailable,unavailable
2026-09-07T21:36:43,off,0,0,35,1011,19.3,55,-12,Healthy,On,unknown,off,unknown,90.0,0,0,0,0,60.0,23,62.5,60.0,unavailable,unavailable,unavailable
2026-09-07T21:36:59,off,0,0,35,1058,20.2,55,52,Healthy,On,unknown,off,unknown,90.0,0,0,0,0,60.0,23,62.5,60.0,unavailable,unavailable,unavailable
2026-09-07T21:37:14,off,0,0,35,1121,21.4,55,103,Healthy,On,unknown,off,unknown,90.0,0,0,0,0,60.0,23,62.5,60.0,unavailable,unavailable,unavailable
2026-09-07T21:37:29,off,0,0,35,1042,19.9,55,-82,Healthy,On,unknown,off,unknown,90.0,0,0,0,0,60.0,23,62.5,60.0,unavailable,unavailable,unavailable
2026-09-07T21:37:44,off,0,0,35,1053,20.1,55,64,Healthy,On,unknown,off,unknown,90.0,0,0,0,0,60.0,23,62.5,60.0,unavailable,unavailable,unavailable
2026-09-07T21:38:00,off,0,0,35,1016,19.4,55,31,Healthy,On,unknown,off,unknown,90.0,0,0,0,0,60.0,23,62.5,60.0,unavailable,unavailable,unavailable
2026-09-07T21:38:15,off,0,0,35,932,17.8,55,-24,Healthy,On,unknown,off,unknown,90.0,0,0,0,0,60.0,23,62.5,60.0,unavailable,unavailable,unavailable
2026-09-07T21:38:30,off,0,0,35,1011,19.3,55,82,Healthy,On,unknown,off,unknown,90.0,0,0,0,0,60.0,23,62.5,60.0,unavailable,unavailable,unavailable
2026-09-07T21:38:45,off,0,0,35,927,17.7,55,17,Healthy,On,unknown,off,unknown,90.0,0,0,0,0,60.0,23,62.5,60.0,unavailable,unavailable,unavailable
2026-09-07T21:39:01,off,0,0,35,974,18.6,55,-90,Healthy,On,unknown,off,unknown,90.0,0,0,0,0,60.0,23,62.5,60.0,unavailable,unavailable,unavailable
2026-09-07T21:39:16,off,0,0,35,1074,20.5,55,174,Healthy,On,unknown,off,unknown,90.0,0,0,0,0,60.0,23,62.5,60.0,unavailable,unavailable,unavailable
2026-09-07T21:39:31,off,0,0,35,932,17.8,55,-1,Healthy,On,unknown,off,unknown,90.0,0,0,0,0,60.0,23,62.5,60.0,unavailable,unavailable,unavailable
2026-09-07T21:39:43,off,0,0,35,1053,20.1,55,22,Healthy,On,unknown,off,unknown,90.0,0,0,0,0,60.0,23,62.5,60.0,unavailable,unavailable,unavailable
2026-09-07T21:39:59,off,0,0,35,1021,19.5,55,80,Healthy,On,unknown,off,unknown,90.0,0,0,0,0,60.0,23,62.5,60.0,unavailable,unavailable,unavailable
2026-09-07T21:40:14,off,0,0,35,948,18.1,55,6,Healthy,On,unknown,off,unknown,90.0,0,0,0,0,60.0,23,62.5,60.0,unavailable,unavailable,unavailable
2026-09-07T21:40:29,off,0,0,35,1006,19.2,55,52,Healthy,On,unknown,off,unknown,90.0,0,0,0,0,60.0,23,62.5,60.0,unavailable,unavailable,unavailable
2026-09-07T21:40:44,off,0,0,35,969,18.5,55,57,Healthy,On,unknown,off,unknown,90.0,0,0,0,0,60.0,23,62.5,60.0,unavailable,unavailable,unavailable
2026-09-07T21:41:00,off,0,0,35,943,18.0,55,-121,Healthy,On,unknown,off,unknown,90.0,0,0,0,0,60.0,23,62.5,60.0,unavailable,unavailable,unavailable
2026-09-07T21:41:15,off,0,0,35,932,17.8,55,-287,Healthy,On,unknown,off,unknown,90.0,0,0,0,0,60.0,23,62.5,60.0,unavailable,unavailable,unavailable
2026-09-07T21:41:30,off,0,0,35,1011,19.3,55,45,Healthy,On,unknown,off,unknown,90.0,0,0,0,0,60.0,23,62.5,60.0,unavailable,unavailable,unavailable
2026-09-07T21:41:45,off,0,0,35,958,18.3,55,49,Healthy,On,unknown,off,unknown,90.0,0,0,0,0,60.0,23,62.5,60.0,unavailable,unavailable,unavailable
2026-09-07T21:42:01,off,0,0,35,969,18.5,55,-92,Healthy,On,unknown,off,unknown,90.0,0,0,0,0,60.0,23,62.5,60.0,unavailable,unavailable,unavailable
2026-09-07T21:42:16,off,0,0,35,840,16.0,55,-14,Healthy,On,unknown,off,unknown,90.0,0,0,0,0,60.0,23,62.5,60.0,unavailable,unavailable,unavailable
2026-09-07T21:42:31,off,0,0,35,817,15.6,55,-53,Healthy,On,unknown,off,unknown,90.0,0,0,0,0,60.0,23,62.5,60.0,unavailable,unavailable,unavailable
2026-09-07T21:42:43,off,0,0,35,892,17.0,55,71,Healthy,On,unknown,off,unknown,90.0,0,0,0,0,60.0,23,62.5,60.0,unavailable,unavailable,unavailable
2026-09-07T21:42:59,off,0,0,35,887,16.9,55,41,Healthy,On,unknown,off,unknown,90.0,0,0,0,0,60.0,23,62.5,60.0,unavailable,unavailable,unavailable
2026-09-07T21:43:14,off,0,0,35,855,16.3,55,76,Healthy,On,unknown,off,unknown,90.0,0,0,0,0,60.0,23,62.5,60.0,unavailable,unavailable,unavailable
2026-09-07T21:43:29,off,0,0,35,824,15.7,55,20,Healthy,On,unknown,off,unknown,90.0,0,0,0,0,60.0,23,62.5,60.0,unavailable,unavailable,unavailable
2026-09-07T21:43:44,off,0,0,35,787,15.0,55,9,Healthy,On,unknown,off,unknown,90.0,0,0,0,0,60.0,23,62.5,60.0,unavailable,unavailable,unavailable
2026-09-07T21:43:59,off,0,0,35,787,15.0,55,-132,Healthy,On,unknown,off,unknown,90.0,0,0,0,0,60.0,23,62.5,60.0,unavailable,unavailable,unavailable
2026-09-07T21:44:15,off,0,0,35,990,18.9,55,145,Healthy,On,unknown,off,unknown,90.0,0,0,0,0,60.0,23,62.5,60.0,unavailable,unavailable,unavailable
2026-09-07T21:44:30,off,0,0,35,890,17.0,55,-38,Healthy,On,unknown,off,unknown,90.0,0,0,0,0,60.0,23,62.5,60.0,unavailable,unavailable,unavailable
2026-09-07T21:44:45,off,0,0,35,896,17.1,55,11,Healthy,On,unknown,off,unknown,90.0,0,0,0,0,60.0,23,62.5,60.0,unavailable,unavailable,unavailable
2026-09-07T21:45:00,off,0,0,35,929,17.7,55,32,Healthy,On,unknown,off,unknown,90.0,0,0,0,0,60.0,23,62.5,60.0,unavailable,unavailable,unavailable
2026-09-07T21:45:16,off,0,0,35,911,17.4,55,-22,Healthy,On,unknown,off,unknown,90.0,0,0,0,0,60.0,23,62.5,60.0,unavailable,unavailable,unavailable
2026-09-07T21:45:31,off,0,0,35,882,16.8,55,-86,Healthy,On,unknown,off,unknown,90.0,0,0,0,0,60.0,23,62.5,60.0,unavailable,unavailable,unavailable
2026-09-07T21:45:46,off,0,0,35,917,17.5,55,59,Healthy,On,unknown,off,unknown,90.0,0,0,0,0,60.0,23,62.5,60.0,unavailable,unavailable,unavailable
2026-09-07T21:45:58,off,0,0,35,866,16.5,55,37,Healthy,On,unknown,off,unknown,90.0,0,0,0,0,60.0,23,62.5,60.0,unavailable,unavailable,unavailable
2026-09-07T21:46:14,off,0,0,35,869,16.6,55,74,Healthy,On,unknown,off,unknown,90.0,0,0,0,0,60.0,23,62.5,60.0,unavailable,unavailable,unavailable
2026-09-07T21:46:29,off,0,0,35,1063,20.3,55,90,Healthy,On,unknown,off,unknown,90.0,0,0,0,0,60.0,23,62.5,60.0,unavailable,unavailable,unavailable
2026-09-07T21:46:44,off,0,0,35,908,17.3,55,48,Healthy,On,unknown,off,unknown,90.0,0,0,0,0,60.0,23,62.5,60.0,unavailable,unavailable,unavailable
2026-09-07T21:46:59,off,0,0,35,911,17.4,55,118,Healthy,On,unknown,off,unknown,90.0,0,0,0,0,60.0,23,62.5,60.0,unavailable,unavailable,unavailable
2026-09-07T21:47:15,off,0,0,35,813,15.5,55,-25,Healthy,On,unknown,off,unknown,90.0,0,0,0,0,60.0,23,62.5,60.0,unavailable,unavailable,unavailable
2026-09-07T21:47:30,off,0,0,35,882,16.8,55,98,Healthy,On,unknown,off,unknown,90.0,0,0,0,0,60.0,23,62.5,60.0,unavailable,unavailable,unavailable
2026-09-07T21:47:45,off,0,0,35,859,16.4,55,-20,Healthy,On,unknown,off,unknown,90.0,0,0,0,0,60.0,23,62.5,60.0,unavailable,unavailable,unavailable
2026-09-07T21:48:00,off,0,0,35,966,18.4,55,184,Healthy,On,unknown,off,unknown,90.0,0,0,0,0,60.0,23,62.5,60.0,unavailable,unavailable,unavailable
2026-09-07T21:48:16,off,0,0,35,859,16.4,55,38,Healthy,On,unknown,off,unknown,90.0,0,0,0,0,60.0,23,62.5,60.0,unavailable,unavailable,unavailable
2026-09-07T21:48:31,off,0,0,35,845,16.1,55,40,Healthy,On,unknown,off,unknown,90.0,0,0,0,0,60.0,23,62.5,60.0,unavailable,unavailable,unavailable
2026-09-07T21:48:46,off,0,0,35,840,16.0,55,57,Healthy,On,unknown,off,unknown,90.0,0,0,0,0,60.0,23,62.5,60.0,unavailable,unavailable,unavailable
2026-09-07T21:49:01,off,0,0,35,903,17.2,55,73,Healthy,On,unknown,off,unknown,90.0,0,0,0,0,60.0,23,62.5,60.0,unavailable,unavailable,unavailable
2026-09-07T21:49:13,off,0,0,35,934,17.8,55,152,Healthy,On,unknown,off,unknown,90.0,0,0,0,0,60.0,23,62.5,60.0,unavailable,unavailable,unavailable
2026-09-07T21:49:29,off,0,0,35,834,15.9,55,-108,Healthy,On,unknown,off,unknown,90.0,0,0,0,0,60.0,23,62.5,60.0,unavailable,unavailable,unavailable
2026-09-07T21:49:44,off,0,0,35,918,17.5,55,67,Healthy,On,unknown,off,unknown,90.0,0,0,0,0,60.0,23,62.5,60.0,unavailable,unavailable,unavailable
2026-09-07T21:49:59,off,0,0,35,903,17.2,55,78,Healthy,On,unknown,off,unknown,90.0,0,0,0,0,60.0,23,62.5,60.0,unavailable,unavailable,unavailable
2026-09-07T21:50:14,off,0,0,35,845,16.1,55,-94,Healthy,On,unknown,off,unknown,90.0,0,0,0,0,60.0,23,62.5,60.0,unavailable,unavailable,unavailable
2026-09-07T21:50:30,off,0,0,35,859,16.4,55,-156,Healthy,On,unknown,off,unknown,90.0,0,0,0,0,60.0,23,62.5,60.0,unavailable,unavailable,unavailable
2026-09-07T21:50:45,off,0,0,35,953,18.2,55,-194,Healthy,On,unknown,off,unknown,90.0,0,0,0,0,60.0,23,62.5,60.0,unavailable,unavailable,unavailable
2026-09-07T21:51:00,off,0,0,35,1021,19.5,55,248,Healthy,On,unknown,off,unknown,90.0,0,0,0,0,60.0,23,62.5,60.0,unavailable,unavailable,unavailable
2026-09-07T21:51:15,off,0,0,35,813,15.5,55,3,Healthy,On,unknown,off,unknown,90.0,0,0,0,0,60.0,23,62.5,60.0,unavailable,unavailable,unavailable
2026-09-07T21:51:31,off,0,0,35,834,15.9,55,50,Healthy,On,unknown,off,unknown,90.0,0,0,0,0,60.0,23,62.5,60.0,unavailable,unavailable,unavailable
2026-09-07T21:51:46,off,0,0,35,845,16.1,55,50,Healthy,On,unknown,off,unknown,90.0,0,0,0,0,60.0,23,62.5,60.0,unavailable,unavailable,unavailable
2026-09-07T21:52:01,off,0,0,35,855,16.3,55,-29,Healthy,On,unknown,off,unknown,90.0,0,0,0,0,60.0,23,62.5,60.0,unavailable,unavailable,unavailable
2026-09-07T21:52:13,off,0,0,35,714,13.6,55,-158,Healthy,On,unknown,off,unknown,90.0,0,0,0,0,60.0,23,62.5,60.0,unavailable,unavailable,unavailable
2026-09-07T21:52:29,off,0,0,35,756,14.4,55,27,Healthy,On,unknown,off,unknown,90.0,0,0,0,0,60.0,23,62.5,60.0,unavailable,unavailable,unavailable
2026-09-07T21:52:44,off,0,0,35,1063,20.3,55,227,Healthy,On,unknown,off,unknown,90.0,0,0,0,0,60.0,23,62.5,60.0,unavailable,unavailable,unavailable
2026-09-07T21:52:59,off,0,0,35,761,14.5,55,-6,Healthy,On,unknown,off,unknown,90.0,0,0,0,0,60.0,23,62.5,60.0,unavailable,unavailable,unavailable
2026-09-07T21:53:14,off,0,0,35,803,15.3,55,-10,Healthy,On,unknown,off,unknown,90.0,0,0,0,0,60.0,23,62.5,60.0,unavailable,unavailable,unavailable
2026-09-07T21:53:29,off,0,0,35,766,14.6,54,35,Healthy,On,unknown,off,unknown,90.0,0,0,0,0,60.0,23,62.5,60.0,unavailable,unavailable,unavailable
2026-09-07T21:53:45,off,0,0,35,777,14.8,54,38,Healthy,On,unknown,off,unknown,90.0,0,0,0,0,60.0,23,62.5,60.0,unavailable,unavailable,unavailable
2026-09-07T21:54:00,off,0,0,35,756,14.4,54,-164,Healthy,On,unknown,off,unknown,90.0,0,0,0,0,60.0,23,62.5,60.0,unavailable,unavailable,unavailable
2026-09-07T21:54:15,off,0,0,35,808,15.4,54,47,Healthy,On,unknown,off,unknown,90.0,0,0,0,0,60.0,23,62.5,60.0,unavailable,unavailable,unavailable
2026-09-07T21:54:30,off,0,0,35,771,14.7,54,11,Healthy,On,unknown,off,unknown,90.0,0,0,0,0,60.0,23,62.5,60.0,unavailable,unavailable,unavailable
2026-09-07T21:54:46,off,0,0,35,887,16.9,54,158,Healthy,On,unknown,off,unknown,90.0,0,0,0,0,60.0,23,62.5,60.0,unavailable,unavailable,unavailable
2026-09-07T21:55:01,off,0,0,35,745,14.2,54,-117,Healthy,On,unknown,off,unknown,90.0,0,0,0,0,60.0,23,62.5,60.0,unavailable,unavailable,unavailable
2026-09-07T21:55:16,off,0,0,35,756,14.4,54,68,Healthy,On,unknown,off,unknown,90.0,0,0,0,0,60.0,23,62.5,60.0,unavailable,unavailable,unavailable
2026-09-07T21:55:28,off,0,0,35,887,16.9,54,194,Healthy,On,unknown,off,unknown,90.0,0,0,0,0,60.0,23,62.5,60.0,unavailable,unavailable,unavailable
2026-09-07T21:55:44,off,0,0,35,1000,19.1,54,52,Healthy,On,unknown,off,unknown,90.0,0,0,0,0,60.0,23,62.5,60.0,unavailable,unavailable,unavailable
2026-09-07T21:55:59,off,0,0,35,943,18.0,54,25,Healthy,On,unknown,off,unknown,90.0,0,0,0,0,60.0,23,62.5,60.0,unavailable,unavailable,unavailable
2026-09-07T21:56:14,off,0,0,35,958,18.3,54,44,Healthy,On,unknown,off,unknown,90.0,0,0,0,0,60.0,23,62.5,60.0,unavailable,unavailable,unavailable
2026-09-07T21:56:29,off,0,0,35,892,17.0,54,-38,Healthy,On,unknown,off,unknown,90.0,0,0,0,0,60.0,23,62.5,60.0,unavailable,unavailable,unavailable
2026-09-07T21:56:45,off,0,0,35,1016,19.4,54,84,Healthy,On,unknown,off,unknown,90.0,0,0,0,0,60.0,23,62.5,60.0,unavailable,unavailable,unavailable
2026-09-07T21:57:00,off,0,0,35,1000,19.1,54,-36,Healthy,On,unknown,off,unknown,90.0,0,0,0,0,60.0,23,62.5,60.0,unavailable,unavailable,unavailable
2026-09-07T21:57:15,off,0,0,35,885,16.9,54,-162,Healthy,On,unknown,off,unknown,90.0,0,0,0,0,60.0,23,62.5,60.0,unavailable,unavailable,unavailable
2026-09-07T21:57:30,off,0,0,35,1068,20.4,54,116,Healthy,On,unknown,off,unknown,90.0,0,0,0,0,60.0,23,62.5,60.0,unavailable,unavailable,unavailable
2026-09-07T21:57:46,off,0,0,35,937,17.9,54,43,Healthy,On,unknown,off,unknown,90.0,0,0,0,0,60.0,23,62.5,60.0,unavailable,unavailable,unavailable
2026-09-07T21:58:01,off,0,0,35,922,17.6,54,-81,Healthy,On,unknown,off,unknown,90.0,0,0,0,0,60.0,23,62.5,60.0,unavailable,unavailable,unavailable
2026-09-07T21:58:16,off,0,0,35,1199,22.9,54,255,Healthy,On,unknown,off,unknown,90.0,0,0,0,0,60.0,23,62.5,60.0,unavailable,unavailable,unavailable
2026-09-07T21:58:28,off,0,0,35,1011,19.3,54,-6,Healthy,On,unknown,off,unknown,90.0,0,0,0,0,60.0,23,62.5,60.0,unavailable,unavailable,unavailable
2026-09-07T21:58:44,off,0,0,35,1000,19.1,54,-89,Healthy,On,unknown,off,unknown,90.0,0,0,0,0,60.0,23,62.5,60.0,unavailable,unavailable,unavailable
2026-09-07T21:58:59,off,0,0,35,1042,19.9,54,59,Healthy,On,unknown,off,unknown,90.0,0,0,0,0,60.0,23,62.5,60.0,unavailable,unavailable,unavailable
2026-09-07T21:59:14,off,0,0,35,1027,19.6,54,12,Healthy,On,unknown,off,unknown,90.0,0,0,0,0,60.0,23,62.5,60.0,unavailable,unavailable,unavailable
2026-09-07T21:59:29,off,0,0,35,1021,19.5,54,73,Healthy,On,unknown,off,unknown,90.0,0,0,0,0,60.0,23,62.5,60.0,unavailable,unavailable,unavailable
2026-09-07T21:59:45,off,0,0,35,1006,19.2,54,22,Healthy,On,unknown,off,unknown,90.0,0,0,0,0,60.0,23,62.5,60.0,unavailable,unavailable,unavailable
2026-09-07T22:00:00,off,0,0,35,995,19.0,54,21,Healthy,On,unknown,off,unknown,90.0,0,0,0,0,60.0,23,62.5,60.0,unavailable,unavailable,unavailable
2026-09-07T22:00:15,off,0,0,35,1011,19.3,54,44,Healthy,On,unknown,off,unknown,90.0,0,0,0,0,60.0,23,62.5,60.0,unavailable,unavailable,unavailable
2026-09-07T22:00:30,off,0,0,35,979,18.7,54,-25,Healthy,On,unknown,off,unknown,90.0,0,0,0,0,60.0,23,62.5,60.0,unavailable,unavailable,unavailable
2026-09-07T22:00:46,off,0,0,35,1000,19.1,54,-138,Healthy,On,unknown,off,unknown,90.0,0,0,0,0,60.0,23,62.5,60.0,unavailable,unavailable,unavailable
2026-09-07T22:01:01,off,0,0,35,1011,19.3,54,17,Healthy,On,unknown,off,unknown,90.0,0,0,0,0,60.0,23,62.5,60.0,unavailable,unavailable,unavailable
2026-09-07T22:01:16,off,0,0,35,1074,20.5,54,101,Healthy,On,unknown,off,unknown,90.0,0,0,0,0,60.0,23,62.5,60.0,unavailable,unavailable,unavailable
2026-09-07T22:01:28,off,0,0,35,1095,20.9,54,-91,Healthy,On,unknown,off,unknown,90.0,0,0,0,0,60.0,23,62.5,60.0,unavailable,unavailable,unavailable
2026-09-07T22:01:43,off,0,0,35,1027,19.6,54,46,Healthy,On,unknown,off,unknown,90.0,0,0,0,0,60.0,23,62.5,60.0,unavailable,unavailable,unavailable
2026-09-07T22:01:59,off,0,0,35,1037,19.8,54,-33,Healthy,On,unknown,off,unknown,90.0,0,0,0,0,60.0,23,62.5,60.0,unavailable,unavailable,unavailable
2026-09-07T22:02:14,off,0,0,35,1016,19.4,54,-3,Healthy,On,unknown,off,unknown,90.0,0,0,0,0,60.0,23,62.5,60.0,unavailable,unavailable,unavailable
2026-09-07T22:02:29,off,0,0,35,1042,19.9,54,-32,Healthy,On,unknown,off,unknown,90.0,0,0,0,0,60.0,23,62.5,60.0,unavailable,unavailable,unavailable
2026-09-07T22:02:44,off,0,0,35,1037,19.8,54,5,Healthy,On,unknown,off,unknown,90.0,0,0,0,0,60.0,23,62.5,60.0,unavailable,unavailable,unavailable
2026-09-07T22:03:00,off,0,0,35,1042,19.9,54,-84,Healthy,On,unknown,off,unknown,90.0,0,0,0,0,60.0,23,62.5,60.0,unavailable,unavailable,unavailable
2026-09-07T22:03:15,off,0,0,35,1011,19.3,54,26,Healthy,On,unknown,off,unknown,90.0,0,0,0,0,60.0,23,62.5,60.0,unavailable,unavailable,unavailable
2026-09-07T22:03:30,off,0,0,35,1079,20.6,54,72,Healthy,On,unknown,off,unknown,90.0,0,0,0,0,60.0,23,62.5,60.0,unavailable,unavailable,unavailable
2026-09-07T22:03:45,off,0,0,35,1063,20.3,54,82,Healthy,On,unknown,off,unknown,90.0,0,0,0,0,60.0,23,62.5,60.0,unavailable,unavailable,unavailable
2026-09-07T22:04:01,off,0,0,35,1021,19.5,54,32,Healthy,On,unknown,off,unknown,90.0,0,0,0,0,60.0,23,62.5,60.0,unavailable,unavailable,unavailable
2026-09-07T22:04:16,off,0,0,35,1068,20.4,54,35,Healthy,On,unknown,off,unknown,90.0,0,0,0,0,60.0,23,62.5,60.0,unavailable,unavailable,unavailable
2026-09-07T22:04:31,off,0,0,35,1037,19.8,54,41,Healthy,On,unknown,off,unknown,90.0,0,0,0,0,60.0,23,62.5,60.0,unavailable,unavailable,unavailable
2026-09-07T22:04:43,off,0,0,35,1158,22.1,54,169,Healthy,On,unknown,off,unknown,90.0,0,0,0,0,60.0,23,62.5,60.0,unavailable,unavailable,unavailable
2026-09-07T22:04:59,off,0,0,35,1032,19.7,54,-83,Healthy,On,unknown,off,unknown,90.0,0,0,0,0,60.0,23,62.5,60.0,unavailable,unavailable,unavailable
2026-09-07T22:05:14,off,0,0,35,1058,20.2,54,76,Healthy,On,unknown,off,unknown,90.0,0,0,0,0,60.0,23,62.5,60.0,unavailable,unavailable,unavailable
2026-09-07T22:05:29,off,0,0,35,812,15.5,54,-28,Healthy,On,unknown,off,unknown,90.0,0,0,0,0,60.0,23,62.5,60.0,unavailable,unavailable,unavailable
2026-09-07T22:05:44,off,0,0,35,854,16.3,54,-13,Healthy,On,unknown,off,unknown,90.0,0,0,0,0,60.0,23,62.5,60.0,unavailable,unavailable,unavailable
2026-09-07T22:06:00,off,0,0,35,834,15.9,54,-67,Healthy,On,unknown,off,unknown,90.0,0,0,0,0,60.0,23,62.5,60.0,unavailable,unavailable,unavailable
2026-09-07T22:06:15,off,0,0,35,803,15.3,54,100,Healthy,On,unknown,off,unknown,90.0,0,0,0,0,60.0,23,62.5,60.0,unavailable,unavailable,unavailable
2026-09-07T22:06:30,off,0,0,35,812,15.5,54,30,Healthy,On,unknown,off,unknown,90.0,0,0,0,0,60.0,23,62.5,60.0,unavailable,unavailable,unavailable
2026-09-07T22:06:45,off,0,0,35,750,14.3,54,28,Healthy,On,unknown,off,unknown,90.0,0,0,0,0,60.0,23,62.5,60.0,unavailable,unavailable,unavailable
2026-09-07T22:07:01,off,0,0,35,932,17.8,54,9,Healthy,On,unknown,off,unknown,90.0,0,0,0,0,60.0,23,62.5,60.0,unavailable,unavailable,unavailable
2026-09-07T22:07:16,off,0,0,35,985,18.8,54,-4,Healthy,On,unknown,off,unknown,90.0,0,0,0,0,60.0,23,62.5,60.0,unavailable,unavailable,unavailable
2026-09-07T22:07:31,off,0,0,35,948,18.1,54,-207,Healthy,On,unknown,off,unknown,90.0,0,0,0,0,60.0,23,62.5,60.0,unavailable,unavailable,unavailable
2026-09-07T22:07:46,off,0,0,35,969,18.5,54,46,Healthy,On,unknown,off,unknown,90.0,0,0,0,0,60.0,23,62.5,60.0,unavailable,unavailable,unavailable
2026-09-07T22:07:58,off,0,0,35,932,17.8,54,-15,Healthy,On,unknown,off,unknown,90.0,0,0,0,0,60.0,23,62.5,60.0,unavailable,unavailable,unavailable
2026-09-07T22:08:14,off,0,0,35,937,17.9,54,27,Healthy,On,unknown,off,unknown,90.0,0,0,0,0,60.0,23,62.5,60.0,unavailable,unavailable,unavailable
2026-09-07T22:08:29,off,0,0,35,953,18.2,54,37,Healthy,On,unknown,off,unknown,90.0,0,0,0,0,60.0,23,62.5,60.0,unavailable,unavailable,unavailable
2026-09-07T22:08:44,off,0,0,35,979,18.7,54,94,Healthy,On,unknown,off,unknown,90.0,0,0,0,0,60.0,23,62.5,60.0,unavailable,unavailable,unavailable
2026-09-07T22:08:59,off,0,0,35,906,17.3,54,11,Healthy,On,unknown,off,unknown,90.0,0,0,0,0,60.0,23,62.5,60.0,unavailable,unavailable,unavailable
2026-09-07T22:09:15,off,0,0,35,985,18.8,54,54,Healthy,On,unknown,off,unknown,90.0,0,0,0,0,60.0,23,62.5,60.0,unavailable,unavailable,unavailable
2026-09-07T22:09:30,off,0,0,35,927,17.7,54,43,Healthy,On,unknown,off,unknown,90.0,0,0,0,0,60.0,23,62.5,60.0,unavailable,unavailable,unavailable
2026-09-07T22:09:45,off,0,0,35,911,17.4,54,-63,Healthy,On,unknown,off,unknown,90.0,0,0,0,0,60.0,23,62.5,60.0,unavailable,unavailable,unavailable
2026-09-07T22:10:00,off,0,0,35,943,18.0,54,-18,Healthy,On,unknown,off,unknown,90.0,0,0,0,0,60.0,23,62.5,60.0,unavailable,unavailable,unavailable
2026-09-07T22:10:16,off,0,0,35,937,17.9,54,53,Healthy,On,unknown,off,unknown,90.0,0,0,0,0,60.0,23,62.5,60.0,unavailable,unavailable,unavailable
2026-09-07T22:10:31,off,0,0,35,1048,20.0,54,200,Healthy,On,unknown,off,unknown,90.0,0,0,0,0,60.0,23,62.5,60.0,unavailable,unavailable,unavailable
2026-09-07T22:10:46,off,0,0,35,1048,20.0,54,65,Healthy,On,unknown,off,unknown,90.0,0,0,0,0,60.0,23,62.5,60.0,unavailable,unavailable,unavailable
2026-09-07T22:10:58,off,0,0,35,901,17.2,54,25,Healthy,On,unknown,off,unknown,90.0,0,0,0,0,60.0,23,62.5,60.0,unavailable,unavailable,unavailable
2026-09-07T22:11:14,off,0,0,35,927,17.7,54,23,Healthy,On,unknown,off,unknown,90.0,0,0,0,0,60.0,23,62.5,60.0,unavailable,unavailable,unavailable
2026-09-07T22:11:29,off,0,0,35,906,17.3,54,-2,Healthy,On,unknown,off,unknown,90.0,0,0,0,0,60.0,23,62.5,60.0,unavailable,unavailable,unavailable
2026-09-07T22:11:44,off,0,0,35,1000,19.1,53,-11,Healthy,On,unknown,off,unknown,90.0,0,0,0,0,60.0,23,62.5,60.0,unavailable,unavailable,unavailable
2026-09-07T22:11:59,off,0,0,35,969,18.5,53,70,Healthy,On,unknown,off,unknown,90.0,0,0,0,0,60.0,23,62.5,60.0,unavailable,unavailable,unavailable
2026-09-07T22:12:15,off,0,0,35,1011,19.3,53,-90,Healthy,On,unknown,off,unknown,90.0,0,0,0,0,60.0,23,62.5,60.0,unavailable,unavailable,unavailable
2026-09-07T22:12:30,off,0,0,35,1048,20.0,53,10,Healthy,On,unknown,off,unknown,90.0,0,0,0,0,60.0,23,62.5,60.0,unavailable,unavailable,unavailable
2026-09-07T22:12:45,off,0,0,35,1027,19.6,53,-33,Healthy,On,unknown,off,unknown,90.0,0,0,0,0,60.0,23,62.5,60.0,unavailable,unavailable,unavailable
2026-09-07T22:13:00,off,0,0,35,943,18.0,53,-15,Healthy,On,unknown,off,unknown,90.0,0,0,0,0,60.0,23,62.5,60.0,unavailable,unavailable,unavailable
2026-09-07T22:13:16,off,0,0,35,1006,19.2,53,41,Healthy,On,unknown,off,unknown,90.0,0,0,0,0,60.0,23,62.5,60.0,unavailable,unavailable,unavailable
2026-09-07T22:13:31,off,0,0,35,1000,19.1,53,4,Healthy,On,unknown,off,unknown,90.0,0,0,0,0,60.0,23,62.5,60.0,unavailable,unavailable,unavailable
2026-09-07T22:13:46,off,0,0,35,1037,19.8,53,60,Healthy,On,unknown,off,unknown,90.0,0,0,0,0,60.0,23,62.5,60.0,unavailable,unavailable,unavailable
2026-09-07T22:14:01,off,0,0,35,979,18.7,53,-112,Healthy,On,unknown,off,unknown,90.0,0,0,0,0,60.0,23,62.5,60.0,unavailable,unavailable,unavailable
2026-09-07T22:14:13,off,0,0,35,1042,19.9,53,33,Healthy,On,unknown,off,unknown,90.0,0,0,0,0,60.0,23,62.5,60.0,unavailable,unavailable,unavailable
2026-09-07T22:14:29,off,0,0,35,1016,19.4,53,60,Healthy,On,unknown,off,unknown,90.0,0,0,0,0,60.0,23,62.5,60.0,unavailable,unavailable,unavailable
2026-09-07T22:14:44,off,0,0,35,1000,19.1,53,-72,Healthy,On,unknown,off,unknown,90.0,0,0,0,0,60.0,23,62.5,60.0,unavailable,unavailable,unavailable
2026-09-07T22:14:59,off,0,0,35,985,18.8,53,18,Healthy,On,unknown,off,unknown,90.0,0,0,0,0,60.0,23,62.5,60.0,unavailable,unavailable,unavailable
2026-09-07T22:15:14,off,0,0,35,979,18.7,53,-104,Healthy,On,unknown,off,unknown,90.0,0,0,0,0,60.0,23,62.5,60.0,unavailable,unavailable,unavailable
2026-09-07T22:15:30,off,0,0,35,1037,19.8,53,100,Healthy,On,unknown,off,unknown,90.0,0,0,0,0,60.0,23,62.5,60.0,unavailable,unavailable,unavailable
2026-09-07T22:15:45,off,0,0,35,1021,19.5,53,59,Healthy,On,unknown,off,unknown,90.0,0,0,0,0,60.0,23,62.5,60.0,unavailable,unavailable,unavailable
2026-09-07T22:16:00,off,0,0,35,969,18.5,53,-70,Healthy,On,unknown,off,unknown,90.0,0,0,0,0,60.0,23,62.5,60.0,unavailable,unavailable,unavailable
2026-09-07T22:16:15,off,0,0,35,964,18.4,53,0,Healthy,On,unknown,off,unknown,90.0,0,0,0,0,60.0,23,62.5,60.0,unavailable,unavailable,unavailable
2026-09-07T22:16:31,off,0,0,35,1100,21.0,53,180,Healthy,On,unknown,off,unknown,90.0,0,0,0,0,60.0,23,62.5,60.0,unavailable,unavailable,unavailable
2026-09-07T22:16:46,off,0,0,35,1074,20.5,53,155,Healthy,On,unknown,off,unknown,90.0,0,0,0,0,60.0,23,62.5,60.0,unavailable,unavailable,unavailable
2026-09-07T22:17:01,off,0,0,35,985,18.8,53,27,Healthy,On,unknown,off,unknown,90.0,0,0,0,0,60.0,23,62.5,60.0,unavailable,unavailable,unavailable
2026-09-07T22:17:16,off,0,0,35,995,19.0,53,58,Healthy,On,unknown,off,unknown,90.0,0,0,0,0,60.0,23,62.5,60.0,unavailable,unavailable,unavailable
2026-09-07T22:17:29,off,0,0,35,1110,21.2,53,216,Healthy,On,unknown,off,unknown,90.0,0,0,0,0,60.0,23,62.5,60.0,unavailable,unavailable,unavailable
2026-09-07T22:17:44,off,0,0,35,1006,19.2,53,39,Healthy,On,unknown,off,unknown,90.0,0,0,0,0,60.0,23,62.5,60.0,unavailable,unavailable,unavailable
2026-09-07T22:17:59,off,0,0,35,937,17.9,53,-6,Healthy,On,unknown,off,unknown,90.0,0,0,0,0,60.0,23,62.5,60.0,unavailable,unavailable,unavailable
2026-09-07T22:18:14,off,0,0,35,885,16.9,53,2,Healthy,On,unknown,off,unknown,90.0,0,0,0,0,60.0,23,62.5,60.0,unavailable,unavailable,unavailable
2026-09-07T22:18:30,off,0,0,35,885,16.9,53,1,Healthy,On,unknown,off,unknown,90.0,0,0,0,0,60.0,23,62.5,60.0,unavailable,unavailable,unavailable
2026-09-07T22:18:45,off,0,0,35,875,16.7,53,6,Healthy,On,unknown,off,unknown,90.0,0,0,0,0,60.0,23,62.5,60.0,unavailable,unavailable,unavailable
2026-09-07T22:19:00,off,0,0,35,875,16.7,53,0,Healthy,On,unknown,off,unknown,90.0,0,0,0,0,60.0,23,62.5,60.0,unavailable,unavailable,unavailable
2026-09-07T22:19:15,off,0,0,35,890,17.0,53,5,Healthy,On,unknown,off,unknown,90.0,0,0,0,0,60.0,23,62.5,60.0,unavailable,unavailable,unavailable
2026-09-07T22:19:31,off,0,0,35,875,16.7,53,-10,Healthy,On,unknown,off,unknown,90.0,0,0,0,0,60.0,23,62.5,60.0,unavailable,unavailable,unavailable
2026-09-07T22:19:46,off,0,0,35,854,16.3,53,46,Healthy,On,unknown,off,unknown,90.0,0,0,0,0,60.0,23,62.5,60.0,unavailable,unavailable,unavailable
2026-09-07T22:20:01,off,0,0,35,812,15.5,53,5,Healthy,On,unknown,off,unknown,90.0,0,0,0,0,60.0,23,62.5,60.0,unavailable,unavailable,unavailable
2026-09-07T22:20:16,off,0,0,35,808,15.4,53,5,Healthy,On,unknown,off,unknown,90.0,0,0,0,0,60.0,23,62.5,60.0,unavailable,unavailable,unavailable
2026-09-07T22:20:29,off,0,0,35,801,15.3,53,-1,Healthy,On,unknown,off,unknown,90.0,0,0,0,0,60.0,23,62.5,60.0,unavailable,unavailable,unavailable
2026-09-07T22:20:44,off,0,0,35,806,15.4,53,1,Healthy,On,unknown,off,unknown,90.0,0,0,0,0,60.0,23,62.5,60.0,unavailable,unavailable,unavailable
2026-09-07T22:20:59,off,0,0,35,806,15.4,53,-2,Healthy,On,unknown,off,unknown,90.0,0,0,0,0,60.0,23,62.5,60.0,unavailable,unavailable,unavailable
2026-09-07T22:21:14,off,0,0,35,813,15.5,53,4,Healthy,On,unknown,off,unknown,90.0,0,0,0,0,60.0,23,62.5,60.0,unavailable,unavailable,unavailable
2026-09-07T22:21:29,off,0,0,35,806,15.4,53,0,Healthy,On,unknown,off,unknown,90.0,0,0,0,0,60.0,23,62.5,60.0,unavailable,unavailable,unavailable
2026-09-07T22:21:45,off,0,0,35,812,15.5,53,2,Healthy,On,unknown,off,unknown,90.0,0,0,0,0,60.0,23,62.5,60.0,unavailable,unavailable,unavailable
2026-09-07T22:22:00,off,0,0,35,803,15.3,53,0,Healthy,On,unknown,off,unknown,90.0,0,0,0,0,60.0,23,62.5,60.0,unavailable,unavailable,unavailable
2026-09-07T22:22:15,off,0,0,35,798,15.2,53,-5,Healthy,On,unknown,off,unknown,90.0,0,0,0,0,60.0,23,62.5,60.0,unavailable,unavailable,unavailable
2026-09-07T22:22:30,off,0,0,35,806,15.4,53,0,Healthy,On,unknown,off,unknown,90.0,0,0,0,0,60.0,23,62.5,60.0,unavailable,unavailable,unavailable
2026-09-07T22:22:46,off,0,0,35,813,15.5,53,-1,Healthy,On,unknown,off,unknown,90.0,0,0,0,0,60.0,23,62.5,60.0,unavailable,unavailable,unavailable
2026-09-07T22:23:01,off,0,0,35,806,15.4,53,0,Healthy,On,unknown,off,unknown,90.0,0,0,0,0,60.0,23,62.5,60.0,unavailable,unavailable,unavailable
2026-09-07T22:23:16,off,0,0,35,806,15.4,53,6,Healthy,On,unknown,off,unknown,90.0,0,0,0,0,60.0,23,62.5,60.0,unavailable,unavailable,unavailable
2026-09-07T22:23:28,off,0,0,35,806,15.4,53,1,Healthy,On,unknown,off,unknown,90.0,0,0,0,0,60.0,23,62.5,60.0,unavailable,unavailable,unavailable
2026-09-07T22:23:44,off,0,0,35,812,15.5,53,-5,Healthy,On,unknown,off,unknown,90.0,0,0,0,0,60.0,23,62.5,60.0,unavailable,unavailable,unavailable
2026-09-07T22:23:59,off,0,0,35,806,15.4,53,-3,Healthy,On,unknown,off,unknown,90.0,0,0,0,0,60.0,23,62.5,60.0,unavailable,unavailable,unavailable
2026-09-07T22:24:14,off,0,0,35,812,15.5,53,11,Healthy,On,unknown,off,unknown,90.0,0,0,0,0,60.0,23,62.5,60.0,unavailable,unavailable,unavailable
2026-09-07T22:24:29,off,0,0,35,803,15.3,53,-7,Healthy,On,unknown,off,unknown,90.0,0,0,0,0,60.0,23,62.5,60.0,unavailable,unavailable,unavailable
2026-09-07T22:24:45,off,0,0,35,813,15.5,53,1,Healthy,On,unknown,off,unknown,90.0,0,0,0,0,60.0,23,62.5,60.0,unavailable,unavailable,unavailable
2026-09-07T22:25:00,off,0,0,35,806,15.4,53,-2,Healthy,On,unknown,off,unknown,90.0,0,0,0,0,60.0,23,62.5,60.0,unavailable,unavailable,unavailable
2026-09-07T22:25:15,off,0,0,35,806,15.4,53,-5,Healthy,On,unknown,off,unknown,90.0,0,0,0,0,60.0,23,62.5,60.0,unavailable,unavailable,unavailable
2026-09-07T22:25:30,off,0,0,35,803,15.3,53,0,Healthy,On,unknown,off,unknown,90.0,0,0,0,0,60.0,23,62.5,60.0,unavailable,unavailable,unavailable
2026-09-07T22:25:46,off,0,0,35,850,16.2,53,-410,Healthy,On,unknown,off,unknown,90.0,0,0,0,0,60.0,23,62.5,60.0,unavailable,unavailable,unavailable
2026-09-07T22:26:01,off,0,0,35,887,16.9,53,-2,Healthy,On,unknown,off,unknown,90.0,0,0,0,0,60.0,23,62.5,60.0,unavailable,unavailable,unavailable
2026-09-07T22:26:16,off,0,0,35,885,16.9,53,3,Healthy,On,unknown,off,unknown,90.0,0,0,0,0,60.0,23,62.5,60.0,unavailable,unavailable,unavailable
2026-09-07T22:26:31,off,0,0,35,880,16.8,53,-2,Healthy,On,unknown,off,unknown,90.0,0,0,0,0,60.0,23,62.5,60.0,unavailable,unavailable,unavailable
2026-09-07T22:26:43,off,0,0,35,1333,25.5,53,53,Healthy,On,unknown,off,unknown,90.0,0,0,0,0,60.0,23,62.5,60.0,unavailable,unavailable,unavailable
2026-09-07T22:26:59,off,0,0,35,1100,21.0,53,4,Healthy,On,unknown,off,unknown,90.0,0,0,0,0,60.0,23,62.5,60.0,unavailable,unavailable,unavailable
2026-09-07T22:27:29,off,0,0,35,1095,20.9,53,5,Healthy,On,unknown,off,unknown,90.0,0,0,0,0,60.0,23,62.5,60.0,unavailable,unavailable,unavailable
2026-09-07T22:27:44,off,0,0,35,1089,20.8,53,8,Healthy,On,unknown,off,unknown,90.0,0,0,0,0,60.0,23,62.5,60.0,unavailable,unavailable,unavailable
2026-09-07T22:28:00,off,0,0,35,1084,20.7,53,-19,Healthy,On,unknown,off,unknown,90.0,0,0,0,0,60.0,23,62.5,60.0,unavailable,unavailable,unavailable
2026-09-07T22:28:15,off,0,0,35,1079,20.6,53,-2,Healthy,On,unknown,off,unknown,90.0,0,0,0,0,60.0,23,62.5,60.0,unavailable,unavailable,unavailable
2026-09-07T22:28:30,off,0,0,35,1084,20.7,53,3,Healthy,On,unknown,off,unknown,90.0,0,0,0,0,60.0,23,62.5,60.0,unavailable,unavailable,unavailable
2026-09-07T22:28:45,off,0,0,35,1082,20.7,53,12,Healthy,On,unknown,off,unknown,90.0,0,0,0,0,60.0,23,62.5,60.0,unavailable,unavailable,unavailable
2026-09-07T22:29:01,off,0,0,35,1074,20.5,53,-1,Healthy,On,unknown,off,unknown,90.0,0,0,0,0,60.0,23,62.5,60.0,unavailable,unavailable,unavailable
2026-09-07T22:29:16,off,0,0,35,1079,20.6,53,2,Healthy,On,unknown,off,unknown,90.0,0,0,0,0,60.0,23,62.5,60.0,unavailable,unavailable,unavailable
2026-09-07T22:29:31,off,0,0,35,1082,20.7,53,11,Healthy,On,unknown,off,unknown,90.0,0,0,0,0,60.0,23,62.5,60.0,unavailable,unavailable,unavailable
2026-09-07T22:29:43,off,0,0,35,-3075,57.7,53,-3893,Healthy,On,unknown,off,unknown,90.0,0,0,0,0,60.0,23,62.5,60.0,unavailable,unavailable,unavailable
2026-09-07T22:29:59,off,0,0,35,-3139,58.8,53,-4061,Healthy,On,unknown,off,unknown,90.0,0,0,0,0,60.0,23,62.5,60.0,unavailable,unavailable,unavailable
2026-09-07T22:30:14,off,0,0,35,-3135,58.6,53,-4047,Healthy,On,unknown,off,unknown,90.0,0,0,0,0,60.0,23,62.5,60.0,unavailable,unavailable,unavailable
2026-09-07T22:30:29,off,0,0,35,-3129,58.5,53,-4057,Healthy,On,unknown,off,unknown,90.0,0,0,0,0,60.0,23,62.5,60.0,unavailable,unavailable,unavailable
2026-09-07T22:30:44,off,0,0,35,-3130,58.4,53,-4054,Healthy,On,unknown,off,unknown,90.0,0,0,0,0,60.0,23,62.5,60.0,unavailable,unavailable,unavailable
2026-09-07T22:31:00,off,0,0,35,-3124,58.3,53,-4047,Healthy,On,unknown,off,unknown,90.0,0,0,0,0,60.0,23,62.5,60.0,unavailable,unavailable,unavailable
2026-09-07T22:31:15,off,0,0,35,-3135,58.5,53,-4153,Healthy,On,unknown,off,unknown,90.0,0,0,0,0,60.0,23,62.5,60.0,unavailable,unavailable,unavailable
2026-09-07T22:31:30,off,0,0,35,-3119,58.2,53,-4930,Healthy,On,unknown,off,unknown,90.0,0,0,0,0,60.0,23,62.5,60.0,unavailable,unavailable,unavailable
2026-09-07T22:31:45,off,0,0,35,-3119,58.2,53,-5195,Healthy,On,unknown,off,unknown,90.0,0,0,0,0,60.0,23,62.5,60.0,unavailable,unavailable,unavailable
2026-09-07T22:32:01,off,0,0,35,-3114,58.1,53,-5334,Healthy,On,unknown,off,unknown,90.0,0,0,0,0,60.0,23,62.5,60.0,unavailable,unavailable,unavailable
2026-09-07T22:32:16,off,0,0,35,-3114,58.1,53,-5459,Healthy,On,unknown,off,unknown,90.0,0,0,0,0,60.0,23,62.5,60.0,unavailable,unavailable,unavailable
2026-09-07T22:32:31,off,0,0,35,-3119,58.1,53,-5154,Healthy,On,unknown,off,unknown,90.0,0,0,0,0,60.0,23,62.5,60.0,unavailable,unavailable,unavailable
2026-09-07T22:32:46,off,0,0,35,-3119,58.1,53,-5052,Healthy,On,unknown,off,unknown,90.0,0,0,0,0,60.0,23,62.5,60.0,unavailable,unavailable,unavailable
2026-09-07T22:32:59,off,0,0,35,-3109,57.9,53,-5508,Healthy,On,unknown,off,unknown,90.0,0,0,0,0,60.0,23,62.5,60.0,unavailable,unavailable,unavailable
2026-09-07T22:33:14,off,0,0,35,-3114,58.0,53,-5375,Healthy,On,unknown,off,unknown,90.0,0,0,0,0,60.0,23,62.5,60.0,unavailable,unavailable,unavailable
2026-09-07T22:33:29,off,0,0,35,-3114,58.0,53,-5454,Healthy,On,unknown,off,unknown,90.0,0,0,0,0,60.0,23,62.5,60.0,unavailable,unavailable,unavailable
2026-09-07T22:33:44,off,0,0,35,-3114,58.0,53,-5473,Healthy,On,unknown,off,unknown,90.0,0,0,0,0,60.0,23,62.5,60.0,unavailable,unavailable,unavailable
2026-09-07T22:34:00,off,0,0,35,-3115,57.9,53,-5511,Healthy,On,unknown,off,unknown,90.0,0,0,0,0,60.0,23,62.5,60.0,unavailable,unavailable,unavailable
2026-09-07T22:34:15,off,0,0,35,-3109,57.8,53,-5756,Healthy,On,unknown,off,unknown,90.0,0,0,0,0,60.0,23,62.5,60.0,unavailable,unavailable,unavailable
2026-09-07T22:34:30,off,0,0,35,-3120,58.0,53,-5729,Healthy,On,unknown,off,unknown,90.0,0,0,0,0,60.0,23,62.5,60.0,unavailable,unavailable,unavailable
2026-09-07T22:34:45,off,0,0,35,-3109,57.8,53,-5735,Healthy,On,unknown,off,unknown,90.0,0,0,0,0,60.0,23,62.5,60.0,unavailable,unavailable,unavailable
2026-09-07T22:35:01,off,0,0,35,-3115,57.9,53,-5750,Healthy,On,unknown,off,unknown,90.0,0,0,0,0,60.0,23,62.5,60.0,unavailable,unavailable,unavailable
2026-09-07T22:35:16,off,0,0,35,-3109,57.8,53,-5850,Healthy,On,unknown,off,unknown,90.0,0,0,0,0,60.0,23,62.5,60.0,unavailable,unavailable,unavailable
2026-09-07T22:35:31,off,0,0,35,-3104,57.7,53,-6215,Healthy,On,unknown,off,unknown,90.0,0,0,0,0,60.0,23,62.5,60.0,unavailable,unavailable,unavailable
2026-09-07T22:35:46,off,0,0,35,-3104,57.7,53,-6202,Healthy,On,unknown,off,unknown,90.0,0,0,0,0,60.0,23,62.5,60.0,unavailable,unavailable,unavailable
2026-09-07T22:36:02,off,0,0,35,-3104,57.7,54,-6007,Healthy,On,unknown,off,unknown,90.0,0,0,0,0,60.0,23,62.5,60.0,unavailable,unavailable,unavailable
2026-09-07T22:36:14,off,0,0,35,-3098,57.6,54,-5971,Healthy,On,unknown,off,unknown,90.0,0,0,0,0,60.0,23,62.5,60.0,unavailable,unavailable,unavailable
2026-09-07T22:36:29,off,0,0,35,-3098,57.6,54,-5977,Healthy,On,unknown,off,unknown,90.0,0,0,0,0,60.0,23,62.5,60.0,unavailable,unavailable,unavailable
2026-09-07T22:36:44,off,0,0,35,-3104,57.7,54,-6015,Healthy,On,unknown,off,unknown,90.0,0,0,0,0,60.0,23,62.5,60.0,unavailable,unavailable,unavailable
2026-09-07T22:36:59,off,0,0,35,-3104,57.6,54,-6012,Healthy,On,unknown,off,unknown,90.0,0,0,0,0,60.0,23,62.5,60.0,unavailable,unavailable,unavailable
2026-09-07T22:37:15,off,0,0,35,-3104,57.7,54,-6016,Healthy,On,unknown,off,unknown,90.0,0,0,0,0,60.0,23,62.5,60.0,unavailable,unavailable,unavailable
2026-09-07T22:37:30,off,0,0,35,-3099,57.5,54,-6141,Healthy,On,unknown,off,unknown,90.0,0,0,0,0,60.0,23,62.5,60.0,unavailable,unavailable,unavailable
2026-09-07T22:37:45,off,0,0,35,-3110,57.7,54,-6167,Healthy,On,unknown,off,unknown,90.0,0,0,0,0,60.0,23,62.5,60.0,unavailable,unavailable,unavailable
2026-09-07T22:38:00,off,0,0,35,-3099,57.5,54,-6192,Healthy,On,unknown,off,unknown,90.0,0,0,0,0,60.0,23,62.5,60.0,unavailable,unavailable,unavailable
2026-09-07T22:38:16,off,0,0,35,-3093,57.4,54,-6219,Healthy,On,unknown,off,unknown,90.0,0,0,0,0,60.0,23,62.5,60.0,unavailable,unavailable,unavailable
2026-09-07T22:38:31,off,0,0,35,-3104,57.6,54,-6213,Healthy,On,unknown,off,unknown,90.0,0,0,0,0,60.0,23,62.5,60.0,unavailable,unavailable,unavailable
2026-09-07T22:38:46,off,0,0,35,-3093,57.4,54,-6235,Healthy,On,unknown,off,unknown,90.0,0,0,0,0,60.0,23,62.5,60.0,unavailable,unavailable,unavailable
2026-09-07T22:39:01,off,0,0,35,-3093,57.4,54,-6247,Healthy,On,unknown,off,unknown,90.0,0,0,0,0,60.0,23,62.5,60.0,unavailable,unavailable,unavailable
2026-09-07T22:39:14,off,0,0,35,-3093,57.4,54,-6286,Healthy,On,unknown,off,unknown,90.0,0,0,0,0,60.0,23,62.5,60.0,unavailable,unavailable,unavailable
2026-09-07T22:39:29,off,0,0,35,-3099,57.5,54,-6352,Healthy,On,unknown,off,unknown,90.0,0,0,0,0,60.0,23,62.5,60.0,unavailable,unavailable,unavailable
2026-09-07T22:39:44,off,0,0,35,-3093,57.4,54,-6366,Healthy,On,unknown,off,unknown,90.0,0,0,0,0,60.0,23,62.5,60.0,unavailable,unavailable,unavailable
2026-09-07T22:39:59,off,0,0,35,-3093,57.4,54,-6360,Healthy,On,unknown,off,unknown,90.0,0,0,0,0,60.0,23,62.5,60.0,unavailable,unavailable,unavailable
2026-09-07T22:40:15,off,0,0,35,-3093,57.4,54,-6393,Healthy,On,unknown,off,unknown,90.0,0,0,0,0,60.0,23,62.5,60.0,unavailable,unavailable,unavailable
2026-09-07T22:40:30,off,0,0,35,-3093,57.4,54,-6398,Healthy,On,unknown,off,unknown,90.0,0,0,0,0,60.0,23,62.5,60.0,unavailable,unavailable,unavailable
2026-09-07T22:40:45,off,0,0,35,-3093,57.4,54,-6407,Healthy,On,unknown,off,unknown,90.0,0,0,0,0,60.0,23,62.5,60.0,unavailable,unavailable,unavailable
2026-09-07T22:41:00,off,0,0,35,-3093,57.4,54,-6412,Healthy,On,unknown,off,unknown,90.0,0,0,0,0,60.0,23,62.5,60.0,unavailable,unavailable,unavailable
2026-09-07T22:41:16,off,0,0,35,-3083,57.2,54,-6424,Healthy,On,unknown,off,unknown,90.0,0,0,0,0,60.0,23,62.5,60.0,unavailable,unavailable,unavailable
2026-09-07T22:41:31,off,0,0,35,-3093,57.4,54,-6428,Healthy,On,unknown,off,unknown,90.0,0,0,0,0,60.0,23,62.5,60.0,unavailable,unavailable,unavailable
2026-09-07T22:41:46,off,0,0,35,-3088,57.3,55,-6444,Healthy,On,unknown,off,unknown,90.0,0,0,0,0,60.0,23,62.5,60.0,unavailable,unavailable,unavailable
2026-09-07T22:42:01,off,0,0,35,-3088,57.3,55,-6449,Healthy,On,unknown,off,unknown,90.0,0,0,0,0,60.0,23,62.5,60.0,unavailable,unavailable,unavailable
2026-09-07T22:42:13,off,0,0,35,-3093,57.4,55,-6458,Healthy,On,unknown,off,unknown,90.0,0,0,0,0,60.0,23,62.5,60.0,unavailable,unavailable,unavailable
2026-09-07T22:42:29,off,0,0,35,-3088,57.2,55,-6468,Healthy,On,unknown,off,unknown,90.0,0,0,0,0,60.0,23,62.5,60.0,unavailable,unavailable,unavailable
2026-09-07T22:42:44,off,0,0,35,-3093,57.4,55,-6472,Healthy,On,unknown,off,unknown,90.0,0,0,0,0,60.0,23,62.5,60.0,unavailable,unavailable,unavailable
2026-09-07T22:42:59,off,0,0,35,-3093,57.4,55,-6479,Healthy,On,unknown,off,unknown,90.0,0,0,0,0,60.0,23,62.5,60.0,unavailable,unavailable,unavailable
2026-09-07T22:43:14,off,0,0,35,-3088,57.2,55,-6499,Healthy,On,unknown,off,unknown,90.0,0,0,0,0,60.0,23,62.5,60.0,unavailable,unavailable,unavailable
2026-09-07T22:43:30,off,0,0,35,-3093,57.4,55,-6499,Healthy,On,unknown,off,unknown,90.0,0,0,0,0,60.0,23,62.5,60.0,unavailable,unavailable,unavailable
2026-09-07T22:43:45,off,0,0,35,-3094,57.3,55,-6497,Healthy,On,unknown,off,unknown,90.0,0,0,0,0,60.0,23,62.5,60.0,unavailable,unavailable,unavailable
2026-09-07T22:44:00,off,0,0,35,-3093,57.4,55,-6512,Healthy,On,unknown,off,unknown,90.0,0,0,0,0,60.0,23,62.5,60.0,unavailable,unavailable,unavailable
2026-09-07T22:44:15,off,0,0,35,-3094,57.3,55,-6540,Healthy,On,unknown,off,unknown,90.0,0,0,0,0,60.0,23,62.5,60.0,unavailable,unavailable,unavailable
2026-09-07T22:44:31,off,0,0,35,-3093,57.4,55,-6528,Healthy,On,unknown,off,unknown,90.0,0,0,0,0,60.0,23,62.5,60.0,unavailable,unavailable,unavailable
2026-09-07T22:44:46,off,0,0,35,-3099,57.4,55,-6530,Healthy,On,unknown,off,unknown,90.0,0,0,0,0,60.0,23,62.5,60.0,unavailable,unavailable,unavailable
2026-09-07T22:45:01,off,0,0,35,-3094,57.3,55,-6547,Healthy,On,unknown,off,unknown,90.0,0,0,0,0,60.0,23,62.5,60.0,unavailable,unavailable,unavailable
2026-09-07T22:45:16,off,0,0,35,-3093,57.4,55,-6562,Healthy,On,unknown,off,unknown,90.0,0,0,0,0,60.0,23,62.5,60.0,unavailable,unavailable,unavailable
2026-09-07T22:45:32,off,0,0,35,-3094,57.3,55,-6564,Healthy,On,unknown,off,unknown,90.0,0,0,0,0,60.0,23,62.5,60.0,unavailable,unavailable,unavailable
2026-09-07T22:45:44,off,0,0,35,-3094,57.3,55,-6548,Healthy,On,unknown,off,unknown,90.0,0,0,0,0,60.0,23,62.5,60.0,unavailable,unavailable,unavailable
2026-09-07T22:45:59,off,0,0,35,-3094,57.3,55,-6567,Healthy,On,unknown,off,unknown,90.0,0,0,0,0,60.0,23,62.5,60.0,unavailable,unavailable,unavailable
2026-09-07T22:46:14,off,0,0,35,-3094,57.3,55,-6576,Healthy,On,unknown,off,unknown,90.0,0,0,0,0,60.0,23,62.5,60.0,unavailable,unavailable,unavailable
2026-09-07T22:46:29,off,0,0,35,-3094,57.3,55,-6584,Healthy,On,unknown,off,unknown,90.0,0,0,0,0,60.0,23,62.5,60.0,unavailable,unavailable,unavailable
2026-09-07T22:46:45,off,0,0,35,-3094,57.3,55,-6579,Healthy,On,unknown,off,unknown,90.0,0,0,0,0,60.0,23,62.5,60.0,unavailable,unavailable,unavailable
2026-09-07T22:47:00,off,0,0,35,-3099,57.4,55,-6493,Healthy,On,unknown,off,unknown,90.0,0,0,0,0,60.0,23,62.5,60.0,unavailable,unavailable,unavailable
2026-09-07T22:47:15,off,0,0,35,-3126,57.9,55,-3848,Healthy,On,unknown,off,unknown,90.0,0,0,0,0,60.0,23,62.5,60.0,unavailable,unavailable,unavailable
2026-09-07T22:47:30,off,0,0,35,-3121,57.8,56,-3851,Healthy,On,unknown,off,unknown,90.0,0,0,0,0,60.0,23,62.5,60.0,unavailable,unavailable,unavailable
2026-09-07T22:47:46,off,0,0,35,-3121,57.8,56,-3836,Healthy,On,unknown,off,unknown,90.0,0,0,0,0,60.0,23,62.5,60.0,unavailable,unavailable,unavailable
2026-09-07T22:48:01,off,0,0,35,-3121,57.8,56,-3846,Healthy,On,unknown,off,unknown,90.0,0,0,0,0,60.0,23,62.5,60.0,unavailable,unavailable,unavailable
2026-09-07T22:48:16,off,0,0,35,-3121,57.8,56,-3803,Healthy,On,unknown,off,unknown,90.0,0,0,0,0,60.0,23,62.5,60.0,unavailable,unavailable,unavailable
2026-09-07T22:48:31,off,0,0,35,-3115,57.7,56,-3798,Healthy,On,unknown,off,unknown,90.0,0,0,0,0,60.0,23,62.5,60.0,unavailable,unavailable,unavailable
2026-09-07T22:48:44,off,0,0,35,-3115,57.7,56,-3787,Healthy,On,unknown,off,unknown,90.0,0,0,0,0,60.0,23,62.5,60.0,unavailable,unavailable,unavailable
2026-09-07T22:48:59,off,0,0,35,-3121,57.8,56,-3797,Healthy,On,unknown,off,unknown,90.0,0,0,0,0,60.0,23,62.5,60.0,unavailable,unavailable,unavailable
2026-09-07T22:49:14,off,0,0,35,-3121,57.8,56,-3803,Healthy,On,unknown,off,unknown,90.0,0,0,0,0,60.0,23,62.5,60.0,unavailable,unavailable,unavailable
2026-09-07T22:49:29,off,0,0,35,-3126,57.9,56,-3804,Healthy,On,unknown,off,unknown,90.0,0,0,0,0,60.0,23,62.5,60.0,unavailable,unavailable,unavailable
2026-09-07T22:49:45,off,0,0,35,-3115,57.7,56,-3791,Healthy,On,unknown,off,unknown,90.0,0,0,0,0,60.0,23,62.5,60.0,unavailable,unavailable,unavailable
2026-09-07T22:50:00,off,0,0,35,-3121,57.8,56,-3802,Healthy,On,unknown,off,unknown,90.0,0,0,0,0,60.0,23,62.5,60.0,unavailable,unavailable,unavailable
2026-09-07T22:50:15,off,0,0,35,-3121,57.8,56,-3831,Healthy,On,unknown,off,unknown,90.0,0,0,0,0,60.0,23,62.5,60.0,unavailable,unavailable,unavailable
2026-09-07T22:50:30,off,0,0,35,-3115,57.7,56,-3825,Healthy,On,unknown,off,unknown,90.0,0,0,0,0,60.0,23,62.5,60.0,unavailable,unavailable,unavailable
2026-09-07T22:50:46,off,0,0,35,-3121,57.8,56,-3834,Healthy,On,unknown,off,unknown,90.0,0,0,0,0,60.0,23,62.5,60.0,unavailable,unavailable,unavailable
2026-09-07T22:51:01,off,0,0,35,-3110,57.6,56,-3825,Healthy,On,unknown,off,unknown,90.0,0,0,0,0,60.0,23,62.5,60.0,unavailable,unavailable,unavailable
2026-09-07T22:51:16,off,0,0,35,-3115,57.7,56,-3845,Healthy,On,unknown,off,unknown,90.0,0,0,0,0,60.0,23,62.5,60.0,unavailable,unavailable,unavailable
2026-09-07T22:51:31,off,0,0,35,-3115,57.7,56,-3860,Healthy,On,unknown,off,unknown,90.0,0,0,0,0,60.0,23,62.5,60.0,unavailable,unavailable,unavailable
2026-09-07T22:51:43,off,0,0,35,-3115,57.7,56,-3848,Healthy,On,unknown,off,unknown,90.0,0,0,0,0,60.0,23,62.5,60.0,unavailable,unavailable,unavailable
2026-09-07T22:51:59,off,0,0,35,-3115,57.7,56,-3850,Healthy,On,unknown,off,unknown,90.0,0,0,0,0,60.0,23,62.5,60.0,unavailable,unavailable,unavailable
2026-09-07T22:52:14,off,0,0,35,-3115,57.7,56,-3852,Healthy,On,unknown,off,unknown,90.0,0,0,0,0,60.0,23,62.5,60.0,unavailable,unavailable,unavailable
2026-09-07T22:52:29,off,0,0,35,-3115,57.7,56,-3847,Healthy,On,unknown,off,unknown,90.0,0,0,0,0,60.0,23,62.5,60.0,unavailable,unavailable,unavailable
2026-09-07T22:52:44,off,0,0,35,-3115,57.7,56,-3844,Healthy,On,unknown,off,unknown,90.0,0,0,0,0,60.0,23,62.5,60.0,unavailable,unavailable,unavailable
2026-09-07T22:53:00,off,0,0,35,-3115,57.7,56,-3930,Healthy,On,unknown,off,unknown,90.0,0,0,0,0,60.0,23,62.5,60.0,unavailable,unavailable,unavailable
2026-09-07T22:53:15,off,0,0,35,-3121,57.8,57,-3918,Healthy,On,unknown,off,unknown,90.0,0,0,0,0,60.0,23,62.5,60.0,unavailable,unavailable,unavailable
2026-09-07T22:53:30,off,0,0,35,-3153,58.4,57,-3959,Healthy,On,unknown,off,unknown,90.0,0,0,0,0,60.0,23,62.5,60.0,unavailable,unavailable,unavailable
2026-09-07T22:53:45,off,0,0,35,-3148,58.3,57,-3953,Healthy,On,unknown,off,unknown,90.0,0,0,0,0,60.0,23,62.5,60.0,unavailable,unavailable,unavailable
2026-09-07T22:54:01,off,0,0,35,-3148,58.3,57,-3951,Healthy,On,unknown,off,unknown,90.0,0,0,0,0,60.0,23,62.5,60.0,unavailable,unavailable,unavailable
2026-09-07T22:54:16,off,0,0,35,-3159,58.5,57,-3957,Healthy,On,unknown,off,unknown,90.0,0,0,0,0,60.0,23,62.5,60.0,unavailable,unavailable,unavailable
2026-09-07T22:54:31,off,0,0,35,-3159,58.5,57,-3947,Healthy,On,unknown,off,unknown,90.0,0,0,0,0,60.0,23,62.5,60.0,unavailable,unavailable,unavailable
2026-09-07T22:54:46,off,0,0,35,-3159,58.5,57,-3954,Healthy,On,unknown,off,unknown,90.0,0,0,0,0,60.0,23,62.5,60.0,unavailable,unavailable,unavailable
2026-09-07T22:54:59,off,0,0,35,-3153,58.4,57,-3947,Healthy,On,unknown,off,unknown,90.0,0,0,0,0,60.0,23,62.5,60.0,unavailable,unavailable,unavailable
2026-09-07T22:55:29,off,0,0,35,-3148,58.3,57,-3946,Healthy,On,unknown,off,unknown,90.0,0,0,0,0,60.0,23,62.5,60.0,unavailable,unavailable,unavailable
2026-09-07T22:55:44,off,0,0,35,-3148,58.3,57,-3951,Healthy,On,unknown,off,unknown,90.0,0,0,0,0,60.0,23,62.5,60.0,unavailable,unavailable,unavailable
2026-09-07T22:56:00,off,0,0,35,-3159,58.5,57,-3959,Healthy,On,unknown,off,unknown,90.0,0,0,0,0,60.0,23,62.5,60.0,unavailable,unavailable,unavailable
2026-09-07T22:56:15,off,0,0,35,-3159,58.5,57,-3961,Healthy,On,unknown,off,unknown,90.0,0,0,0,0,60.0,23,62.5,60.0,unavailable,unavailable,unavailable
2026-09-07T22:56:30,off,0,0,35,-3159,58.5,57,-3951,Healthy,On,unknown,off,unknown,90.0,0,0,0,0,60.0,23,62.5,60.0,unavailable,unavailable,unavailable
2026-09-07T22:56:45,off,0,0,35,-3148,58.3,57,-3961,Healthy,On,unknown,off,unknown,90.0,0,0,0,0,60.0,23,62.5,60.0,unavailable,unavailable,unavailable
2026-09-07T22:57:00,off,0,0,35,-3148,58.3,57,-3947,Healthy,On,unknown,off,unknown,90.0,0,0,0,0,60.0,23,62.5,60.0,unavailable,unavailable,unavailable
2026-09-07T22:57:16,off,0,0,35,-3153,58.4,57,-3952,Healthy,On,unknown,off,unknown,90.0,0,0,0,0,60.0,23,62.5,60.0,unavailable,unavailable,unavailable
2026-09-07T22:57:31,off,0,0,35,-3159,58.5,57,-3946,Healthy,On,unknown,off,unknown,90.0,0,0,0,0,60.0,23,62.5,60.0,unavailable,unavailable,unavailable
2026-09-07T22:57:46,off,0,0,35,-3159,58.5,57,-4013,Healthy,On,unknown,off,unknown,90.0,0,0,0,0,60.0,23,62.5,60.0,unavailable,unavailable,unavailable
2026-09-07T22:58:01,off,0,0,35,-3159,58.4,57,-4009,Healthy,On,unknown,off,unknown,90.0,0,0,0,0,60.0,23,62.5,60.0,unavailable,unavailable,unavailable
2026-09-07T22:58:14,off,0,0,35,-3153,58.4,57,-4004,Healthy,On,unknown,off,unknown,90.0,0,0,0,0,60.0,23,62.5,60.0,unavailable,unavailable,unavailable
2026-09-07T22:58:29,off,0,0,35,-3159,58.5,57,-3998,Healthy,On,unknown,off,unknown,90.0,0,0,0,0,60.0,23,62.5,60.0,unavailable,unavailable,unavailable
2026-09-07T22:58:44,off,0,0,35,-3164,58.5,57,-4001,Healthy,On,unknown,off,unknown,90.0,0,0,0,0,60.0,23,62.5,60.0,unavailable,unavailable,unavailable
2026-09-07T22:58:59,off,0,0,35,-3159,58.5,58,-3996,Healthy,On,unknown,off,unknown,90.0,0,0,0,0,60.0,23,62.5,60.0,unavailable,unavailable,unavailable
2026-09-07T22:59:15,off,0,0,35,-3159,58.4,58,-4000,Healthy,On,unknown,off,unknown,90.0,0,0,0,0,60.0,23,62.5,60.0,unavailable,unavailable,unavailable
2026-09-07T22:59:30,off,0,0,35,-3159,58.5,58,-3998,Healthy,On,unknown,off,unknown,90.0,0,0,0,0,60.0,23,62.5,60.0,unavailable,unavailable,unavailable
2026-09-07T22:59:45,off,0,0,35,-3159,58.4,58,-4003,Healthy,unknown,unknown,off,unknown,90.0,0,0,0,0,60.0,23,62.5,60.0,unavailable,unavailable,unavailable
2026-09-07T23:00:00,off,0,0,35,-3164,58.6,58,-4001,Healthy,On,unknown,off,unknown,90.0,0,0,0,0,60.0,23,62.5,60.0,unavailable,unavailable,unavailable
2026-09-07T23:00:16,off,0,0,35,-3159,58.4,58,-3941,Healthy,On,unknown,off,unknown,90.0,0,0,0,0,60.0,23,62.5,60.0,unavailable,unavailable,unavailable
2026-09-07T23:00:31,off,0,0,35,-3159,58.4,58,-3967,Healthy,On,unknown,off,unknown,90.0,0,0,0,0,60.0,23,62.5,60.0,unavailable,unavailable,unavailable
2026-09-07T23:00:46,off,0,0,35,-3159,58.4,58,-3939,Healthy,On,unknown,off,unknown,90.0,0,0,0,0,60.0,23,62.5,60.0,unavailable,unavailable,unavailable
2026-09-07T23:01:01,off,0,0,35,-3159,58.4,58,-3940,Healthy,On,unknown,off,unknown,90.0,0,0,0,0,60.0,23,62.5,60.0,unavailable,unavailable,unavailable
2026-09-07T23:01:13,off,0,0,35,-3164,58.5,58,-3931,Healthy,On,unknown,off,unknown,90.0,0,0,0,0,60.0,23,62.5,60.0,unavailable,unavailable,unavailable
2026-09-07T23:01:29,off,0,0,35,-3159,58.5,58,-3937,Healthy,On,unknown,off,unknown,90.0,0,0,0,0,60.0,23,62.5,60.0,unavailable,unavailable,unavailable
2026-09-07T23:01:44,off,0,0,35,-3159,58.4,58,-3943,Healthy,On,unknown,off,unknown,90.0,0,0,0,0,60.0,23,62.5,60.0,unavailable,unavailable,unavailable
2026-09-07T23:01:59,off,0,0,35,-3159,58.4,58,-3949,Healthy,On,unknown,off,unknown,90.0,0,0,0,0,60.0,23,62.5,60.0,unavailable,unavailable,unavailable
2026-09-07T23:02:14,off,0,0,35,-3159,58.4,58,-3935,Healthy,On,unknown,off,unknown,90.0,0,0,0,0,60.0,23,62.5,60.0,unavailable,unavailable,unavailable
2026-09-07T23:02:30,off,0,0,35,-3170,58.6,58,-3960,Healthy,On,unknown,off,unknown,90.0,0,0,0,0,60.0,23,62.5,60.0,unavailable,unavailable,unavailable
2026-09-07T23:02:45,off,0,0,35,-3170,58.6,58,-3955,Healthy,On,unknown,off,unknown,90.0,0,0,0,0,60.0,23,62.5,60.0,unavailable,unavailable,unavailable
2026-09-07T23:03:09,off,0,0,35,-3164,58.6,100,-3938,Degraded,unknown,unknown,off,unknown,90.0,0,0,0,0,60.0,23,62.5,60.0,unavailable,unavailable,unavailable
2026-09-07T23:03:15,off,0,0,35,0,0.0,100,-3941,Degraded,On,unknown,off,unknown,90.0,0,0,0,0,60.0,23,62.5,60.0,unavailable,unavailable,unavailable
2026-09-07T23:03:31,off,0,0,35,-3164,58.6,58,-3941,Degraded,On,unknown,off,unknown,90.0,0,0,0,0,60.0,23,62.5,60.0,unavailable,unavailable,unavailable
2026-09-07T23:03:46,off,0,0,35,-3159,58.4,58,-3939,Degraded,On,unknown,off,unknown,90.0,0,0,0,0,60.0,23,62.5,60.0,unavailable,unavailable,unavailable
2026-09-07T23:04:01,off,0,0,35,-3159,58.4,58,-3932,Degraded,On,unknown,off,unknown,90.0,0,0,0,0,60.0,23,62.5,60.0,unavailable,unavailable,unavailable
2026-09-07T23:04:16,off,0,0,35,-3159,58.4,58,-3928,Degraded,On,unknown,off,unknown,90.0,0,0,0,0,60.0,23,62.5,60.0,unavailable,unavailable,unavailable
2026-09-07T23:04:29,off,0,0,35,-3159,58.5,58,-3932,Degraded,On,unknown,off,unknown,90.0,0,0,0,0,60.0,23,62.5,60.0,unavailable,unavailable,unavailable
2026-09-07T23:04:44,off,0,0,35,-3153,58.4,59,-3934,Degraded,On,unknown,off,unknown,90.0,0,0,0,0,60.0,23,62.5,60.0,unavailable,unavailable,unavailable
2026-09-07T23:04:59,off,0,0,35,-3164,58.5,59,-3933,Degraded,On,unknown,off,unknown,90.0,0,0,0,0,60.0,23,62.5,60.0,unavailable,unavailable,unavailable
2026-09-07T23:05:14,off,0,0,35,-3153,58.4,59,-3937,Degraded,On,unknown,off,unknown,90.0,0,0,0,0,60.0,23,62.5,60.0,unavailable,unavailable,unavailable
2026-09-07T23:05:30,off,0,0,35,-3164,58.5,59,-3946,Degraded,On,unknown,off,unknown,90.0,0,0,0,0,60.0,23,62.5,60.0,unavailable,unavailable,unavailable
2026-09-07T23:05:45,off,0,0,35,-3159,58.4,59,-3950,Degraded,On,unknown,off,unknown,90.0,0,0,0,0,60.0,23,62.5,60.0,unavailable,unavailable,unavailable
2026-09-07T23:06:00,off,0,0,35,-3159,58.4,59,-3940,Degraded,On,unknown,off,unknown,90.0,0,0,0,0,60.0,23,62.5,60.0,unavailable,unavailable,unavailable
2026-09-07T23:06:15,off,0,0,35,-3164,58.5,59,-4023,Degraded,On,unknown,off,unknown,90.0,0,0,0,0,60.0,23,62.5,60.0,unavailable,unavailable,unavailable
2026-09-07T23:06:31,off,0,0,35,-3164,58.5,59,-4017,Degraded,On,unknown,off,unknown,90.0,0,0,0,0,60.0,23,62.5,60.0,unavailable,unavailable,unavailable
2026-09-07T23:06:46,off,0,0,35,-3148,58.2,59,-4002,Degraded,On,unknown,off,unknown,90.0,0,0,0,0,60.0,23,62.5,60.0,unavailable,unavailable,unavailable
2026-09-07T23:07:01,off,0,0,35,-3148,58.2,59,-3825,Degraded,On,unknown,off,unknown,90.0,0,0,0,0,60.0,23,62.5,60.0,unavailable,unavailable,unavailable
2026-09-07T23:07:16,off,0,0,35,-3148,58.2,59,-3832,Degraded,On,unknown,off,unknown,90.0,0,0,0,0,60.0,23,62.5,60.0,unavailable,unavailable,unavailable
2026-09-07T23:07:29,off,0,0,35,-3159,58.4,59,-3821,Degraded,On,unknown,off,unknown,90.0,0,0,0,0,60.0,23,62.5,60.0,unavailable,unavailable,unavailable
2026-09-07T23:07:44,off,0,0,35,-3159,58.4,59,-3818,Degraded,On,unknown,off,unknown,90.0,0,0,0,0,60.0,23,62.5,60.0,unavailable,unavailable,unavailable
2026-09-07T23:07:59,off,0,0,35,-3159,58.4,59,-3839,Degraded,On,unknown,off,unknown,90.0,0,0,0,0,60.0,23,62.5,60.0,unavailable,unavailable,unavailable
2026-09-07T23:08:14,off,0,0,35,-3159,58.4,59,-3818,Degraded,On,unknown,off,unknown,90.0,0,0,0,0,60.0,23,62.5,60.0,unavailable,unavailable,unavailable
2026-09-07T23:08:30,off,0,0,35,-3159,58.4,59,-3838,Degraded,On,unknown,off,unknown,90.0,0,0,0,0,60.0,23,62.5,60.0,unavailable,unavailable,unavailable
2026-09-07T23:08:45,off,0,0,35,-3164,58.5,59,-3847,Degraded,On,unknown,off,unknown,90.0,0,0,0,0,60.0,23,62.5,60.0,unavailable,unavailable,unavailable
2026-09-07T23:09:00,off,0,0,35,-3159,58.4,59,-3830,Degraded,On,unknown,off,unknown,90.0,0,0,0,0,60.0,23,62.5,60.0,unavailable,unavailable,unavailable
2026-09-07T23:09:15,off,0,0,35,-3164,58.5,59,-3831,Degraded,On,unknown,off,unknown,90.0,0,0,0,0,60.0,23,62.5,60.0,unavailable,unavailable,unavailable
2026-09-07T23:09:30,off,0,0,35,-3170,58.6,59,-3838,Degraded,On,unknown,off,unknown,90.0,0,0,0,0,60.0,23,62.5,60.0,unavailable,unavailable,unavailable
2026-09-07T23:09:46,off,0,0,35,-3159,58.4,59,-3831,Degraded,On,unknown,off,unknown,90.0,0,0,0,0,60.0,23,62.5,60.0,unavailable,unavailable,unavailable
2026-09-07T23:10:01,off,0,0,35,-3159,58.4,59,-3820,Degraded,On,unknown,off,unknown,90.0,0,0,0,0,60.0,23,62.5,60.0,unavailable,unavailable,unavailable
2026-09-07T23:10:16,off,0,0,35,-3154,58.3,59,-3833,Degraded,On,unknown,off,unknown,90.0,0,0,0,0,60.0,23,62.5,60.0,unavailable,unavailable,unavailable
2026-09-07T23:10:31,off,0,0,35,-3159,58.4,59,-3836,Degraded,On,unknown,off,unknown,90.0,0,0,0,0,60.0,23,62.5,60.0,unavailable,unavailable,unavailable
2026-09-07T23:10:44,off,0,0,35,-3154,58.3,60,-3824,Degraded,On,unknown,off,unknown,90.0,0,0,0,0,60.0,23,62.5,60.0,unavailable,unavailable,unavailable
2026-09-07T23:10:59,off,0,0,35,-3159,58.4,60,-3842,Degraded,On,unknown,off,unknown,90.0,0,0,0,0,60.0,23,62.5,60.0,unavailable,unavailable,unavailable
2026-09-07T23:11:14,off,0,0,35,-3159,58.4,60,-3845,Degraded,On,unknown,off,unknown,90.0,0,0,0,0,60.0,23,62.5,60.0,unavailable,unavailable,unavailable
2026-09-07T23:11:29,off,0,0,35,-3159,58.4,60,-3828,Degraded,On,unknown,off,unknown,90.0,0,0,0,0,60.0,23,62.5,60.0,unavailable,unavailable,unavailable
2026-09-07T23:11:45,off,0,0,35,-3159,58.4,60,-3842,Degraded,On,unknown,off,unknown,90.0,0,0,0,0,60.0,23,62.5,60.0,unavailable,unavailable,unavailable
2026-09-07T23:12:15,off,0,0,35,-3154,58.3,60,-3843,Degraded,On,unknown,off,unknown,90.0,0,0,0,0,60.0,23,62.5,60.0,unavailable,unavailable,unavailable
2026-09-07T23:12:30,off,0,0,35,-3154,58.3,60,-3854,Degraded,On,unknown,off,unknown,90.0,0,0,0,0,60.0,23,62.5,60.0,unavailable,unavailable,unavailable
2026-09-07T23:12:46,off,0,0,35,-3164,58.5,60,-3834,Degraded,On,unknown,off,unknown,90.0,0,0,0,0,60.0,23,62.5,60.0,unavailable,unavailable,unavailable
2026-09-07T23:13:10,off,0,0,35,-3159,58.4,100,-3823,Degraded,unknown,unknown,off,unknown,90.0,0,0,0,0,60.0,23,62.5,60.0,unavailable,unavailable,unavailable
2026-09-07T23:13:13,off,0,0,35,-3154,58.3,100,-3829,Degraded,On,unknown,off,unknown,90.0,0,0,0,0,60.0,23,62.5,60.0,unavailable,unavailable,unavailable
2026-09-07T23:13:31,off,0,0,35,-3153,58.4,60,-3821,Degraded,On,unknown,off,unknown,90.0,0,0,0,0,60.0,23,62.5,60.0,unavailable,unavailable,unavailable
2026-09-07T23:13:46,off,0,0,35,-3159,58.4,60,-3775,Degraded,On,unknown,off,unknown,90.0,0,0,0,0,60.0,23,62.5,60.0,unavailable,unavailable,unavailable
2026-09-07T23:13:59,off,0,0,35,-3170,58.6,60,-3773,Degraded,On,unknown,off,unknown,90.0,0,0,0,0,60.0,23,62.5,60.0,unavailable,unavailable,unavailable
2026-09-07T23:14:14,off,0,0,35,-3164,58.5,60,-3762,Degraded,On,unknown,off,unknown,90.0,0,0,0,0,60.0,23,62.5,60.0,unavailable,unavailable,unavailable
2026-09-07T23:14:29,off,0,0,35,-3164,58.5,60,-3783,Degraded,On,unknown,off,unknown,90.0,0,0,0,0,60.0,23,62.5,60.0,unavailable,unavailable,unavailable
2026-09-07T23:14:44,off,0,0,35,-3159,58.4,60,-3768,Degraded,On,unknown,off,unknown,90.0,0,0,0,0,60.0,23,62.5,60.0,unavailable,unavailable,unavailable
2026-09-07T23:15:00,off,0,0,35,-3159,58.4,60,-3766,Degraded,On,unknown,off,unknown,90.0,0,0,0,0,60.0,23,62.5,60.0,unavailable,unavailable,unavailable
2026-09-07T23:15:15,off,0,0,35,-3164,58.5,60,-3750,Degraded,On,unknown,off,unknown,90.0,0,0,0,0,60.0,23,62.5,60.0,unavailable,unavailable,unavailable
2026-09-07T23:15:30,off,0,0,35,-3164,58.5,60,-3758,Degraded,On,unknown,off,unknown,90.0,0,0,0,0,60.0,23,62.5,60.0,unavailable,unavailable,unavailable
2026-09-07T23:15:45,off,0,0,35,-3159,58.4,60,-3775,Degraded,On,unknown,off,unknown,90.0,0,0,0,0,60.0,23,62.5,60.0,unavailable,unavailable,unavailable
2026-09-07T23:16:01,off,0,0,35,-3164,58.5,60,-3747,Degraded,On,unknown,off,unknown,90.0,0,0,0,0,60.0,23,62.5,60.0,unavailable,unavailable,unavailable
2026-09-07T23:16:16,off,0,0,35,-3159,58.4,60,-3762,Degraded,On,unknown,off,unknown,90.0,0,0,0,0,60.0,23,62.5,60.0,unavailable,unavailable,unavailable
2026-09-07T23:16:31,off,0,0,35,-3170,58.6,61,-3764,Degraded,On,unknown,off,unknown,90.0,0,0,0,0,60.0,23,62.5,60.0,unavailable,unavailable,unavailable
2026-09-07T23:16:46,off,0,0,35,-3170,58.6,61,-3762,Degraded,On,unknown,off,unknown,90.0,0,0,0,0,60.0,23,62.5,60.0,unavailable,unavailable,unavailable
2026-09-07T23:17:02,off,0,0,35,-3159,58.4,61,-3757,Degraded,On,unknown,off,unknown,90.0,0,0,0,0,60.0,23,62.5,60.0,unavailable,unavailable,unavailable
2026-09-07T23:17:14,off,0,0,35,-3164,58.5,61,-3769,Degraded,On,unknown,off,unknown,90.0,0,0,0,0,60.0,23,62.5,60.0,unavailable,unavailable,unavailable
2026-09-07T23:17:29,off,0,0,35,-3159,58.4,61,-3767,Degraded,On,unknown,off,unknown,90.0,0,0,0,0,60.0,23,62.5,60.0,unavailable,unavailable,unavailable
2026-09-07T23:17:44,off,0,0,35,-3164,58.5,61,-3777,Degraded,On,unknown,off,unknown,90.0,0,0,0,0,60.0,23,62.5,60.0,unavailable,unavailable,unavailable
2026-09-07T23:18:00,off,0,0,35,-3164,58.5,61,-3775,Degraded,On,unknown,off,unknown,90.0,0,0,0,0,60.0,23,62.5,60.0,unavailable,unavailable,unavailable
2026-09-07T23:18:15,off,0,0,35,-3170,58.6,61,-3780,Degraded,On,unknown,off,unknown,90.0,0,0,0,0,60.0,23,62.5,60.0,unavailable,unavailable,unavailable
2026-09-07T23:18:30,off,0,0,35,-3164,58.5,61,-3778,Degraded,On,unknown,off,unknown,90.0,0,0,0,0,60.0,23,62.5,60.0,unavailable,unavailable,unavailable
2026-09-07T23:18:45,off,0,0,35,-3170,58.6,61,-3767,Degraded,On,unknown,off,unknown,90.0,0,0,0,0,60.0,23,62.5,60.0,unavailable,unavailable,unavailable
2026-09-07T23:19:00,off,0,0,35,-3164,58.5,61,-3769,Degraded,On,unknown,off,unknown,90.0,0,0,0,0,60.0,23,62.5,60.0,unavailable,unavailable,unavailable
2026-09-07T23:19:16,off,0,0,35,-3164,58.5,61,-3770,Degraded,On,unknown,off,unknown,90.0,0,0,0,0,60.0,23,62.5,60.0,unavailable,unavailable,unavailable
2026-09-07T23:19:31,off,0,0,35,-3164,58.5,61,-3777,Degraded,On,unknown,off,unknown,90.0,0,0,0,0,60.0,23,62.5,60.0,unavailable,unavailable,unavailable
2026-09-07T23:19:46,off,0,0,35,-3170,58.6,61,-3844,Degraded,On,unknown,off,unknown,90.0,0,0,0,0,60.0,23,62.5,60.0,unavailable,unavailable,unavailable
2026-09-07T23:20:01,off,0,0,35,-3164,58.5,61,-3838,Degraded,On,unknown,off,unknown,90.0,0,0,0,0,60.0,23,62.5,60.0,unavailable,unavailable,unavailable
2026-09-07T23:20:14,off,0,0,35,-3170,58.6,61,-3839,Degraded,On,unknown,off,unknown,90.0,0,0,0,0,60.0,23,62.5,60.0,unavailable,unavailable,unavailable
2026-09-07T23:20:29,off,0,0,35,-3164,58.5,61,-3839,Degraded,On,unknown,off,unknown,90.0,0,0,0,0,60.0,23,62.5,60.0,unavailable,unavailable,unavailable
2026-09-07T23:20:44,off,0,0,35,-3170,58.6,61,-3840,Degraded,On,unknown,off,unknown,90.0,0,0,0,0,60.0,23,62.5,60.0,unavailable,unavailable,unavailable
2026-09-07T23:20:59,off,0,0,35,-3170,58.6,61,-3833,Degraded,On,unknown,off,unknown,90.0,0,0,0,0,60.0,23,62.5,60.0,unavailable,unavailable,unavailable
2026-09-07T23:21:15,off,0,0,35,-3164,58.5,61,-3835,Degraded,On,unknown,off,unknown,90.0,0,0,0,0,60.0,23,62.5,60.0,unavailable,unavailable,unavailable
2026-09-07T23:21:30,off,0,0,35,-3164,58.5,61,-3826,Degraded,On,unknown,off,unknown,90.0,0,0,0,0,60.0,23,62.5,60.0,unavailable,unavailable,unavailable
2026-09-07T23:21:45,off,0,0,35,-3170,58.6,61,-3801,Degraded,On,unknown,off,unknown,90.0,0,0,0,0,60.0,23,62.5,60.0,unavailable,unavailable,unavailable
2026-09-07T23:22:00,off,0,0,35,-3164,58.5,61,-3805,Degraded,On,unknown,off,unknown,90.0,0,0,0,0,60.0,23,62.5,60.0,unavailable,unavailable,unavailable
2026-09-07T23:22:16,off,0,0,35,-3164,58.5,62,-3804,Degraded,On,unknown,off,unknown,90.0,0,0,0,0,60.0,23,62.5,60.0,unavailable,unavailable,unavailable
2026-09-07T23:22:31,off,0,0,35,-3164,58.5,62,-3964,Degraded,On,unknown,off,unknown,90.0,0,0,0,0,60.0,23,62.5,60.0,unavailable,unavailable,unavailable
2026-09-07T23:22:46,off,0,0,35,-3170,58.6,62,-3993,Degraded,On,unknown,off,unknown,90.0,0,0,0,0,60.0,23,62.5,60.0,unavailable,unavailable,unavailable
2026-09-07T23:23:01,off,0,0,35,-3164,58.5,62,-3977,Degraded,On,unknown,off,unknown,90.0,0,0,0,0,60.0,23,62.5,60.0,unavailable,unavailable,unavailable
2026-09-07T23:23:16,off,0,0,35,-3164,58.5,62,-3962,Healthy,On,unknown,off,unknown,90.0,0,0,0,0,60.0,23,62.5,60.0,unavailable,unavailable,unavailable
2026-09-07T23:23:29,off,0,0,35,-3159,58.4,62,-3967,Healthy,On,unknown,off,unknown,90.0,0,0,0,0,60.0,23,62.5,60.0,unavailable,unavailable,unavailable
2026-09-07T23:23:44,off,0,0,35,-3164,58.5,62,-3963,Healthy,On,unknown,off,unknown,90.0,0,0,0,0,60.0,23,62.5,60.0,unavailable,unavailable,unavailable
2026-09-07T23:23:59,off,0,0,35,-3164,58.5,62,-3968,Healthy,On,unknown,off,unknown,90.0,0,0,0,0,60.0,23,62.5,60.0,unavailable,unavailable,unavailable
2026-09-07T23:24:14,off,0,0,35,-3164,58.5,62,-3970,Healthy,On,unknown,off,unknown,90.0,0,0,0,0,60.0,23,62.5,60.0,unavailable,unavailable,unavailable
2026-09-07T23:24:30,off,0,0,35,-3164,58.5,62,-3984,Healthy,On,unknown,off,unknown,90.0,0,0,0,0,60.0,23,62.5,60.0,unavailable,unavailable,unavailable
2026-09-07T23:24:45,off,0,0,35,-3164,58.5,62,-3981,Healthy,On,unknown,off,unknown,90.0,0,0,0,0,60.0,23,62.5,60.0,unavailable,unavailable,unavailable
2026-09-07T23:25:00,off,0,0,35,-3164,58.5,62,-3960,Healthy,On,unknown,off,unknown,90.0,0,0,0,0,60.0,23,62.5,60.0,unavailable,unavailable,unavailable
2026-09-07T23:25:15,off,0,0,35,-3159,58.4,62,-3961,Healthy,On,unknown,off,unknown,90.0,0,0,0,0,60.0,23,62.5,60.0,unavailable,unavailable,unavailable
2026-09-07T23:25:31,off,0,0,35,-3159,58.4,62,-3976,Healthy,On,unknown,off,unknown,90.0,0,0,0,0,60.0,23,62.5,60.0,unavailable,unavailable,unavailable
2026-09-07T23:25:46,off,0,0,35,-3159,58.4,62,-3971,Healthy,On,unknown,off,unknown,90.0,0,0,0,0,60.0,23,62.5,60.0,unavailable,unavailable,unavailable
2026-09-07T23:26:01,off,0,0,35,-3164,58.5,62,-3971,Healthy,On,unknown,off,unknown,90.0,0,0,0,0,60.0,23,62.5,60.0,unavailable,unavailable,unavailable
2026-09-07T23:26:16,off,0,0,35,-3164,58.5,62,-3977,Healthy,On,unknown,off,unknown,90.0,0,0,0,0,60.0,23,62.5,60.0,unavailable,unavailable,unavailable
2026-09-07T23:26:29,off,0,0,35,-3164,58.5,62,-3979,Healthy,On,unknown,off,unknown,90.0,0,0,0,0,60.0,23,62.5,60.0,unavailable,unavailable,unavailable
2026-09-07T23:26:44,off,0,0,35,-3164,58.5,62,-3923,Healthy,On,unknown,off,unknown,90.0,0,0,0,0,60.0,23,62.5,60.0,unavailable,unavailable,unavailable
2026-09-07T23:26:59,off,0,0,35,-3164,58.5,62,-3910,Healthy,On,unknown,off,unknown,90.0,0,0,0,0,60.0,23,62.5,60.0,unavailable,unavailable,unavailable
2026-09-07T23:27:14,off,0,0,35,-3164,58.5,62,-3918,Healthy,On,unknown,off,unknown,90.0,0,0,0,0,60.0,23,62.5,60.0,unavailable,unavailable,unavailable
2026-09-07T23:27:30,off,0,0,35,-3164,58.5,62,-3925,Healthy,On,unknown,off,unknown,90.0,0,0,0,0,60.0,23,62.5,60.0,unavailable,unavailable,unavailable
2026-09-07T23:27:45,off,0,0,35,-3170,58.6,62,-3927,Healthy,On,unknown,off,unknown,90.0,0,0,0,0,60.0,23,62.5,60.0,unavailable,unavailable,unavailable
2026-09-07T23:28:00,off,0,0,35,-3170,58.6,63,-3921,Healthy,On,unknown,off,unknown,90.0,0,0,0,0,60.0,23,62.5,60.0,unavailable,unavailable,unavailable
2026-09-07T23:28:15,off,0,0,35,-3170,58.6,63,-3937,Healthy,On,unknown,off,unknown,90.0,0,0,0,0,60.0,23,62.5,60.0,unavailable,unavailable,unavailable
2026-09-07T23:28:31,off,0,0,35,-3175,58.7,63,-3916,Healthy,On,unknown,off,unknown,90.0,0,0,0,0,60.0,23,62.5,60.0,unavailable,unavailable,unavailable
2026-09-07T23:28:46,off,0,0,35,-3164,58.5,63,-4103,Healthy,On,unknown,off,unknown,90.0,0,0,0,0,60.0,23,62.5,60.0,unavailable,unavailable,unavailable
2026-09-07T23:29:01,off,0,0,35,-3164,58.5,63,-4132,Healthy,On,unknown,off,unknown,90.0,0,0,0,0,60.0,23,62.5,60.0,unavailable,unavailable,unavailable
2026-09-07T23:29:16,off,0,0,35,-3164,58.5,63,-4103,Healthy,On,unknown,off,unknown,90.0,0,0,0,0,60.0,23,62.5,60.0,unavailable,unavailable,unavailable
2026-09-07T23:29:32,off,0,0,35,-3170,58.6,63,-4098,Healthy,On,unknown,off,unknown,90.0,0,0,0,0,60.0,23,62.5,60.0,unavailable,unavailable,unavailable
2026-09-07T23:29:44,off,0,0,35,-3159,58.4,63,-4104,Healthy,On,unknown,off,unknown,90.0,0,0,0,0,60.0,23,62.5,60.0,unavailable,unavailable,unavailable
2026-09-07T23:29:59,off,0,0,35,-3164,58.5,63,-4100,Healthy,On,unknown,off,unknown,90.0,0,0,0,0,60.0,23,62.5,60.0,unavailable,unavailable,unavailable
2026-09-07T23:30:14,off,0,0,35,-3154,58.3,63,-4117,Healthy,On,unknown,off,unknown,90.0,0,0,0,0,60.0,23,62.5,60.0,unavailable,unavailable,unavailable
2026-09-07T23:30:30,off,0,0,35,-3154,58.3,63,-4115,Healthy,On,unknown,off,unknown,90.0,0,0,0,0,60.0,23,62.5,60.0,unavailable,unavailable,unavailable
2026-09-07T23:30:45,off,0,0,35,-3154,58.3,63,-4083,Healthy,On,unknown,off,unknown,90.0,0,0,0,0,60.0,23,62.5,60.0,unavailable,unavailable,unavailable
2026-09-07T23:31:00,off,0,0,35,-3148,58.2,63,-4080,Healthy,On,unknown,off,unknown,90.0,0,0,0,0,60.0,23,62.5,60.0,unavailable,unavailable,unavailable
2026-09-07T23:31:15,off,0,0,35,-3148,58.2,63,-4066,Healthy,On,unknown,off,unknown,90.0,0,0,0,0,60.0,23,62.5,60.0,unavailable,unavailable,unavailable
2026-09-07T23:31:31,off,0,0,35,-3154,58.3,63,-4070,Healthy,On,unknown,off,unknown,90.0,0,0,0,0,60.0,23,62.5,60.0,unavailable,unavailable,unavailable
2026-09-07T23:31:46,off,0,0,35,-3143,58.1,63,-4068,Healthy,On,unknown,off,unknown,90.0,0,0,0,0,60.0,23,62.5,60.0,unavailable,unavailable,unavailable
2026-09-07T23:32:01,off,0,0,35,-3143,58.1,63,-4057,Healthy,On,unknown,off,unknown,90.0,0,0,0,0,60.0,23,62.5,60.0,unavailable,unavailable,unavailable
2026-09-07T23:32:16,off,0,0,35,-3154,58.3,63,-4070,Healthy,On,unknown,off,unknown,90.0,0,0,0,0,60.0,23,62.5,60.0,unavailable,unavailable,unavailable
2026-09-07T23:32:32,off,0,0,35,-3148,58.2,63,-4067,Healthy,On,unknown,off,unknown,90.0,0,0,0,0,60.0,23,62.5,60.0,unavailable,unavailable,unavailable
2026-09-07T23:32:44,off,0,0,35,-3148,58.2,63,-4132,Healthy,On,unknown,off,unknown,90.0,0,0,0,0,60.0,23,62.5,60.0,unavailable,unavailable,unavailable
2026-09-07T23:32:59,off,0,0,35,-3148,58.2,63,-4139,Healthy,On,unknown,off,unknown,90.0,0,0,0,0,60.0,23,62.5,60.0,unavailable,unavailable,unavailable
2026-09-07T23:33:14,off,0,0,35,-3143,58.1,63,-4126,Healthy,On,unknown,off,unknown,90.0,0,0,0,0,60.0,23,62.5,60.0,unavailable,unavailable,unavailable
2026-09-07T23:33:30,off,0,0,35,-3143,58.1,63,-4141,Healthy,On,unknown,off,unknown,90.0,0,0,0,0,60.0,23,62.5,60.0,unavailable,unavailable,unavailable
2026-09-07T23:33:45,off,0,0,35,-3137,58.0,64,-4117,Healthy,On,unknown,off,unknown,90.0,0,0,0,0,60.0,23,62.5,60.0,unavailable,unavailable,unavailable
2026-09-07T23:34:00,off,0,0,35,-3137,58.0,64,-4127,Healthy,On,unknown,off,unknown,90.0,0,0,0,0,60.0,23,62.5,60.0,unavailable,unavailable,unavailable
2026-09-07T23:34:15,off,0,0,35,-3143,58.1,64,-4117,Healthy,On,unknown,off,unknown,90.0,0,0,0,0,60.0,23,62.5,60.0,unavailable,unavailable,unavailable
2026-09-07T23:34:31,off,0,0,35,-3137,58.0,64,-4123,Healthy,On,unknown,off,unknown,90.0,0,0,0,0,60.0,23,62.5,60.0,unavailable,unavailable,unavailable
2026-09-07T23:34:46,off,0,0,35,-3137,58.0,64,-4108,Healthy,On,unknown,off,unknown,90.0,0,0,0,0,60.0,23,62.5,60.0,unavailable,unavailable,unavailable
2026-09-07T23:35:01,off,0,0,35,-3143,58.1,64,-4117,Healthy,On,unknown,off,unknown,90.0,0,0,0,0,60.0,23,62.5,60.0,unavailable,unavailable,unavailable
2026-09-07T23:35:16,off,0,0,35,-3137,58.0,64,-4111,Healthy,On,unknown,off,unknown,90.0,0,0,0,0,60.0,23,62.5,60.0,unavailable,unavailable,unavailable
2026-09-07T23:35:32,off,0,0,35,-3137,58.0,64,-4100,Healthy,On,unknown,off,unknown,90.0,0,0,0,0,60.0,23,62.5,60.0,unavailable,unavailable,unavailable
2026-09-07T23:35:44,off,0,0,35,-3143,58.1,64,-4095,Healthy,On,unknown,off,unknown,90.0,0,0,0,0,60.0,23,62.5,60.0,unavailable,unavailable,unavailable
2026-09-07T23:35:59,off,0,0,35,-3137,58.0,64,-4102,Healthy,On,unknown,off,unknown,90.0,0,0,0,0,60.0,23,62.5,60.0,unavailable,unavailable,unavailable
2026-09-07T23:36:14,off,0,0,35,-3137,58.0,64,-4106,Healthy,On,unknown,off,unknown,90.0,0,0,0,0,60.0,23,62.5,60.0,unavailable,unavailable,unavailable
2026-09-07T23:36:29,off,0,0,35,-3132,57.9,64,-4090,Healthy,On,unknown,off,unknown,90.0,0,0,0,0,60.0,23,62.5,60.0,unavailable,unavailable,unavailable
2026-09-07T23:36:45,off,0,0,35,-3137,58.0,64,-4099,Healthy,On,unknown,off,unknown,90.0,0,0,0,0,60.0,23,62.5,60.0,unavailable,unavailable,unavailable
2026-09-07T23:37:00,off,0,0,35,-3137,58.0,64,-4107,Healthy,On,unknown,off,unknown,90.0,0,0,0,0,60.0,23,62.5,60.0,unavailable,unavailable,unavailable
2026-09-07T23:37:15,off,0,0,35,-3137,58.0,64,-4110,Healthy,On,unknown,off,unknown,90.0,0,0,0,0,60.0,23,62.5,60.0,unavailable,unavailable,unavailable
2026-09-07T23:37:30,off,0,0,35,-3137,58.0,64,-3942,Healthy,On,unknown,off,unknown,90.0,0,0,0,0,60.0,23,62.5,60.0,unavailable,unavailable,unavailable
2026-09-07T23:37:46,off,0,0,35,-3137,58.0,64,-3939,Healthy,On,unknown,off,unknown,90.0,0,0,0,0,60.0,23,62.5,60.0,unavailable,unavailable,unavailable
2026-09-07T23:38:01,off,0,0,35,-3143,58.1,64,-3947,Healthy,On,unknown,off,unknown,90.0,0,0,0,0,60.0,23,62.5,60.0,unavailable,unavailable,unavailable
2026-09-07T23:38:16,off,0,0,35,-3143,58.1,64,-3936,Healthy,On,unknown,off,unknown,90.0,0,0,0,0,60.0,23,62.5,60.0,unavailable,unavailable,unavailable
2026-09-07T23:38:31,off,0,0,35,-3137,58.0,64,-3932,Healthy,On,unknown,off,unknown,90.0,0,0,0,0,60.0,23,62.5,60.0,unavailable,unavailable,unavailable
2026-09-07T23:38:44,off,0,0,35,-3143,58.1,64,-3941,Healthy,On,unknown,off,unknown,90.0,0,0,0,0,60.0,23,62.5,60.0,unavailable,unavailable,unavailable
2026-09-07T23:38:59,off,0,0,35,-3143,58.1,64,-3952,Healthy,On,unknown,off,unknown,90.0,0,0,0,0,60.0,23,62.5,60.0,unavailable,unavailable,unavailable
2026-09-07T23:39:14,off,0,0,35,-3137,58.0,64,-3940,Healthy,On,unknown,off,unknown,90.0,0,0,0,0,60.0,23,62.5,60.0,unavailable,unavailable,unavailable
2026-09-07T23:39:29,off,0,0,35,-3137,58.0,65,-3885,Healthy,On,unknown,off,unknown,90.0,0,0,0,0,60.0,23,62.5,60.0,unavailable,unavailable,unavailable
2026-09-07T23:39:45,off,0,0,35,-3137,58.0,65,-3882,Healthy,On,unknown,off,unknown,90.0,0,0,0,0,60.0,23,62.5,60.0,unavailable,unavailable,unavailable
2026-09-07T23:40:00,off,0,0,35,-3137,58.0,65,-3872,Healthy,On,unknown,off,unknown,90.0,0,0,0,0,60.0,23,62.5,60.0,unavailable,unavailable,unavailable
2026-09-07T23:40:15,off,0,0,35,-3137,58.0,65,-3871,Healthy,On,unknown,off,unknown,90.0,0,0,0,0,60.0,23,62.5,60.0,unavailable,unavailable,unavailable
2026-09-07T23:40:30,off,0,0,35,-3137,58.0,65,-3877,Healthy,On,unknown,off,unknown,90.0,0,0,0,0,60.0,23,62.5,60.0,unavailable,unavailable,unavailable
2026-09-07T23:40:46,off,0,0,35,-3137,58.0,65,-3881,Healthy,On,unknown,off,unknown,90.0,0,0,0,0,60.0,23,62.5,60.0,unavailable,unavailable,unavailable
2026-09-07T23:41:01,off,0,0,35,-3143,58.1,65,-3875,Healthy,On,unknown,off,unknown,90.0,0,0,0,0,60.0,23,62.5,60.0,unavailable,unavailable,unavailable
2026-09-07T23:41:31,off,0,0,35,-3137,58.0,65,-3877,Healthy,On,unknown,off,unknown,90.0,0,0,0,0,60.0,23,62.5,60.0,unavailable,unavailable,unavailable
2026-09-07T23:41:46,off,0,0,35,-3137,58.0,65,-3872,Healthy,On,unknown,off,unknown,90.0,0,0,0,0,60.0,23,62.5,60.0,unavailable,unavailable,unavailable
2026-09-07T23:41:59,off,0,0,35,-3137,58.0,65,-3874,Healthy,On,unknown,off,unknown,90.0,0,0,0,0,60.0,23,62.5,60.0,unavailable,unavailable,unavailable
2026-09-07T23:42:14,off,0,0,35,-3137,58.0,65,-3865,Healthy,On,unknown,off,unknown,90.0,0,0,0,0,60.0,23,62.5,60.0,unavailable,unavailable,unavailable
2026-09-07T23:42:29,off,0,0,35,-3137,58.0,65,-3868,Healthy,On,unknown,off,unknown,90.0,0,0,0,0,60.0,23,62.5,60.0,unavailable,unavailable,unavailable
2026-09-07T23:42:44,off,0,0,35,-3137,58.0,65,-3874,Healthy,On,unknown,off,unknown,90.0,0,0,0,0,60.0,23,62.5,60.0,unavailable,unavailable,unavailable
2026-09-07T23:43:00,off,0,0,35,-3137,58.0,65,-3888,Healthy,On,unknown,off,unknown,90.0,0,0,0,0,60.0,23,62.5,60.0,unavailable,unavailable,unavailable
2026-09-07T23:43:15,off,0,0,35,-3137,58.0,65,-3871,Healthy,On,unknown,off,unknown,90.0,0,0,0,0,60.0,23,62.5,60.0,unavailable,unavailable,unavailable
2026-09-07T23:43:30,off,0,0,35,-3137,58.0,65,-3876,Healthy,On,unknown,off,unknown,90.0,0,0,0,0,60.0,23,62.5,60.0,unavailable,unavailable,unavailable
2026-09-07T23:43:45,off,0,0,35,-3143,58.1,65,-3875,Healthy,On,unknown,off,unknown,90.0,0,0,0,0,60.0,23,62.5,60.0,unavailable,unavailable,unavailable
2026-09-07T23:44:01,off,0,0,35,-3137,58.0,65,-3869,Healthy,On,unknown,off,unknown,90.0,0,0,0,0,60.0,23,62.5,60.0,unavailable,unavailable,unavailable
2026-09-07T23:44:16,off,0,0,35,-3137,58.0,65,-3870,Healthy,On,unknown,off,unknown,90.0,0,0,0,0,60.0,23,62.5,60.0,unavailable,unavailable,unavailable
2026-09-07T23:44:31,off,0,0,35,-3137,58.0,65,-3862,Healthy,On,unknown,off,unknown,90.0,0,0,0,0,60.0,23,62.5,60.0,unavailable,unavailable,unavailable
2026-09-07T23:44:46,off,0,0,35,-3137,58.0,65,-3868,Healthy,On,unknown,off,unknown,90.0,0,0,0,0,60.0,23,62.5,60.0,unavailable,unavailable,unavailable
2026-09-07T23:45:14,off,0,0,35,-3137,58.0,66,-3869,Healthy,On,unknown,off,unknown,90.0,0,0,0,0,60.0,23,62.5,60.0,unavailable,unavailable,unavailable
2026-09-07T23:45:29,off,0,0,35,-3137,58.0,66,-3952,Healthy,On,unknown,off,unknown,90.0,0,0,0,0,60.0,23,62.5,60.0,unavailable,unavailable,unavailable
2026-09-07T23:45:44,off,0,0,35,-3137,58.0,66,-3955,Healthy,On,unknown,off,unknown,90.0,0,0,0,0,60.0,23,62.5,60.0,unavailable,unavailable,unavailable
2026-09-07T23:45:59,off,0,0,35,-3137,58.0,66,-3930,Healthy,On,unknown,off,unknown,90.0,0,0,0,0,60.0,23,62.5,60.0,unavailable,unavailable,unavailable
2026-09-07T23:46:15,off,0,0,35,-3137,58.0,66,-3931,Healthy,On,unknown,off,unknown,90.0,0,0,0,0,60.0,23,62.5,60.0,unavailable,unavailable,unavailable
2026-09-07T23:46:30,off,0,0,35,-3132,57.9,66,-3940,Healthy,On,unknown,off,unknown,90.0,0,0,0,0,60.0,23,62.5,60.0,unavailable,unavailable,unavailable
2026-09-07T23:46:45,off,0,0,35,-3137,58.0,66,-3931,Healthy,On,unknown,off,unknown,90.0,0,0,0,0,60.0,23,62.5,60.0,unavailable,unavailable,unavailable
2026-09-07T23:47:16,off,0,0,35,-3137,58.0,100,-3918,Degraded,unknown,unknown,off,unknown,90.0,0,0,0,0,60.0,23,62.5,60.0,unavailable,unavailable,unavailable
2026-09-07T23:47:31,off,0,0,35,-3078,56.9,66,-3956,Degraded,On,unknown,off,unknown,90.0,0,0,0,0,60.0,23,62.5,60.0,unavailable,unavailable,unavailable
2026-09-07T23:47:46,off,0,0,35,-3148,58.2,66,-3924,Degraded,On,unknown,off,unknown,90.0,0,0,0,0,60.0,23,62.5,60.0,unavailable,unavailable,unavailable
2026-09-07T23:48:01,off,0,0,35,-3137,58.0,66,-3936,Degraded,On,unknown,off,unknown,90.0,0,0,0,0,60.0,23,62.5,60.0,unavailable,unavailable,unavailable
2026-09-07T23:48:17,off,0,0,35,-3143,58.1,66,-3931,Degraded,On,unknown,off,unknown,90.0,0,0,0,0,60.0,23,62.5,60.0,unavailable,unavailable,unavailable
2026-09-07T23:48:29,off,0,0,35,-3148,58.2,66,-3942,Degraded,On,unknown,off,unknown,90.0,0,0,0,0,60.0,23,62.5,60.0,unavailable,unavailable,unavailable
2026-09-07T23:48:44,off,0,0,35,-3143,58.1,66,-3936,Degraded,On,unknown,off,unknown,90.0,0,0,0,0,60.0,23,62.5,60.0,unavailable,unavailable,unavailable
2026-09-07T23:48:59,off,0,0,35,-3137,58.0,66,-3915,Degraded,On,unknown,off,unknown,90.0,0,0,0,0,60.0,23,62.5,60.0,unavailable,unavailable,unavailable
2026-09-07T23:49:15,off,0,0,35,-3143,58.1,66,-3938,Degraded,On,unknown,off,unknown,90.0,0,0,0,0,60.0,23,62.5,60.0,unavailable,unavailable,unavailable
2026-09-07T23:49:30,off,0,0,35,-3143,58.1,66,-3933,Degraded,On,unknown,off,unknown,90.0,0,0,0,0,60.0,23,62.5,60.0,unavailable,unavailable,unavailable
2026-09-07T23:49:45,off,0,0,35,-3148,58.2,66,-3932,Degraded,On,unknown,off,unknown,90.0,0,0,0,0,60.0,23,62.5,60.0,unavailable,unavailable,unavailable
2026-09-07T23:50:00,off,0,0,35,-3143,58.1,66,-3931,Degraded,On,unknown,off,unknown,90.0,0,0,0,0,60.0,23,62.5,60.0,unavailable,unavailable,unavailable
2026-09-07T23:50:16,off,0,0,35,-3143,58.1,66,-3921,Degraded,On,unknown,off,unknown,90.0,0,0,0,0,60.0,23,62.5,60.0,unavailable,unavailable,unavailable
2026-09-07T23:50:31,off,0,0,35,-3143,58.1,66,-3926,Degraded,On,unknown,off,unknown,90.0,0,0,0,0,60.0,23,62.5,60.0,unavailable,unavailable,unavailable
2026-09-07T23:50:46,off,0,0,35,-3148,58.2,66,-3928,Degraded,On,unknown,off,unknown,90.0,0,0,0,0,60.0,23,62.5,60.0,unavailable,unavailable,unavailable
2026-09-07T23:51:01,off,0,0,35,-3148,58.2,67,-3928,Degraded,On,unknown,off,unknown,90.0,0,0,0,0,60.0,23,62.5,60.0,unavailable,unavailable,unavailable
2026-09-07T23:51:16,off,0,0,35,-3143,58.1,67,-3920,Degraded,On,unknown,off,unknown,90.0,0,0,0,0,60.0,23,62.5,60.0,unavailable,unavailable,unavailable
2026-09-07T23:51:32,off,0,0,35,-3143,58.1,67,-3939,Degraded,On,unknown,off,unknown,90.0,0,0,0,0,60.0,23,62.5,60.0,unavailable,unavailable,unavailable
2026-09-07T23:51:44,off,0,0,35,-3143,58.1,67,-3927,Degraded,On,unknown,off,unknown,90.0,0,0,0,0,60.0,23,62.5,60.0,unavailable,unavailable,unavailable
2026-09-07T23:51:59,off,0,0,35,-3148,58.2,67,-3931,Degraded,On,unknown,off,unknown,90.0,0,0,0,0,60.0,23,62.5,60.0,unavailable,unavailable,unavailable
2026-09-07T23:52:14,off,0,0,35,-3143,58.1,67,-3931,Degraded,On,unknown,off,unknown,90.0,0,0,0,0,60.0,23,62.5,60.0,unavailable,unavailable,unavailable
2026-09-07T23:52:30,off,0,0,35,-3148,58.2,67,-3929,Degraded,On,unknown,off,unknown,90.0,0,0,0,0,60.0,23,62.5,60.0,unavailable,unavailable,unavailable
2026-09-07T23:52:45,off,0,0,35,-3143,58.1,67,-3882,Degraded,On,unknown,off,unknown,90.0,0,0,0,0,60.0,23,62.5,60.0,unavailable,unavailable,unavailable
2026-09-07T23:53:00,off,0,0,35,-3143,58.1,67,-3875,Degraded,On,unknown,off,unknown,90.0,0,0,0,0,60.0,23,62.5,60.0,unavailable,unavailable,unavailable
2026-09-07T23:53:15,off,0,0,35,-3143,58.1,67,-3872,Degraded,On,unknown,off,unknown,90.0,0,0,0,0,60.0,23,62.5,60.0,unavailable,unavailable,unavailable
2026-09-07T23:53:31,off,0,0,35,-3148,58.2,67,-3874,Degraded,On,unknown,off,unknown,90.0,0,0,0,0,60.0,23,62.5,60.0,unavailable,unavailable,unavailable
2026-09-07T23:53:46,off,0,0,35,-3143,58.1,67,-3884,Degraded,On,unknown,off,unknown,90.0,0,0,0,0,60.0,23,62.5,60.0,unavailable,unavailable,unavailable
2026-09-07T23:54:01,off,0,0,35,-3143,58.1,67,-3873,Degraded,On,unknown,off,unknown,90.0,0,0,0,0,60.0,23,62.5,60.0,unavailable,unavailable,unavailable
2026-09-07T23:54:16,off,0,0,35,-3143,58.1,67,-3871,Degraded,On,unknown,off,unknown,90.0,0,0,0,0,60.0,23,62.5,60.0,unavailable,unavailable,unavailable
2026-09-07T23:54:32,off,0,0,35,-3148,58.2,67,-3873,Degraded,On,unknown,off,unknown,90.0,0,0,0,0,60.0,23,62.5,60.0,unavailable,unavailable,unavailable
2026-09-07T23:54:44,off,0,0,35,-3143,58.1,67,-3886,Degraded,On,unknown,off,unknown,90.0,0,0,0,0,60.0,23,62.5,60.0,unavailable,unavailable,unavailable
2026-09-07T23:54:59,off,0,0,35,-3143,58.1,67,-3873,Degraded,On,unknown,off,unknown,90.0,0,0,0,0,60.0,23,62.5,60.0,unavailable,unavailable,unavailable
2026-09-07T23:55:14,off,0,0,35,-3148,58.2,67,-3877,Degraded,On,unknown,off,unknown,90.0,0,0,0,0,60.0,23,62.5,60.0,unavailable,unavailable,unavailable
2026-09-07T23:55:29,off,0,0,35,-3137,58.0,67,-3877,Degraded,On,unknown,off,unknown,90.0,0,0,0,0,60.0,23,62.5,60.0,unavailable,unavailable,unavailable
2026-09-07T23:55:45,off,0,0,35,-3148,58.2,67,-3895,Degraded,On,unknown,off,unknown,90.0,0,0,0,0,60.0,23,62.5,60.0,unavailable,unavailable,unavailable
2026-09-07T23:56:00,off,0,0,35,-3143,58.1,67,-3874,Degraded,On,unknown,off,unknown,90.0,0,0,0,0,60.0,23,62.5,60.0,unavailable,unavailable,unavailable
2026-09-07T23:56:15,off,0,0,35,-3148,58.2,67,-3881,Degraded,On,unknown,off,unknown,90.0,0,0,0,0,60.0,23,62.5,60.0,unavailable,unavailable,unavailable
2026-09-07T23:56:30,off,0,0,35,-3148,58.2,67,-3887,Degraded,On,unknown,off,unknown,90.0,0,0,0,0,60.0,23,62.5,60.0,unavailable,unavailable,unavailable
2026-09-07T23:56:46,off,0,0,35,-3148,58.2,67,-3879,Degraded,On,unknown,off,unknown,90.0,0,0,0,0,60.0,23,62.5,60.0,unavailable,unavailable,unavailable
2026-09-07T23:57:01,off,0,0,35,-3143,58.1,68,-3868,Degraded,On,unknown,off,unknown,90.0,0,0,0,0,60.0,23,62.5,60.0,unavailable,unavailable,unavailable
2026-09-07T23:57:16,off,0,0,35,-3148,58.2,68,-3877,Healthy,On,unknown,off,unknown,90.0,0,0,0,0,60.0,23,62.5,60.0,unavailable,unavailable,unavailable
2026-09-07T23:57:31,off,0,0,35,-3148,58.2,68,-3885,Healthy,On,unknown,off,unknown,90.0,0,0,0,0,60.0,23,62.5,60.0,unavailable,unavailable,unavailable
2026-09-07T23:57:59,off,0,0,35,-3154,58.3,68,-3892,Healthy,On,unknown,off,unknown,90.0,0,0,0,0,60.0,23,62.5,60.0,unavailable,unavailable,unavailable
2026-09-07T23:58:29,off,0,0,35,-3137,58.0,68,-3883,Healthy,On,unknown,off,unknown,90.0,0,0,0,0,60.0,23,62.5,60.0,unavailable,unavailable,unavailable
2026-09-07T23:58:45,off,0,0,35,-3143,58.1,68,-3973,Healthy,On,unknown,off,unknown,90.0,0,0,0,0,60.0,23,62.5,60.0,unavailable,unavailable,unavailable
2026-09-07T23:59:00,off,0,0,35,-3148,58.2,68,-4144,Healthy,On,unknown,off,unknown,90.0,0,0,0,0,60.0,23,62.5,60.0,unavailable,unavailable,unavailable
2026-09-07T23:59:15,off,0,0,35,-3154,58.3,68,-4151,Healthy,On,unknown,off,unknown,90.0,0,0,0,0,60.0,23,62.5,60.0,unavailable,unavailable,unavailable
2026-09-07T23:59:30,off,0,0,35,-3154,58.3,68,-4157,Healthy,On,unknown,off,unknown,90.0,0,0,0,0,60.0,23,62.5,60.0,unavailable,unavailable,unavailable
2026-09-07T23:59:45,off,0,0,35,-3154,58.3,68,-4148,Healthy,On,unknown,off,unknown,90.0,0,0,0,0,60.0,23,62.5,60.0,unavailable,unavailable,unavailable
2026-09-08T00:00:01,off,0,0,35,-3143,58.1,68,-4132,Healthy,On,unknown,off,unknown,90.0,0,0,0,0,60.0,23,62.5,60.0,unavailable,unavailable,unavailable
2026-09-08T00:00:16,off,0,0,35,-3137,58.0,68,-4125,Healthy,On,unknown,off,unknown,90.0,0,0,0,0,60.0,23,62.5,60.0,unavailable,unavailable,unavailable
2026-09-08T00:00:31,off,0,0,35,-3143,58.1,68,-4136,Healthy,On,unknown,off,unknown,90.0,0,0,0,0,60.0,23,62.5,60.0,unavailable,unavailable,unavailable
2026-09-08T00:00:46,off,0,0,35,-3137,58.0,68,-4115,Healthy,On,unknown,off,unknown,90.0,0,0,0,0,60.0,23,62.5,60.0,unavailable,unavailable,unavailable
2026-09-08T00:01:02,off,0,0,35,-3143,58.1,68,-4113,Healthy,On,unknown,off,unknown,90.0,0,0,0,0,60.0,23,62.5,60.0,unavailable,unavailable,unavailable
2026-09-08T00:01:14,off,0,0,35,-3143,58.1,68,-4121,Healthy,On,unknown,off,unknown,90.0,0,0,0,0,60.0,23,62.5,60.0,unavailable,unavailable,unavailable
2026-09-08T00:01:29,off,0,0,35,-3137,58.0,68,-4116,Healthy,On,unknown,off,unknown,90.0,0,0,0,0,60.0,23,62.5,60.0,unavailable,unavailable,unavailable
2026-09-08T00:01:44,off,0,0,35,-3143,58.1,68,-4114,Healthy,On,unknown,off,unknown,90.0,0,0,0,0,60.0,23,62.5,60.0,unavailable,unavailable,unavailable
2026-09-08T00:02:00,off,0,0,35,-3143,58.1,68,-4108,Healthy,On,unknown,off,unknown,90.0,0,0,0,0,60.0,23,62.5,60.0,unavailable,unavailable,unavailable
2026-09-08T00:02:15,off,0,0,35,-3143,58.1,68,-4117,Healthy,On,unknown,off,unknown,90.0,0,0,0,0,60.0,23,62.5,60.0,unavailable,unavailable,unavailable
2026-09-08T00:02:30,off,0,0,35,-3137,58.0,68,-4119,Healthy,On,unknown,off,unknown,90.0,0,0,0,0,60.0,23,62.5,60.0,unavailable,unavailable,unavailable
2026-09-08T00:02:45,off,0,0,35,-3137,58.0,69,-4115,Healthy,On,unknown,off,unknown,90.0,0,0,0,0,60.0,23,62.5,60.0,unavailable,unavailable,unavailable
2026-09-08T00:03:01,off,0,0,35,-3148,58.2,69,-4110,Healthy,On,unknown,off,unknown,90.0,0,0,0,0,60.0,23,62.5,60.0,unavailable,unavailable,unavailable
2026-09-08T00:03:16,off,0,0,35,-3143,58.1,69,-4109,Healthy,On,unknown,off,unknown,90.0,0,0,0,0,60.0,23,62.5,60.0,unavailable,unavailable,unavailable
2026-09-08T00:03:31,off,0,0,35,-3143,58.1,69,-4113,Healthy,On,unknown,off,unknown,90.0,0,0,0,0,60.0,23,62.5,60.0,unavailable,unavailable,unavailable
2026-09-08T00:03:46,off,0,0,35,-3143,58.1,69,-4112,Healthy,On,unknown,off,unknown,90.0,0,0,0,0,60.0,23,62.5,60.0,unavailable,unavailable,unavailable
2026-09-08T00:04:02,off,0,0,35,-3148,58.2,69,-4102,Healthy,On,unknown,off,unknown,90.0,0,0,0,0,60.0,23,62.5,60.0,unavailable,unavailable,unavailable
2026-09-08T00:04:14,off,0,0,35,-3143,58.1,69,-4118,Healthy,On,unknown,off,unknown,90.0,0,0,0,0,60.0,23,62.5,60.0,unavailable,unavailable,unavailable
2026-09-08T00:04:29,off,0,0,35,-3143,58.1,69,-4098,Healthy,On,unknown,off,unknown,90.0,0,0,0,0,60.0,23,62.5,60.0,unavailable,unavailable,unavailable
2026-09-08T00:04:44,off,0,0,35,-3143,58.1,69,-4082,Healthy,On,unknown,off,unknown,90.0,0,0,0,0,60.0,23,62.5,60.0,unavailable,unavailable,unavailable
2026-09-08T00:04:59,off,0,0,35,-3143,58.0,69,-4094,Healthy,On,unknown,off,unknown,90.0,0,0,0,0,60.0,23,62.5,60.0,unavailable,unavailable,unavailable
2026-09-08T00:05:15,off,0,0,35,-3143,58.1,69,-4126,Healthy,On,unknown,off,unknown,90.0,0,0,0,0,60.0,23,62.5,60.0,unavailable,unavailable,unavailable
2026-09-08T00:05:30,off,0,0,35,-3137,58.0,69,-4049,Healthy,On,unknown,off,unknown,90.0,0,0,0,0,60.0,23,62.5,60.0,unavailable,unavailable,unavailable
2026-09-08T00:05:45,off,0,0,35,-3143,58.1,69,-4066,Healthy,On,unknown,off,unknown,90.0,0,0,0,0,60.0,23,62.5,60.0,unavailable,unavailable,unavailable
2026-09-08T00:06:00,off,0,0,35,-3148,58.2,69,-4062,Healthy,On,unknown,off,unknown,90.0,0,0,0,0,60.0,23,62.5,60.0,unavailable,unavailable,unavailable
2026-09-08T00:06:16,off,0,0,35,-3148,58.2,69,-4064,Healthy,On,unknown,off,unknown,90.0,0,0,0,0,60.0,23,62.5,60.0,unavailable,unavailable,unavailable
2026-09-08T00:06:31,off,0,0,35,-3143,58.0,69,-4068,Healthy,On,unknown,off,unknown,90.0,0,0,0,0,60.0,23,62.5,60.0,unavailable,unavailable,unavailable
2026-09-08T00:06:46,off,0,0,35,-3154,58.3,69,-4062,Healthy,On,unknown,off,unknown,90.0,0,0,0,0,60.0,23,62.5,60.0,unavailable,unavailable,unavailable
2026-09-08T00:07:01,off,0,0,35,-3154,58.3,69,-4058,Healthy,On,unknown,off,unknown,90.0,0,0,0,0,60.0,23,62.5,60.0,unavailable,unavailable,unavailable
2026-09-08T00:07:17,off,0,0,35,-3148,58.2,69,-4074,Healthy,On,unknown,off,unknown,90.0,0,0,0,0,60.0,23,62.5,60.0,unavailable,unavailable,unavailable
2026-09-08T00:07:32,off,0,0,35,-3149,58.1,69,-4063,Healthy,On,unknown,off,unknown,90.0,0,0,0,0,60.0,23,62.5,60.0,unavailable,unavailable,unavailable
2026-09-08T00:07:44,off,0,0,35,-3154,58.2,69,-3897,Healthy,On,unknown,off,unknown,90.0,0,0,0,0,60.0,23,62.5,60.0,unavailable,unavailable,unavailable
2026-09-08T00:07:59,off,0,0,35,-3154,58.3,69,-3896,Healthy,On,unknown,off,unknown,90.0,0,0,0,0,60.0,23,62.5,60.0,unavailable,unavailable,unavailable
2026-09-08T00:08:15,off,0,0,35,-3154,58.3,69,-3895,Healthy,On,unknown,off,unknown,90.0,0,0,0,0,60.0,23,62.5,60.0,unavailable,unavailable,unavailable
2026-09-08T00:08:30,off,0,0,35,-3154,58.3,70,-3894,Healthy,On,unknown,off,unknown,90.0,0,0,0,0,60.0,23,62.5,60.0,unavailable,unavailable,unavailable
2026-09-08T00:08:45,off,0,0,35,-3148,58.2,70,-3907,Healthy,On,unknown,off,unknown,90.0,0,0,0,0,60.0,23,62.5,60.0,unavailable,unavailable,unavailable
2026-09-08T00:09:00,off,0,0,35,-3154,58.2,70,-3886,Healthy,On,unknown,off,unknown,90.0,0,0,0,0,60.0,23,62.5,60.0,unavailable,unavailable,unavailable
2026-09-08T00:09:15,off,0,0,35,-3154,58.2,70,-3899,Healthy,On,unknown,off,unknown,90.0,0,0,0,0,60.0,23,62.5,60.0,unavailable,unavailable,unavailable
2026-09-08T00:09:31,off,0,0,35,-3154,58.3,70,-3896,Healthy,On,unknown,off,unknown,90.0,0,0,0,0,60.0,23,62.5,60.0,unavailable,unavailable,unavailable
2026-09-08T00:09:46,off,0,0,35,-3154,58.3,70,-3901,Healthy,On,unknown,off,unknown,90.0,0,0,0,0,60.0,23,62.5,60.0,unavailable,unavailable,unavailable
2026-09-08T00:10:01,off,0,0,35,-3159,58.3,70,-3886,Healthy,On,unknown,off,unknown,90.0,0,0,0,0,60.0,23,62.5,60.0,unavailable,unavailable,unavailable
2026-09-08T00:10:16,off,0,0,35,-3154,58.2,70,-3898,Healthy,On,unknown,off,unknown,90.0,0,0,0,0,60.0,23,62.5,60.0,unavailable,unavailable,unavailable
2026-09-08T00:10:32,off,0,0,35,-3154,58.2,70,-3900,Healthy,On,unknown,off,unknown,90.0,0,0,0,0,60.0,23,62.5,60.0,unavailable,unavailable,unavailable
2026-09-08T00:10:44,off,0,0,35,-3154,58.3,70,-3901,Healthy,On,unknown,off,unknown,90.0,0,0,0,0,60.0,23,62.5,60.0,unavailable,unavailable,unavailable
2026-09-08T00:10:59,off,0,0,35,-3165,58.4,70,-3890,Healthy,On,unknown,off,unknown,90.0,0,0,0,0,60.0,23,62.5,60.0,unavailable,unavailable,unavailable
2026-09-08T00:11:14,off,0,0,35,-3154,58.2,70,-3889,Healthy,On,unknown,off,unknown,90.0,0,0,0,0,60.0,23,62.5,60.0,unavailable,unavailable,unavailable
2026-09-08T00:11:30,off,0,0,35,-3159,58.3,70,-3969,Healthy,On,unknown,off,unknown,90.0,0,0,0,0,60.0,23,62.5,60.0,unavailable,unavailable,unavailable
2026-09-08T00:11:45,off,0,0,35,-3159,58.4,70,-3956,Healthy,On,unknown,off,unknown,90.0,0,0,0,0,60.0,23,62.5,60.0,unavailable,unavailable,unavailable
2026-09-08T00:12:00,off,0,0,35,-3154,58.2,70,-3948,Healthy,On,unknown,off,unknown,90.0,0,0,0,0,60.0,23,62.5,60.0,unavailable,unavailable,unavailable
2026-09-08T00:12:15,off,0,0,35,-3154,58.2,70,-3958,Healthy,On,unknown,off,unknown,90.0,0,0,0,0,60.0,23,62.5,60.0,unavailable,unavailable,unavailable
2026-09-08T00:12:31,off,0,0,35,-3159,58.4,70,-3960,Healthy,On,unknown,off,unknown,90.0,0,0,0,0,60.0,23,62.5,60.0,unavailable,unavailable,unavailable
2026-09-08T00:12:46,off,0,0,35,-3154,58.2,70,-3958,Healthy,On,unknown,off,unknown,90.0,0,0,0,0,60.0,23,62.5,60.0,unavailable,unavailable,unavailable
2026-09-08T00:13:01,off,0,0,35,-3159,58.3,70,-3953,Healthy,On,unknown,off,unknown,90.0,0,0,0,0,60.0,23,62.5,60.0,unavailable,unavailable,unavailable
2026-09-08T00:13:16,off,0,0,35,-3154,58.2,70,-3958,Healthy,On,unknown,off,unknown,90.0,0,0,0,0,60.0,23,62.5,60.0,unavailable,unavailable,unavailable
2026-09-08T00:13:32,off,0,0,35,-3159,58.4,70,-3957,Healthy,On,unknown,off,unknown,90.0,0,0,0,0,60.0,23,62.5,60.0,unavailable,unavailable,unavailable
2026-09-08T00:13:44,off,0,0,35,-3159,58.4,70,-3946,Healthy,On,unknown,off,unknown,90.0,0,0,0,0,60.0,23,62.5,60.0,unavailable,unavailable,unavailable
2026-09-08T00:13:59,off,0,0,35,-3159,58.3,71,-3948,Healthy,On,unknown,off,unknown,90.0,0,0,0,0,60.0,23,62.5,60.0,unavailable,unavailable,unavailable
2026-09-08T00:14:14,off,0,0,35,-3159,58.3,71,-3976,Healthy,On,unknown,off,unknown,90.0,0,0,0,0,60.0,23,62.5,60.0,unavailable,unavailable,unavailable
2026-09-08T00:14:30,off,0,0,35,-3159,58.3,71,-3963,Healthy,On,unknown,off,unknown,90.0,0,0,0,0,60.0,23,62.5,60.0,unavailable,unavailable,unavailable
2026-09-08T00:14:45,off,0,0,35,-3159,58.3,71,-3955,Healthy,On,unknown,off,unknown,90.0,0,0,0,0,60.0,23,62.5,60.0,unavailable,unavailable,unavailable
2026-09-08T00:15:00,off,0,0,35,-3159,58.3,71,-3963,Healthy,On,unknown,off,unknown,90.0,0,0,0,0,60.0,23,62.5,60.0,unavailable,unavailable,unavailable
2026-09-08T00:15:15,off,0,0,35,-3165,58.4,71,-3967,Healthy,On,unknown,off,unknown,90.0,0,0,0,0,60.0,23,62.5,60.0,unavailable,unavailable,unavailable
2026-09-08T00:15:31,off,0,0,35,-3170,58.5,71,-3966,Healthy,On,unknown,off,unknown,90.0,0,0,0,0,60.0,23,62.5,60.0,unavailable,unavailable,unavailable
2026-09-08T00:15:46,off,0,0,35,-3165,58.4,71,-3961,Healthy,On,unknown,off,unknown,90.0,0,0,0,0,60.0,23,62.5,60.0,unavailable,unavailable,unavailable
2026-09-08T00:16:01,off,0,0,35,-3149,58.1,71,-3958,Healthy,On,unknown,off,unknown,90.0,0,0,0,0,60.0,23,62.5,60.0,unavailable,unavailable,unavailable
2026-09-08T00:16:16,off,0,0,35,-3159,58.3,71,-3810,Healthy,On,unknown,off,unknown,90.0,0,0,0,0,60.0,23,62.5,60.0,unavailable,unavailable,unavailable
2026-09-08T00:16:32,off,0,0,35,-3159,58.3,71,-3811,Healthy,On,unknown,off,unknown,90.0,0,0,0,0,60.0,23,62.5,60.0,unavailable,unavailable,unavailable
2026-09-08T00:16:47,off,0,0,35,-3154,58.2,71,-3807,Healthy,On,unknown,off,unknown,90.0,0,0,0,0,60.0,23,62.5,60.0,unavailable,unavailable,unavailable
2026-09-08T00:16:59,off,0,0,35,-3165,58.4,71,-3819,Healthy,On,unknown,off,unknown,90.0,0,0,0,0,60.0,23,62.5,60.0,unavailable,unavailable,unavailable
2026-09-08T00:17:14,off,0,0,35,-3165,58.4,71,-3821,Healthy,On,unknown,off,unknown,90.0,0,0,0,0,60.0,23,62.5,60.0,unavailable,unavailable,unavailable
2026-09-08T00:17:29,off,0,0,35,-3165,58.4,71,-3825,Healthy,On,unknown,off,unknown,90.0,0,0,0,0,60.0,23,62.5,60.0,unavailable,unavailable,unavailable
2026-09-08T00:17:45,off,0,0,35,-3176,58.6,71,-3825,Healthy,On,unknown,off,unknown,90.0,0,0,0,0,60.0,23,62.5,60.0,unavailable,unavailable,unavailable
2026-09-08T00:18:00,off,0,0,35,-3170,58.5,71,-3826,Healthy,On,unknown,off,unknown,90.0,0,0,0,0,60.0,23,62.5,60.0,unavailable,unavailable,unavailable
2026-09-08T00:18:15,off,0,0,35,-3176,58.6,71,-3775,Healthy,On,unknown,off,unknown,90.0,0,0,0,0,60.0,23,62.5,60.0,unavailable,unavailable,unavailable
2026-09-08T00:18:30,off,0,0,35,-3181,58.7,71,-3778,Healthy,On,unknown,off,unknown,90.0,0,0,0,0,60.0,23,62.5,60.0,unavailable,unavailable,unavailable
2026-09-08T00:18:46,off,0,0,35,-3170,58.5,71,-3764,Healthy,On,unknown,off,unknown,90.0,0,0,0,0,60.0,23,62.5,60.0,unavailable,unavailable,unavailable
2026-09-08T00:19:01,off,0,0,35,-3181,58.7,71,-3779,Healthy,On,unknown,off,unknown,90.0,0,0,0,0,60.0,23,62.5,60.0,unavailable,unavailable,unavailable
2026-09-08T00:19:16,off,0,0,35,-3176,58.6,71,-3776,Healthy,On,unknown,off,unknown,90.0,0,0,0,0,60.0,23,62.5,60.0,unavailable,unavailable,unavailable
2026-09-08T00:19:31,off,0,0,35,-3181,58.7,71,-3772,Healthy,On,unknown,off,unknown,90.0,0,0,0,0,60.0,23,62.5,60.0,unavailable,unavailable,unavailable
2026-09-08T00:19:47,off,0,0,35,-3176,58.6,71,-3773,Healthy,On,unknown,off,unknown,90.0,0,0,0,0,60.0,23,62.5,60.0,unavailable,unavailable,unavailable
2026-09-08T00:19:59,off,0,0,35,-3181,58.7,72,-3776,Healthy,On,unknown,off,unknown,90.0,0,0,0,0,60.0,23,62.5,60.0,unavailable,unavailable,unavailable
2026-09-08T00:20:14,off,0,0,35,-3165,58.4,72,-3778,Healthy,On,unknown,off,unknown,90.0,0,0,0,0,60.0,23,62.5,60.0,unavailable,unavailable,unavailable
2026-09-08T00:20:29,off,0,0,35,-3159,58.3,72,-3760,Healthy,On,unknown,off,unknown,90.0,0,0,0,0,60.0,23,62.5,60.0,unavailable,unavailable,unavailable
2026-09-08T00:20:45,off,0,0,35,-3165,58.4,72,-3757,Healthy,On,unknown,off,unknown,90.0,0,0,0,0,60.0,23,62.5,60.0,unavailable,unavailable,unavailable
2026-09-08T00:21:00,off,0,0,35,-3165,58.4,72,-3763,Healthy,On,unknown,off,unknown,90.0,0,0,0,0,60.0,23,62.5,60.0,unavailable,unavailable,unavailable
2026-09-08T00:21:15,off,0,0,35,-3170,58.5,72,-3761,Healthy,On,unknown,off,unknown,90.0,0,0,0,0,60.0,23,62.5,60.0,unavailable,unavailable,unavailable
2026-09-08T00:21:30,off,0,0,35,-3170,58.5,72,-3781,Healthy,On,unknown,off,unknown,90.0,0,0,0,0,60.0,23,62.5,60.0,unavailable,unavailable,unavailable
2026-09-08T00:22:01,off,0,0,35,-3176,58.6,72,-3781,Healthy,On,unknown,off,unknown,90.0,0,0,0,0,60.0,23,62.5,60.0,unavailable,unavailable,unavailable
2026-09-08T00:22:16,off,0,0,35,-3176,58.6,72,-3773,Healthy,On,unknown,off,unknown,90.0,0,0,0,0,60.0,23,62.5,60.0,unavailable,unavailable,unavailable
2026-09-08T00:22:31,off,0,0,35,-3176,58.6,72,-3780,Healthy,On,unknown,off,unknown,90.0,0,0,0,0,60.0,23,62.5,60.0,unavailable,unavailable,unavailable
2026-09-08T00:22:47,off,0,0,35,-3170,58.5,72,-3765,Healthy,On,unknown,off,unknown,90.0,0,0,0,0,60.0,23,62.5,60.0,unavailable,unavailable,unavailable
2026-09-08T00:23:02,off,0,0,35,-3170,58.5,72,-3775,Healthy,On,unknown,off,unknown,90.0,0,0,0,0,60.0,23,62.5,60.0,unavailable,unavailable,unavailable
2026-09-08T00:23:14,off,0,0,35,-3170,58.5,72,-3765,Healthy,On,unknown,off,unknown,90.0,0,0,0,0,60.0,23,62.5,60.0,unavailable,unavailable,unavailable
2026-09-08T00:23:29,off,0,0,35,-3170,58.5,72,-3768,Healthy,On,unknown,off,unknown,90.0,0,0,0,0,60.0,23,62.5,60.0,unavailable,unavailable,unavailable
2026-09-08T00:23:45,off,0,0,35,-3170,58.5,72,-3776,Healthy,On,unknown,off,unknown,90.0,0,0,0,0,60.0,23,62.5,60.0,unavailable,unavailable,unavailable
2026-09-08T00:24:00,off,0,0,35,-3176,58.6,72,-3768,Healthy,On,unknown,off,unknown,90.0,0,0,0,0,60.0,23,62.5,60.0,unavailable,unavailable,unavailable
2026-09-08T00:24:15,off,0,0,35,-3170,58.5,72,-3841,Healthy,On,unknown,off,unknown,90.0,0,0,0,0,60.0,23,62.5,60.0,unavailable,unavailable,unavailable
2026-09-08T00:24:30,off,0,0,35,-3165,58.4,72,-3835,Healthy,On,unknown,off,unknown,90.0,0,0,0,0,60.0,23,62.5,60.0,unavailable,unavailable,unavailable
2026-09-08T00:24:45,off,0,0,35,-3170,58.5,72,-3830,Healthy,On,unknown,off,unknown,90.0,0,0,0,0,60.0,23,62.5,60.0,unavailable,unavailable,unavailable
2026-09-08T00:25:01,off,0,0,35,-3170,58.5,72,-3843,Healthy,On,unknown,off,unknown,90.0,0,0,0,0,60.0,23,62.5,60.0,unavailable,unavailable,unavailable
2026-09-08T00:25:16,off,0,0,35,-3165,58.4,72,-3830,Healthy,On,unknown,off,unknown,90.0,0,0,0,0,60.0,23,62.5,60.0,unavailable,unavailable,unavailable
2026-09-08T00:25:31,off,0,0,35,-3170,58.5,72,-3826,Healthy,On,unknown,off,unknown,90.0,0,0,0,0,60.0,23,62.5,60.0,unavailable,unavailable,unavailable
2026-09-08T00:25:46,off,0,0,35,-3170,58.5,73,-3827,Healthy,On,unknown,off,unknown,90.0,0,0,0,0,60.0,23,62.5,60.0,unavailable,unavailable,unavailable
2026-09-08T00:26:02,off,0,0,35,-3159,58.3,73,-3821,Healthy,On,unknown,off,unknown,90.0,0,0,0,0,60.0,23,62.5,60.0,unavailable,unavailable,unavailable
2026-09-08T00:26:14,off,0,0,35,-3159,58.3,73,-3819,Healthy,On,unknown,off,unknown,90.0,0,0,0,0,60.0,23,62.5,60.0,unavailable,unavailable,unavailable
2026-09-08T00:26:29,off,0,0,35,-3181,58.7,73,-3844,Healthy,On,unknown,off,unknown,90.0,0,0,0,0,60.0,23,62.5,60.0,unavailable,unavailable,unavailable
2026-09-08T00:26:44,off,0,0,35,-3176,58.6,73,-3830,Healthy,On,unknown,off,unknown,90.0,0,0,0,0,60.0,23,62.5,60.0,unavailable,unavailable,unavailable
2026-09-08T00:27:00,off,0,0,35,-3170,58.5,73,-3829,Healthy,On,unknown,off,unknown,90.0,0,0,0,0,60.0,23,62.5,60.0,unavailable,unavailable,unavailable
2026-09-08T00:27:30,off,0,0,35,-3181,58.7,73,-3843,Healthy,On,unknown,off,unknown,90.0,0,0,0,0,60.0,23,62.5,60.0,unavailable,unavailable,unavailable
2026-09-08T00:27:45,off,0,0,35,-3170,58.5,73,-3846,Healthy,On,unknown,off,unknown,90.0,0,0,0,0,60.0,23,62.5,60.0,unavailable,unavailable,unavailable
2026-09-08T00:28:01,off,0,0,35,-3176,58.6,73,-3845,Healthy,On,unknown,off,unknown,90.0,0,0,0,0,60.0,23,62.5,60.0,unavailable,unavailable,unavailable
2026-09-08T00:28:16,off,0,0,35,-3176,58.6,73,-3856,Healthy,On,unknown,off,unknown,90.0,0,0,0,0,60.0,23,62.5,60.0,unavailable,unavailable,unavailable
2026-09-08T00:28:31,off,0,0,35,-3176,58.6,73,-3838,Healthy,On,unknown,off,unknown,90.0,0,0,0,0,60.0,23,62.5,60.0,unavailable,unavailable,unavailable
2026-09-08T00:28:46,off,0,0,35,-3159,58.3,73,-3835,Healthy,On,unknown,off,unknown,90.0,0,0,0,0,60.0,23,62.5,60.0,unavailable,unavailable,unavailable
2026-09-08T00:29:02,off,0,0,35,-3176,58.6,73,-3844,Healthy,On,unknown,off,unknown,90.0,0,0,0,0,60.0,23,62.5,60.0,unavailable,unavailable,unavailable
2026-09-08T00:29:14,off,0,0,35,-3170,58.5,73,-3832,Healthy,On,unknown,off,unknown,90.0,0,0,0,0,60.0,23,62.5,60.0,unavailable,unavailable,unavailable
2026-09-08T00:29:29,off,0,0,35,-3165,58.4,73,-4040,Healthy,On,unknown,off,unknown,90.0,0,0,0,0,60.0,23,62.5,60.0,unavailable,unavailable,unavailable
2026-09-08T00:29:44,off,0,0,35,-3176,58.6,73,-4039,Healthy,On,unknown,off,unknown,90.0,0,0,0,0,60.0,23,62.5,60.0,unavailable,unavailable,unavailable
2026-09-08T00:30:00,off,0,0,35,-3176,58.6,73,-4024,Healthy,On,unknown,off,unknown,90.0,0,0,0,0,60.0,23,62.5,60.0,unavailable,unavailable,unavailable
2026-09-08T00:30:15,off,0,0,35,-3165,58.4,73,-4040,Healthy,On,unknown,off,unknown,90.0,0,0,0,0,60.0,23,62.5,60.0,unavailable,unavailable,unavailable
2026-09-08T00:30:30,off,0,0,35,-3159,58.3,73,-4045,Healthy,On,unknown,off,unknown,90.0,0,0,0,0,60.0,23,62.5,60.0,unavailable,unavailable,unavailable
2026-09-08T00:30:45,off,0,0,35,-3170,58.5,73,-3961,Healthy,On,unknown,off,unknown,90.0,0,0,0,0,60.0,23,62.5,60.0,unavailable,unavailable,unavailable
2026-09-08T00:31:01,off,0,0,35,-3159,58.3,73,-3972,Healthy,On,unknown,off,unknown,90.0,0,0,0,0,60.0,23,62.5,60.0,unavailable,unavailable,unavailable
2026-09-08T00:31:16,off,0,0,35,-3170,58.5,73,-3969,Healthy,On,unknown,off,unknown,90.0,0,0,0,0,60.0,23,62.5,60.0,unavailable,unavailable,unavailable
2026-09-08T00:31:31,off,0,0,35,-3159,58.3,74,-3951,Healthy,On,unknown,off,unknown,90.0,0,0,0,0,60.0,23,62.5,60.0,unavailable,unavailable,unavailable
2026-09-08T00:31:46,off,0,0,35,-3170,58.5,74,-3945,Healthy,On,unknown,off,unknown,90.0,0,0,0,0,60.0,23,62.5,60.0,unavailable,unavailable,unavailable
2026-09-08T00:32:01,off,0,0,35,-3176,58.6,74,-3953,Healthy,On,unknown,off,unknown,90.0,0,0,0,0,60.0,23,62.5,60.0,unavailable,unavailable,unavailable
2026-09-08T00:32:17,off,0,0,35,-3170,58.5,74,-3952,Healthy,On,unknown,off,unknown,90.0,0,0,0,0,60.0,23,62.5,60.0,unavailable,unavailable,unavailable
2026-09-08T00:32:29,off,0,0,35,-3159,58.3,74,-3951,Healthy,On,unknown,off,unknown,90.0,0,0,0,0,60.0,23,62.5,60.0,unavailable,unavailable,unavailable
2026-09-08T00:32:44,off,0,0,35,-3170,58.5,74,-3936,Healthy,On,unknown,off,unknown,90.0,0,0,0,0,60.0,23,62.5,60.0,unavailable,unavailable,unavailable
2026-09-08T00:32:59,off,0,0,35,-3159,58.3,74,-3945,Healthy,On,unknown,off,unknown,90.0,0,0,0,0,60.0,23,62.5,60.0,unavailable,unavailable,unavailable
2026-09-08T00:33:15,off,0,0,35,-3176,58.6,74,-3952,Healthy,On,unknown,off,unknown,90.0,0,0,0,0,60.0,23,62.5,60.0,unavailable,unavailable,unavailable
2026-09-08T00:33:30,off,0,0,35,-3160,58.2,74,-3937,Healthy,On,unknown,off,unknown,90.0,0,0,0,0,60.0,23,62.5,60.0,unavailable,unavailable,unavailable
2026-09-08T00:33:45,off,0,0,35,-3159,58.3,74,-3942,Healthy,On,unknown,off,unknown,90.0,0,0,0,0,60.0,23,62.5,60.0,unavailable,unavailable,unavailable
2026-09-08T00:34:00,off,0,0,35,-3170,58.5,74,-3950,Healthy,On,unknown,off,unknown,90.0,0,0,0,0,60.0,23,62.5,60.0,unavailable,unavailable,unavailable
2026-09-08T00:34:16,off,0,0,35,-3160,58.2,74,-3963,Healthy,On,unknown,off,unknown,90.0,0,0,0,0,60.0,23,62.5,60.0,unavailable,unavailable,unavailable
2026-09-08T00:34:31,off,0,0,35,-3159,58.3,74,-3947,Healthy,On,unknown,off,unknown,90.0,0,0,0,0,60.0,23,62.5,60.0,unavailable,unavailable,unavailable
2026-09-08T00:34:46,off,0,0,35,-3165,58.4,74,-3938,Healthy,On,unknown,off,unknown,90.0,0,0,0,0,60.0,23,62.5,60.0,unavailable,unavailable,unavailable
2026-09-08T00:35:01,off,0,0,35,-3160,58.2,74,-3960,Healthy,On,unknown,off,unknown,90.0,0,0,0,0,60.0,23,62.5,60.0,unavailable,unavailable,unavailable
2026-09-08T00:35:17,off,0,0,35,-3159,58.3,74,-3953,Healthy,On,unknown,off,unknown,90.0,0,0,0,0,60.0,23,62.5,60.0,unavailable,unavailable,unavailable
2026-09-08T00:35:29,off,0,0,35,-3160,58.2,74,-3939,Healthy,On,unknown,off,unknown,90.0,0,0,0,0,60.0,23,62.5,60.0,unavailable,unavailable,unavailable
2026-09-08T00:35:44,off,0,0,35,-3160,58.2,74,-3955,Healthy,On,unknown,off,unknown,90.0,0,0,0,0,60.0,23,62.5,60.0,unavailable,unavailable,unavailable
2026-09-08T00:35:59,off,0,0,35,-3171,58.4,74,-3956,Healthy,On,unknown,off,unknown,90.0,0,0,0,0,60.0,23,62.5,60.0,unavailable,unavailable,unavailable
2026-09-08T00:36:15,off,0,0,35,-3160,58.2,74,-3919,Healthy,On,unknown,off,unknown,90.0,0,0,0,0,60.0,23,62.5,60.0,unavailable,unavailable,unavailable
2026-09-08T00:36:30,off,0,0,35,-3171,58.4,74,-3911,Healthy,On,unknown,off,unknown,90.0,0,0,0,0,60.0,23,62.5,60.0,unavailable,unavailable,unavailable
2026-09-08T00:36:45,off,0,0,35,-3160,58.2,74,-3994,Healthy,On,unknown,off,unknown,90.0,0,0,0,0,60.0,23,62.5,60.0,unavailable,unavailable,unavailable
2026-09-08T00:37:00,off,0,0,35,-3154,58.1,75,-4005,Healthy,On,unknown,off,unknown,90.0,0,0,0,0,60.0,23,62.5,60.0,unavailable,unavailable,unavailable
2026-09-08T00:37:16,off,0,0,35,-3160,58.2,75,-4001,Healthy,On,unknown,off,unknown,90.0,0,0,0,0,60.0,23,62.5,60.0,unavailable,unavailable,unavailable
2026-09-08T00:37:31,off,0,0,35,-3154,58.1,75,-3989,Healthy,On,unknown,off,unknown,90.0,0,0,0,0,60.0,23,62.5,60.0,unavailable,unavailable,unavailable
2026-09-08T00:37:46,off,0,0,35,-3165,58.3,75,-3973,Healthy,On,unknown,off,unknown,90.0,0,0,0,0,60.0,23,62.5,60.0,unavailable,unavailable,unavailable
2026-09-08T00:38:01,off,0,0,35,-3165,58.3,75,-3853,Healthy,On,unknown,off,unknown,90.0,0,0,0,0,60.0,23,62.5,60.0,unavailable,unavailable,unavailable
2026-09-08T00:38:17,off,0,0,35,-3165,58.3,75,-3811,Healthy,On,unknown,off,unknown,90.0,0,0,0,0,60.0,23,62.5,60.0,unavailable,unavailable,unavailable
2026-09-08T00:38:32,off,0,0,35,-3165,58.3,75,-3813,Healthy,On,unknown,off,unknown,90.0,0,0,0,0,60.0,23,62.5,60.0,unavailable,unavailable,unavailable
2026-09-08T00:38:44,off,0,0,35,-3160,58.2,75,-3799,Healthy,On,unknown,off,unknown,90.0,0,0,0,0,60.0,23,62.5,60.0,unavailable,unavailable,unavailable
2026-09-08T00:38:59,off,0,0,35,-3181,58.6,75,-3822,Healthy,On,unknown,off,unknown,90.0,0,0,0,0,60.0,23,62.5,60.0,unavailable,unavailable,unavailable
2026-09-08T00:39:14,off,0,0,35,-3171,58.4,75,-3817,Healthy,On,unknown,off,unknown,90.0,0,0,0,0,60.0,23,62.5,60.0,unavailable,unavailable,unavailable
2026-09-08T00:39:30,off,0,0,35,-3176,58.5,75,-3810,Healthy,On,unknown,off,unknown,90.0,0,0,0,0,60.0,23,62.5,60.0,unavailable,unavailable,unavailable
2026-09-08T00:39:45,off,0,0,35,-3165,58.3,75,-3798,Healthy,On,unknown,off,unknown,90.0,0,0,0,0,60.0,23,62.5,60.0,unavailable,unavailable,unavailable
2026-09-08T00:40:00,off,0,0,35,-3165,58.3,75,-3799,Healthy,On,unknown,off,unknown,90.0,0,0,0,0,60.0,23,62.5,60.0,unavailable,unavailable,unavailable
2026-09-08T00:40:15,off,0,0,35,-3171,58.4,75,-3817,Healthy,On,unknown,off,unknown,90.0,0,0,0,0,60.0,23,62.5,60.0,unavailable,unavailable,unavailable
2026-09-08T00:40:31,off,0,0,35,-3160,58.2,75,-3794,Healthy,On,unknown,off,unknown,90.0,0,0,0,0,60.0,23,62.5,60.0,unavailable,unavailable,unavailable
2026-09-08T00:40:46,off,0,0,35,-3165,58.3,75,-3803,Healthy,On,unknown,off,unknown,90.0,0,0,0,0,60.0,23,62.5,60.0,unavailable,unavailable,unavailable
2026-09-08T00:41:01,off,0,0,35,-3171,58.4,75,-3801,Healthy,On,unknown,off,unknown,90.0,0,0,0,0,60.0,23,62.5,60.0,unavailable,unavailable,unavailable
2026-09-08T00:41:16,off,0,0,35,-3165,58.3,75,-3807,Healthy,On,unknown,off,unknown,90.0,0,0,0,0,60.0,23,62.5,60.0,unavailable,unavailable,unavailable
2026-09-08T00:41:32,off,0,0,35,-3160,58.2,75,-3812,Healthy,On,unknown,off,unknown,90.0,0,0,0,0,60.0,23,62.5,60.0,unavailable,unavailable,unavailable
2026-09-08T00:41:44,off,0,0,35,-3165,58.3,75,-3799,Healthy,On,unknown,off,unknown,90.0,0,0,0,0,60.0,23,62.5,60.0,unavailable,unavailable,unavailable
2026-09-08T00:41:59,off,0,0,35,-3160,58.2,75,-3793,Healthy,On,unknown,off,unknown,90.0,0,0,0,0,60.0,23,62.5,60.0,unavailable,unavailable,unavailable
2026-09-08T00:42:14,off,0,0,35,-3160,58.2,75,-3798,Healthy,On,unknown,off,unknown,90.0,0,0,0,0,60.0,23,62.5,60.0,unavailable,unavailable,unavailable
2026-09-08T00:42:30,off,0,0,35,-3160,58.2,75,-3792,Healthy,On,unknown,off,unknown,90.0,0,0,0,0,60.0,23,62.5,60.0,unavailable,unavailable,unavailable
2026-09-08T00:42:45,off,0,0,35,-3165,58.3,76,-3793,Healthy,On,unknown,off,unknown,90.0,0,0,0,0,60.0,23,62.5,60.0,unavailable,unavailable,unavailable
2026-09-08T00:43:00,off,0,0,35,-3149,58.0,76,-3971,Healthy,On,unknown,off,unknown,90.0,0,0,0,0,60.0,23,62.5,60.0,unavailable,unavailable,unavailable
2026-09-08T00:43:15,off,0,0,35,-3165,58.3,76,-3974,Healthy,On,unknown,off,unknown,90.0,0,0,0,0,60.0,23,62.5,60.0,unavailable,unavailable,unavailable
2026-09-08T00:43:31,off,0,0,35,-3160,58.2,76,-3915,Healthy,On,unknown,off,unknown,90.0,0,0,0,0,60.0,23,62.5,60.0,unavailable,unavailable,unavailable
2026-09-08T00:43:46,off,0,0,35,-3165,58.3,76,-3900,Healthy,On,unknown,off,unknown,90.0,0,0,0,0,60.0,23,62.5,60.0,unavailable,unavailable,unavailable
2026-09-08T00:44:01,off,0,0,35,-3165,58.3,76,-3910,Healthy,On,unknown,off,unknown,90.0,0,0,0,0,60.0,23,62.5,60.0,unavailable,unavailable,unavailable
2026-09-08T00:44:16,off,0,0,35,-3171,58.4,76,-3900,Healthy,On,unknown,off,unknown,90.0,0,0,0,0,60.0,23,62.5,60.0,unavailable,unavailable,unavailable
2026-09-08T00:44:32,off,0,0,35,-3160,58.2,76,-3882,Healthy,On,unknown,off,unknown,90.0,0,0,0,0,60.0,23,62.5,60.0,unavailable,unavailable,unavailable
2026-09-08T00:44:47,off,0,0,35,-3165,58.3,76,-3891,Healthy,On,unknown,off,unknown,90.0,0,0,0,0,60.0,23,62.5,60.0,unavailable,unavailable,unavailable
2026-09-08T00:44:59,off,0,0,35,-3171,58.4,76,-3914,Healthy,On,unknown,off,unknown,90.0,0,0,0,0,60.0,23,62.5,60.0,unavailable,unavailable,unavailable
2026-09-08T00:45:14,off,0,0,35,-3165,58.3,76,-3905,Healthy,On,unknown,off,unknown,90.0,0,0,0,0,60.0,23,62.5,60.0,unavailable,unavailable,unavailable
2026-09-08T00:45:29,off,0,0,35,-3171,58.4,76,-3894,Healthy,On,unknown,off,unknown,90.0,0,0,0,0,60.0,23,62.5,60.0,unavailable,unavailable,unavailable
2026-09-08T00:45:45,off,0,0,35,-3176,58.5,76,-3901,Healthy,On,unknown,off,unknown,90.0,0,0,0,0,60.0,23,62.5,60.0,unavailable,unavailable,unavailable
2026-09-08T00:46:00,off,0,0,35,-3176,58.4,76,-3883,Healthy,On,unknown,off,unknown,90.0,0,0,0,0,60.0,23,62.5,60.0,unavailable,unavailable,unavailable
2026-09-08T00:46:15,off,0,0,35,-3176,58.4,76,-3888,Healthy,On,unknown,off,unknown,90.0,0,0,0,0,60.0,23,62.5,60.0,unavailable,unavailable,unavailable
2026-09-08T00:46:30,off,0,0,35,-3176,58.5,76,-3896,Healthy,On,unknown,off,unknown,90.0,0,0,0,0,60.0,23,62.5,60.0,unavailable,unavailable,unavailable
2026-09-08T00:46:46,off,0,0,35,-3171,58.3,76,-3897,Healthy,On,unknown,off,unknown,90.0,0,0,0,0,60.0,23,62.5,60.0,unavailable,unavailable,unavailable
2026-09-08T00:47:01,off,0,0,35,-3171,58.4,76,-3895,Healthy,On,unknown,off,unknown,90.0,0,0,0,0,60.0,23,62.5,60.0,unavailable,unavailable,unavailable
2026-09-08T00:47:16,off,0,0,35,-3176,58.5,76,-3884,Healthy,On,unknown,off,unknown,90.0,0,0,0,0,60.0,23,62.5,60.0,unavailable,unavailable,unavailable
2026-09-08T00:47:31,off,0,0,35,-3176,58.5,76,-3903,Healthy,On,unknown,off,unknown,90.0,0,0,0,0,60.0,23,62.5,60.0,unavailable,unavailable,unavailable
2026-09-08T00:47:47,off,0,0,35,-3176,58.4,76,-3893,Healthy,On,unknown,off,unknown,90.0,0,0,0,0,60.0,23,62.5,60.0,unavailable,unavailable,unavailable
2026-09-08T00:48:02,off,0,0,35,-3182,58.5,76,-3886,Healthy,On,unknown,off,unknown,90.0,0,0,0,0,60.0,23,62.5,60.0,unavailable,unavailable,unavailable
2026-09-08T00:48:29,off,0,0,35,-3182,58.5,77,-3898,Healthy,On,unknown,off,unknown,90.0,0,0,0,0,60.0,23,62.5,60.0,unavailable,unavailable,unavailable
2026-09-08T00:48:45,off,0,0,35,-3176,58.4,77,-3887,Healthy,On,unknown,off,unknown,90.0,0,0,0,0,60.0,23,62.5,60.0,unavailable,unavailable,unavailable
2026-09-08T00:49:00,off,0,0,35,-3176,58.4,77,-3899,Healthy,On,unknown,off,unknown,90.0,0,0,0,0,60.0,23,62.5,60.0,unavailable,unavailable,unavailable
2026-09-08T00:49:15,off,0,0,35,-3176,58.4,77,-3893,Healthy,On,unknown,off,unknown,90.0,0,0,0,0,60.0,23,62.5,60.0,unavailable,unavailable,unavailable
2026-09-08T00:49:30,off,0,0,35,-3182,58.5,77,-3957,Healthy,On,unknown,off,unknown,90.0,0,0,0,0,60.0,23,62.5,60.0,unavailable,unavailable,unavailable
2026-09-08T00:49:45,off,0,0,35,-3182,58.5,77,-3963,Healthy,On,unknown,off,unknown,90.0,0,0,0,0,60.0,23,62.5,60.0,unavailable,unavailable,unavailable
2026-09-08T00:50:01,off,0,0,35,-3182,58.5,77,-3967,Healthy,On,unknown,off,unknown,90.0,0,0,0,0,60.0,23,62.5,60.0,unavailable,unavailable,unavailable
2026-09-08T00:50:16,off,0,0,35,-3176,58.4,77,-3958,Healthy,On,unknown,off,unknown,90.0,0,0,0,0,60.0,23,62.5,60.0,unavailable,unavailable,unavailable
2026-09-08T00:50:31,off,0,0,35,-3176,58.4,77,-3952,Healthy,On,unknown,off,unknown,90.0,0,0,0,0,60.0,23,62.5,60.0,unavailable,unavailable,unavailable
2026-09-08T00:50:46,off,0,0,35,-3176,58.4,77,-3958,Healthy,On,unknown,off,unknown,90.0,0,0,0,0,60.0,23,62.5,60.0,unavailable,unavailable,unavailable
2026-09-08T00:51:02,off,0,0,35,-3176,58.4,77,-3959,Healthy,On,unknown,off,unknown,90.0,0,0,0,0,60.0,23,62.5,60.0,unavailable,unavailable,unavailable
2026-09-08T00:51:14,off,0,0,35,-3176,58.4,77,-3939,Healthy,On,unknown,off,unknown,90.0,0,0,0,0,60.0,23,62.5,60.0,unavailable,unavailable,unavailable
2026-09-08T00:51:29,off,0,0,35,-3171,58.3,77,-3945,Healthy,On,unknown,off,unknown,90.0,0,0,0,0,60.0,23,62.5,60.0,unavailable,unavailable,unavailable
2026-09-08T00:51:44,off,0,0,35,-3182,58.5,77,-3954,Healthy,On,unknown,off,unknown,90.0,0,0,0,0,60.0,23,62.5,60.0,unavailable,unavailable,unavailable
2026-09-08T00:52:00,off,0,0,35,-3176,58.4,77,-3953,Healthy,On,unknown,off,unknown,90.0,0,0,0,0,60.0,23,62.5,60.0,unavailable,unavailable,unavailable
2026-09-08T00:52:15,off,0,0,35,-3176,58.4,77,-3952,Healthy,On,unknown,off,unknown,90.0,0,0,0,0,60.0,23,62.5,60.0,unavailable,unavailable,unavailable
2026-09-08T00:52:30,off,0,0,35,-3176,58.4,77,-3957,Healthy,On,unknown,off,unknown,90.0,0,0,0,0,60.0,23,62.5,60.0,unavailable,unavailable,unavailable
2026-09-08T00:52:45,off,0,0,35,-3176,58.4,77,-3962,Healthy,On,unknown,off,unknown,90.0,0,0,0,0,60.0,23,62.5,60.0,unavailable,unavailable,unavailable
2026-09-08T00:53:01,off,0,0,35,-3182,58.5,77,-3957,Healthy,On,unknown,off,unknown,90.0,0,0,0,0,60.0,23,62.5,60.0,unavailable,unavailable,unavailable
2026-09-08T00:53:16,off,0,0,35,-3182,58.5,77,-3954,Healthy,On,unknown,off,unknown,90.0,0,0,0,0,60.0,23,62.5,60.0,unavailable,unavailable,unavailable
2026-09-08T00:53:31,off,0,0,35,-3171,58.3,77,-3960,Healthy,On,unknown,off,unknown,90.0,0,0,0,0,60.0,23,62.5,60.0,unavailable,unavailable,unavailable
2026-09-08T00:53:46,off,0,0,35,-3176,58.4,77,-3975,Healthy,On,unknown,off,unknown,90.0,0,0,0,0,60.0,23,62.5,60.0,unavailable,unavailable,unavailable
2026-09-08T00:54:02,off,0,0,35,-3176,58.4,78,-3959,Healthy,On,unknown,off,unknown,90.0,0,0,0,0,60.0,23,62.5,60.0,unavailable,unavailable,unavailable
2026-09-08T00:54:17,off,0,0,35,-3176,58.4,78,-3947,Healthy,On,unknown,off,unknown,90.0,0,0,0,0,60.0,23,62.5,60.0,unavailable,unavailable,unavailable
2026-09-08T00:54:29,off,0,0,35,-3176,58.4,78,-3951,Healthy,On,unknown,off,unknown,90.0,0,0,0,0,60.0,23,62.5,60.0,unavailable,unavailable,unavailable
2026-09-08T00:54:44,off,0,0,35,-3176,58.4,78,-3955,Healthy,On,unknown,off,unknown,90.0,0,0,0,0,60.0,23,62.5,60.0,unavailable,unavailable,unavailable
2026-09-08T00:55:00,off,0,0,35,-3176,58.4,78,-3956,Healthy,On,unknown,off,unknown,90.0,0,0,0,0,60.0,23,62.5,60.0,unavailable,unavailable,unavailable
2026-09-08T00:55:15,off,0,0,35,-3171,58.3,78,-3944,Healthy,On,unknown,off,unknown,90.0,0,0,0,0,60.0,23,62.5,60.0,unavailable,unavailable,unavailable
2026-09-08T00:55:30,off,0,0,35,-3171,58.3,78,-3946,Healthy,On,unknown,off,unknown,90.0,0,0,0,0,60.0,23,62.5,60.0,unavailable,unavailable,unavailable
2026-09-08T00:55:45,off,0,0,35,-3171,58.3,78,-3947,Healthy,On,unknown,off,unknown,90.0,0,0,0,0,60.0,23,62.5,60.0,unavailable,unavailable,unavailable
2026-09-08T00:56:00,off,0,0,35,-3171,58.3,78,-3881,Healthy,On,unknown,off,unknown,90.0,0,0,0,0,60.0,23,62.5,60.0,unavailable,unavailable,unavailable
2026-09-08T00:56:16,off,0,0,35,-3171,58.3,78,-3885,Healthy,On,unknown,off,unknown,90.0,0,0,0,0,60.0,23,62.5,60.0,unavailable,unavailable,unavailable
2026-09-08T00:56:31,off,0,0,35,-3171,58.3,78,-3893,Healthy,On,unknown,off,unknown,90.0,0,0,0,0,60.0,23,62.5,60.0,unavailable,unavailable,unavailable
2026-09-08T00:56:46,off,0,0,35,-3171,58.2,78,-3894,Healthy,On,unknown,off,unknown,90.0,0,0,0,0,60.0,23,62.5,60.0,unavailable,unavailable,unavailable
2026-09-08T00:57:01,off,0,0,35,-3176,58.4,78,-3886,Healthy,On,unknown,off,unknown,90.0,0,0,0,0,60.0,23,62.5,60.0,unavailable,unavailable,unavailable
2026-09-08T00:57:17,off,0,0,35,-3171,58.3,78,-3901,Healthy,On,unknown,off,unknown,90.0,0,0,0,0,60.0,23,62.5,60.0,unavailable,unavailable,unavailable
2026-09-08T00:57:29,off,0,0,35,-3177,58.3,78,-3888,Healthy,On,unknown,off,unknown,90.0,0,0,0,0,60.0,23,62.5,60.0,unavailable,unavailable,unavailable
2026-09-08T00:57:44,off,0,0,35,-3176,58.4,78,-3888,Healthy,On,unknown,off,unknown,90.0,0,0,0,0,60.0,23,62.5,60.0,unavailable,unavailable,unavailable
2026-09-08T00:57:59,off,0,0,35,-3177,58.3,78,-3862,Healthy,On,unknown,off,unknown,90.0,0,0,0,0,60.0,23,62.5,60.0,unavailable,unavailable,unavailable
2026-09-08T00:58:15,off,0,0,35,-3171,58.3,78,-3855,Healthy,On,unknown,off,unknown,90.0,0,0,0,0,60.0,23,62.5,60.0,unavailable,unavailable,unavailable
2026-09-08T00:58:30,off,0,0,35,-3171,58.2,78,-3858,Healthy,On,unknown,off,unknown,90.0,0,0,0,0,60.0,23,62.5,60.0,unavailable,unavailable,unavailable
2026-09-08T00:58:45,off,0,0,35,-3171,58.2,78,-3860,Healthy,On,unknown,off,unknown,90.0,0,0,0,0,60.0,23,62.5,60.0,unavailable,unavailable,unavailable
2026-09-08T00:59:00,off,0,0,35,-3177,58.3,78,-3847,Healthy,On,unknown,off,unknown,90.0,0,0,0,0,60.0,23,62.5,60.0,unavailable,unavailable,unavailable
2026-09-08T00:59:16,off,0,0,35,-3166,58.1,78,-3872,Healthy,On,unknown,off,unknown,90.0,0,0,0,0,60.0,23,62.5,60.0,unavailable,unavailable,unavailable
2026-09-08T00:59:31,off,0,0,35,-3166,58.1,78,-3855,Healthy,On,unknown,off,unknown,90.0,0,0,0,0,60.0,23,62.5,60.0,unavailable,unavailable,unavailable
2026-09-08T00:59:46,off,0,0,35,-3171,58.2,79,-4043,Healthy,On,unknown,off,unknown,90.0,0,0,0,0,60.0,23,62.5,60.0,unavailable,unavailable,unavailable
2026-09-08T01:00:01,off,0,0,35,-3166,58.1,79,-4035,Healthy,On,unknown,off,unknown,90.0,0,0,0,0,60.0,23,62.5,60.0,unavailable,unavailable,unavailable
2026-09-08T01:00:17,off,0,0,35,-3171,58.2,79,-4055,Healthy,On,unknown,off,unknown,90.0,0,0,0,0,60.0,23,62.5,60.0,unavailable,unavailable,unavailable
2026-09-08T01:00:32,off,0,0,35,-3161,58.0,79,-4078,Healthy,On,unknown,off,unknown,90.0,0,0,0,0,60.0,23,62.5,60.0,unavailable,unavailable,unavailable
2026-09-08T01:00:44,off,0,0,35,-3155,57.9,79,-4073,Healthy,On,unknown,off,unknown,90.0,0,0,0,0,60.0,23,62.5,60.0,unavailable,unavailable,unavailable
2026-09-08T01:00:59,off,0,0,35,-3155,57.9,79,-4080,Healthy,On,unknown,off,unknown,90.0,0,0,0,0,60.0,23,62.5,60.0,unavailable,unavailable,unavailable
2026-09-08T01:01:14,off,0,0,35,-3144,57.7,79,-4071,Healthy,On,unknown,off,unknown,90.0,0,0,0,0,60.0,23,62.5,60.0,unavailable,unavailable,unavailable
2026-09-08T01:01:30,off,0,0,35,-3150,57.8,79,-4068,Healthy,On,unknown,off,unknown,90.0,0,0,0,0,60.0,23,62.5,60.0,unavailable,unavailable,unavailable
2026-09-08T01:01:45,off,0,0,35,-3133,57.5,79,-4055,Healthy,On,unknown,off,unknown,90.0,0,0,0,0,60.0,23,62.5,60.0,unavailable,unavailable,unavailable
2026-09-08T01:02:00,off,0,0,35,-3150,57.8,79,-4113,Healthy,On,unknown,off,unknown,90.0,0,0,0,0,60.0,23,62.5,60.0,unavailable,unavailable,unavailable
2026-09-08T01:02:15,off,0,0,35,-3150,57.8,79,-4131,Healthy,On,unknown,off,unknown,90.0,0,0,0,0,60.0,23,62.5,60.0,unavailable,unavailable,unavailable
2026-09-08T01:02:31,off,0,0,35,-3139,57.6,79,-4122,Healthy,On,unknown,off,unknown,90.0,0,0,0,0,60.0,23,62.5,60.0,unavailable,unavailable,unavailable
2026-09-08T01:02:46,off,0,0,35,-3139,57.6,79,-4110,Healthy,On,unknown,off,unknown,90.0,0,0,0,0,60.0,23,62.5,60.0,unavailable,unavailable,unavailable
2026-09-08T01:03:01,off,0,0,35,-3150,57.8,79,-4118,Healthy,On,unknown,off,unknown,90.0,0,0,0,0,60.0,23,62.5,60.0,unavailable,unavailable,unavailable
2026-09-08T01:03:16,off,0,0,35,-3139,57.6,79,-4143,Healthy,On,unknown,off,unknown,90.0,0,0,0,0,60.0,23,62.5,60.0,unavailable,unavailable,unavailable
2026-09-08T01:03:32,off,0,0,35,-3139,57.6,79,-4122,Healthy,On,unknown,off,unknown,90.0,0,0,0,0,60.0,23,62.5,60.0,unavailable,unavailable,unavailable
2026-09-08T01:03:47,off,0,0,35,-3150,57.8,79,-4122,Healthy,On,unknown,off,unknown,90.0,0,0,0,0,60.0,23,62.5,60.0,unavailable,unavailable,unavailable
2026-09-08T01:03:59,off,0,0,35,-3144,57.7,79,-4129,Healthy,On,unknown,off,unknown,90.0,0,0,0,0,60.0,23,62.5,60.0,unavailable,unavailable,unavailable
2026-09-08T01:04:14,off,0,0,35,-3144,57.7,79,-4146,Healthy,On,unknown,off,unknown,90.0,0,0,0,0,60.0,23,62.5,60.0,unavailable,unavailable,unavailable
2026-09-08T01:04:30,off,0,0,35,-3139,57.6,79,-4126,Healthy,On,unknown,off,unknown,90.0,0,0,0,0,60.0,23,62.5,60.0,unavailable,unavailable,unavailable
2026-09-08T01:04:45,off,0,0,35,-3139,57.6,79,-4123,Healthy,On,unknown,off,unknown,90.0,0,0,0,0,60.0,23,62.5,60.0,unavailable,unavailable,unavailable
2026-09-08T01:05:00,off,0,0,35,-3139,57.6,79,-4121,Healthy,On,unknown,off,unknown,90.0,0,0,0,0,60.0,23,62.5,60.0,unavailable,unavailable,unavailable
2026-09-08T01:05:15,off,0,0,35,-3128,57.4,80,-4136,Healthy,On,unknown,off,unknown,90.0,0,0,0,0,60.0,23,62.5,60.0,unavailable,unavailable,unavailable
2026-09-08T01:05:31,off,0,0,35,-3139,57.6,80,-4122,Healthy,On,unknown,off,unknown,90.0,0,0,0,0,60.0,23,62.5,60.0,unavailable,unavailable,unavailable
2026-09-08T01:05:46,off,0,0,35,-3139,57.6,80,-4172,Healthy,On,unknown,off,unknown,90.0,0,0,0,0,60.0,23,62.5,60.0,unavailable,unavailable,unavailable
2026-09-08T01:06:01,off,0,0,35,-3133,57.5,80,-4181,Healthy,On,unknown,off,unknown,90.0,0,0,0,0,60.0,23,62.5,60.0,unavailable,unavailable,unavailable
2026-09-08T01:06:16,off,0,0,35,-3139,57.6,80,-4183,Healthy,On,unknown,off,unknown,90.0,0,0,0,0,60.0,23,62.5,60.0,unavailable,unavailable,unavailable
2026-09-08T01:06:32,off,0,0,35,-3139,57.6,80,-4174,Healthy,On,unknown,off,unknown,90.0,0,0,0,0,60.0,23,62.5,60.0,unavailable,unavailable,unavailable
2026-09-08T01:06:47,off,0,0,35,-3133,57.5,80,-4166,Healthy,On,unknown,off,unknown,90.0,0,0,0,0,60.0,23,62.5,60.0,unavailable,unavailable,unavailable
2026-09-08T01:06:59,off,0,0,35,-3133,57.5,80,-4178,Healthy,On,unknown,off,unknown,90.0,0,0,0,0,60.0,23,62.5,60.0,unavailable,unavailable,unavailable
2026-09-08T01:07:14,off,0,0,35,-3139,57.6,80,-4169,Healthy,On,unknown,off,unknown,90.0,0,0,0,0,60.0,23,62.5,60.0,unavailable,unavailable,unavailable
2026-09-08T01:07:30,off,0,0,35,-3139,57.6,80,-4180,Healthy,On,unknown,off,unknown,90.0,0,0,0,0,60.0,23,62.5,60.0,unavailable,unavailable,unavailable
2026-09-08T01:07:45,off,0,0,35,-3133,57.5,80,-4181,Healthy,On,unknown,off,unknown,90.0,0,0,0,0,60.0,23,62.5,60.0,unavailable,unavailable,unavailable
2026-09-08T01:08:00,off,0,0,35,-3144,57.7,80,-4010,Healthy,On,unknown,off,unknown,90.0,0,0,0,0,60.0,23,62.5,60.0,unavailable,unavailable,unavailable
2026-09-08T01:08:15,off,0,0,35,-3144,57.7,80,-3956,Healthy,On,unknown,off,unknown,90.0,0,0,0,0,60.0,23,62.5,60.0,unavailable,unavailable,unavailable
2026-09-08T01:08:31,off,0,0,35,-3144,57.7,80,-3951,Healthy,On,unknown,off,unknown,90.0,0,0,0,0,60.0,23,62.5,60.0,unavailable,unavailable,unavailable
2026-09-08T01:08:46,off,0,0,35,-3144,57.7,80,-3944,Healthy,On,unknown,off,unknown,90.0,0,0,0,0,60.0,23,62.5,60.0,unavailable,unavailable,unavailable
2026-09-08T01:09:01,off,0,0,35,-3144,57.7,80,-3959,Healthy,On,unknown,off,unknown,90.0,0,0,0,0,60.0,23,62.5,60.0,unavailable,unavailable,unavailable
2026-09-08T01:09:16,off,0,0,35,-3144,57.7,80,-3977,Healthy,On,unknown,off,unknown,90.0,0,0,0,0,60.0,23,62.5,60.0,unavailable,unavailable,unavailable
2026-09-08T01:09:32,off,0,0,35,-3133,57.5,80,-3952,Healthy,On,unknown,off,unknown,90.0,0,0,0,0,60.0,23,62.5,60.0,unavailable,unavailable,unavailable
2026-09-08T01:09:47,off,0,0,35,-3133,57.5,80,-3957,Healthy,On,unknown,off,unknown,90.0,0,0,0,0,60.0,23,62.5,60.0,unavailable,unavailable,unavailable
2026-09-08T01:09:59,off,0,0,35,-3139,57.6,80,-3952,Healthy,On,unknown,off,unknown,90.0,0,0,0,0,60.0,23,62.5,60.0,unavailable,unavailable,unavailable
2026-09-08T01:10:14,off,0,0,35,-3144,57.7,80,-3947,Healthy,On,unknown,off,unknown,90.0,0,0,0,0,60.0,23,62.5,60.0,unavailable,unavailable,unavailable
2026-09-08T01:10:30,off,0,0,35,-3144,57.7,80,-3959,Healthy,On,unknown,off,unknown,90.0,0,0,0,0,60.0,23,62.5,60.0,unavailable,unavailable,unavailable
2026-09-08T01:10:45,off,0,0,35,-3139,57.6,81,-3963,Healthy,On,unknown,off,unknown,90.0,0,0,0,0,60.0,23,62.5,60.0,unavailable,unavailable,unavailable
2026-09-08T01:11:00,off,0,0,35,-3144,57.7,81,-3969,Healthy,On,unknown,off,unknown,90.0,0,0,0,0,60.0,23,62.5,60.0,unavailable,unavailable,unavailable
2026-09-08T01:11:15,off,0,0,35,-3144,57.7,81,-3943,Healthy,On,unknown,off,unknown,90.0,0,0,0,0,60.0,23,62.5,60.0,unavailable,unavailable,unavailable
2026-09-08T01:11:31,off,0,0,35,-3144,57.7,81,-3957,Healthy,On,unknown,off,unknown,90.0,0,0,0,0,60.0,23,62.5,60.0,unavailable,unavailable,unavailable
2026-09-08T01:11:46,off,0,0,35,-3139,57.6,81,-3959,Healthy,On,unknown,off,unknown,90.0,0,0,0,0,60.0,23,62.5,60.0,unavailable,unavailable,unavailable
2026-09-08T01:12:01,off,0,0,35,-3144,57.6,81,-3955,Healthy,On,unknown,off,unknown,90.0,0,0,0,0,60.0,23,62.5,60.0,unavailable,unavailable,unavailable
2026-09-08T01:12:16,off,0,0,35,-3150,57.8,81,-3959,Healthy,On,unknown,off,unknown,90.0,0,0,0,0,60.0,23,62.5,60.0,unavailable,unavailable,unavailable
2026-09-08T01:12:32,off,0,0,35,-3150,57.8,81,-3957,Healthy,On,unknown,off,unknown,90.0,0,0,0,0,60.0,23,62.5,60.0,unavailable,unavailable,unavailable
2026-09-08T01:12:47,off,0,0,35,-3144,57.7,81,-3963,Healthy,On,unknown,off,unknown,90.0,0,0,0,0,60.0,23,62.5,60.0,unavailable,unavailable,unavailable
2026-09-08T01:12:59,off,0,0,35,-3144,57.7,81,-3966,Healthy,On,unknown,off,unknown,90.0,0,0,0,0,60.0,23,62.5,60.0,unavailable,unavailable,unavailable
2026-09-08T01:13:14,off,0,0,35,-3144,57.7,81,-3950,Healthy,On,unknown,off,unknown,90.0,0,0,0,0,60.0,23,62.5,60.0,unavailable,unavailable,unavailable
2026-09-08T01:13:30,off,0,0,35,-3139,57.6,81,-3953,Healthy,On,unknown,off,unknown,90.0,0,0,0,0,60.0,23,62.5,60.0,unavailable,unavailable,unavailable
2026-09-08T01:13:45,off,0,0,35,-3144,57.6,81,-3954,Healthy,On,unknown,off,unknown,90.0,0,0,0,0,60.0,23,62.5,60.0,unavailable,unavailable,unavailable
2026-09-08T01:14:00,off,0,0,35,-3144,57.6,81,-3965,Healthy,On,unknown,off,unknown,90.0,0,0,0,0,60.0,23,62.5,60.0,unavailable,unavailable,unavailable
2026-09-08T01:14:15,off,0,0,35,-3139,57.6,81,-4030,Healthy,On,unknown,off,unknown,90.0,0,0,0,0,60.0,23,62.5,60.0,unavailable,unavailable,unavailable
2026-09-08T01:14:31,off,0,0,35,-3128,57.4,81,-4021,Healthy,On,unknown,off,unknown,90.0,0,0,0,0,60.0,23,62.5,60.0,unavailable,unavailable,unavailable
2026-09-08T01:14:46,off,0,0,35,-3139,57.5,81,-4019,Healthy,On,unknown,off,unknown,90.0,0,0,0,0,60.0,23,62.5,60.0,unavailable,unavailable,unavailable
2026-09-08T01:15:01,off,0,0,35,-3144,57.6,81,-4007,Healthy,On,unknown,off,unknown,90.0,0,0,0,0,60.0,23,62.5,60.0,unavailable,unavailable,unavailable
2026-09-08T01:15:16,off,0,0,35,-3139,57.6,81,-3996,Healthy,On,unknown,off,unknown,90.0,0,0,0,0,60.0,23,62.5,60.0,unavailable,unavailable,unavailable
2026-09-08T01:15:32,off,0,0,35,-3139,57.6,81,-3987,Healthy,On,unknown,off,unknown,90.0,0,0,0,0,60.0,23,62.5,60.0,unavailable,unavailable,unavailable
2026-09-08T01:15:47,off,0,0,35,-3139,57.6,81,-3973,Healthy,On,unknown,off,unknown,90.0,0,0,0,0,60.0,23,62.5,60.0,unavailable,unavailable,unavailable
2026-09-08T01:15:59,off,0,0,35,-3144,57.6,81,-3966,Healthy,On,unknown,off,unknown,90.0,0,0,0,0,60.0,23,62.5,60.0,unavailable,unavailable,unavailable
2026-09-08T01:16:14,off,0,0,35,-3144,57.7,81,-3984,Healthy,On,unknown,off,unknown,90.0,0,0,0,0,60.0,23,62.5,60.0,unavailable,unavailable,unavailable
2026-09-08T01:16:30,off,0,0,35,-3144,57.6,82,-3965,Healthy,On,unknown,off,unknown,90.0,0,0,0,0,60.0,23,62.5,60.0,unavailable,unavailable,unavailable
2026-09-08T01:16:45,off,0,0,35,-3144,57.7,82,-3978,Healthy,On,unknown,off,unknown,90.0,0,0,0,0,60.0,23,62.5,60.0,unavailable,unavailable,unavailable
2026-09-08T01:17:00,off,0,0,35,-3144,57.6,82,-3979,Healthy,On,unknown,off,unknown,90.0,0,0,0,0,60.0,23,62.5,60.0,unavailable,unavailable,unavailable
2026-09-08T01:17:15,off,0,0,35,-3150,57.7,82,-3966,Healthy,On,unknown,off,unknown,90.0,0,0,0,0,60.0,23,62.5,60.0,unavailable,unavailable,unavailable
2026-09-08T01:17:31,off,0,0,35,-3144,57.7,82,-3970,Healthy,On,unknown,off,unknown,90.0,0,0,0,0,60.0,23,62.5,60.0,unavailable,unavailable,unavailable
2026-09-08T01:17:46,off,0,0,35,-3144,57.7,82,-3961,Healthy,On,unknown,off,unknown,90.0,0,0,0,0,60.0,23,62.5,60.0,unavailable,unavailable,unavailable
2026-09-08T01:18:01,off,0,0,35,-3150,57.7,82,-3963,Healthy,On,unknown,off,unknown,90.0,0,0,0,0,60.0,23,62.5,60.0,unavailable,unavailable,unavailable
2026-09-08T01:18:16,off,0,0,35,-3144,57.6,82,-3954,Healthy,On,unknown,off,unknown,90.0,0,0,0,0,60.0,23,62.5,60.0,unavailable,unavailable,unavailable
2026-09-08T01:18:32,off,0,0,35,-3150,57.7,82,-3959,Healthy,On,unknown,off,unknown,90.0,0,0,0,0,60.0,23,62.5,60.0,unavailable,unavailable,unavailable
2026-09-08T01:18:47,off,0,0,35,-3139,57.5,82,-3946,Healthy,On,unknown,off,unknown,90.0,0,0,0,0,60.0,23,62.5,60.0,unavailable,unavailable,unavailable
2026-09-08T01:19:02,off,0,0,35,-3150,57.7,82,-3823,Healthy,On,unknown,off,unknown,90.0,0,0,0,0,60.0,23,62.5,60.0,unavailable,unavailable,unavailable
2026-09-08T01:19:14,off,0,0,35,-3155,57.8,82,-3836,Healthy,On,unknown,off,unknown,90.0,0,0,0,0,60.0,23,62.5,60.0,unavailable,unavailable,unavailable
2026-09-08T01:19:29,off,0,0,35,-3161,57.9,82,-3822,Healthy,On,unknown,off,unknown,90.0,0,0,0,0,60.0,23,62.5,60.0,unavailable,unavailable,unavailable
2026-09-08T01:19:45,off,0,0,35,-3155,57.8,82,-3822,Healthy,On,unknown,off,unknown,90.0,0,0,0,0,60.0,23,62.5,60.0,unavailable,unavailable,unavailable
2026-09-08T01:20:00,off,0,0,35,-3155,57.8,82,-3834,Healthy,On,unknown,off,unknown,90.0,0,0,0,0,60.0,23,62.5,60.0,unavailable,unavailable,unavailable
2026-09-08T01:20:15,off,0,0,35,-3155,57.8,82,-3833,Healthy,On,unknown,off,unknown,90.0,0,0,0,0,60.0,23,62.5,60.0,unavailable,unavailable,unavailable
2026-09-08T01:20:30,off,0,0,35,-3155,57.8,82,-3822,Healthy,On,unknown,off,unknown,90.0,0,0,0,0,60.0,23,62.5,60.0,unavailable,unavailable,unavailable
2026-09-08T01:20:46,off,0,0,35,-3155,57.8,82,-3757,Healthy,On,unknown,off,unknown,90.0,0,0,0,0,60.0,23,62.5,60.0,unavailable,unavailable,unavailable
2026-09-08T01:21:01,off,0,0,35,-3150,57.7,82,-3777,Healthy,On,unknown,off,unknown,90.0,0,0,0,0,60.0,23,62.5,60.0,unavailable,unavailable,unavailable
2026-09-08T01:21:16,off,0,0,35,-3150,57.7,82,-3780,Healthy,On,unknown,off,unknown,90.0,0,0,0,0,60.0,23,62.5,60.0,unavailable,unavailable,unavailable
2026-09-08T01:21:31,off,0,0,35,-3150,57.7,82,-3765,Healthy,On,unknown,off,unknown,90.0,0,0,0,0,60.0,23,62.5,60.0,unavailable,unavailable,unavailable
2026-09-08T01:21:47,off,0,0,35,-3150,57.7,82,-3781,Healthy,On,unknown,off,unknown,90.0,0,0,0,0,60.0,23,62.5,60.0,unavailable,unavailable,unavailable
2026-09-08T01:22:02,off,0,0,35,-3150,57.7,82,-3770,Healthy,On,unknown,off,unknown,90.0,0,0,0,0,60.0,23,62.5,60.0,unavailable,unavailable,unavailable
2026-09-08T01:22:14,off,0,0,35,-3155,57.8,83,-3778,Healthy,On,unknown,off,unknown,90.0,0,0,0,0,60.0,23,62.5,60.0,unavailable,unavailable,unavailable
2026-09-08T01:22:29,off,0,0,35,-3150,57.7,83,-3770,Healthy,On,unknown,off,unknown,90.0,0,0,0,0,60.0,23,62.5,60.0,unavailable,unavailable,unavailable
2026-09-08T01:22:45,off,0,0,35,-3150,57.7,83,-3782,Healthy,On,unknown,off,unknown,90.0,0,0,0,0,60.0,23,62.5,60.0,unavailable,unavailable,unavailable
2026-09-08T01:23:00,off,0,0,35,-3150,57.7,83,-3794,Healthy,On,unknown,off,unknown,90.0,0,0,0,0,60.0,23,62.5,60.0,unavailable,unavailable,unavailable
2026-09-08T01:23:15,off,0,0,35,-3144,57.6,83,-3784,Healthy,On,unknown,off,unknown,90.0,0,0,0,0,60.0,23,62.5,60.0,unavailable,unavailable,unavailable
2026-09-08T01:23:30,off,0,0,35,-3150,57.7,83,-3787,Healthy,On,unknown,off,unknown,90.0,0,0,0,0,60.0,23,62.5,60.0,unavailable,unavailable,unavailable
2026-09-08T01:23:46,off,0,0,35,-3161,57.9,83,-3799,Healthy,On,unknown,off,unknown,90.0,0,0,0,0,60.0,23,62.5,60.0,unavailable,unavailable,unavailable
2026-09-08T01:24:01,off,0,0,35,-3150,57.7,83,-3795,Healthy,On,unknown,off,unknown,90.0,0,0,0,0,60.0,23,62.5,60.0,unavailable,unavailable,unavailable
2026-09-08T01:24:19,off,0,0,35,-3161,57.9,100,-3789,Healthy,On,unknown,off,unknown,90.0,0,0,0,0,60.0,23,62.5,60.0,unavailable,unavailable,unavailable
2026-09-08T01:24:22,off,0,unavailable,35,-3161,57.9,100,-3789,Healthy,On,unknown,off,unknown,90.0,0,0,0,0,60.0,23,62.5,60.0,unavailable,unavailable,unavailable
2026-09-08T01:24:31,off,0,unavailable,35,0,0.0,100,-586,Healthy,On,unknown,off,unknown,90.0,0,0,0,0,60.0,23,62.5,60.0,unavailable,unavailable,unavailable
2026-09-08T01:24:47,off,0,unavailable,35,-3150,57.7,83,-3788,Healthy,On,unknown,off,unknown,90.0,0,0,0,0,60.0,23,62.5,60.0,unavailable,unavailable,unavailable
2026-09-08T01:24:53,off,0,0,35,-3150,57.7,83,-3788,Healthy,On,unknown,off,unknown,90.0,0,0,0,0,60.0,23,62.5,60.0,unavailable,unavailable,unavailable
2026-09-08T01:25:02,off,0,0,35,-3161,57.9,83,-3797,Healthy,On,unknown,off,unknown,90.0,0,0,0,0,60.0,23,62.5,60.0,unavailable,unavailable,unavailable
2026-09-08T01:25:14,off,0,0,35,-3155,57.8,83,-3783,Healthy,On,unknown,off,unknown,90.0,0,0,0,0,60.0,23,62.5,60.0,unavailable,unavailable,unavailable
2026-09-08T01:25:29,off,0,0,35,-3155,57.8,83,-3794,Healthy,On,unknown,off,unknown,90.0,0,0,0,0,60.0,23,62.5,60.0,unavailable,unavailable,unavailable
2026-09-08T01:25:44,off,0,0,35,-3155,57.8,83,-3787,Healthy,On,unknown,off,unknown,90.0,0,0,0,0,60.0,23,62.5,60.0,unavailable,unavailable,unavailable
2026-09-08T01:26:00,off,0,0,35,-3161,57.9,83,-3785,Healthy,On,unknown,off,unknown,90.0,0,0,0,0,60.0,23,62.5,60.0,unavailable,unavailable,unavailable
2026-09-08T01:26:15,off,0,0,35,-3150,57.7,83,-3797,Healthy,On,unknown,off,unknown,90.0,0,0,0,0,60.0,23,62.5,60.0,unavailable,unavailable,unavailable
2026-09-08T01:26:30,off,0,0,35,-3150,57.7,83,-3788,Healthy,On,unknown,off,unknown,90.0,0,0,0,0,60.0,23,62.5,60.0,unavailable,unavailable,unavailable
2026-09-08T01:26:46,off,0,0,35,-3150,57.7,83,-3873,Healthy,On,unknown,off,unknown,90.0,0,0,0,0,60.0,23,62.5,60.0,unavailable,unavailable,unavailable
2026-09-08T01:27:01,off,0,0,35,-3155,57.8,83,-3858,Healthy,On,unknown,off,unknown,90.0,0,0,0,0,60.0,23,62.5,60.0,unavailable,unavailable,unavailable
2026-09-08T01:27:16,off,0,0,35,-3150,57.7,83,-3846,Healthy,On,unknown,off,unknown,90.0,0,0,0,0,60.0,23,62.5,60.0,unavailable,unavailable,unavailable
2026-09-08T01:27:31,off,0,0,35,-3150,57.7,83,-3860,Healthy,On,unknown,off,unknown,90.0,0,0,0,0,60.0,23,62.5,60.0,unavailable,unavailable,unavailable
2026-09-08T01:28:02,off,0,0,35,-3150,57.7,84,-3851,Healthy,On,unknown,off,unknown,90.0,0,0,0,0,60.0,23,62.5,60.0,unavailable,unavailable,unavailable
2026-09-08T01:28:29,off,0,0,35,-3155,57.8,84,-3852,Healthy,On,unknown,off,unknown,90.0,0,0,0,0,60.0,23,62.5,60.0,unavailable,unavailable,unavailable
2026-09-08T01:28:44,off,0,0,35,-3155,57.8,84,-3866,Healthy,On,unknown,off,unknown,90.0,0,0,0,0,60.0,23,62.5,60.0,unavailable,unavailable,unavailable
2026-09-08T01:29:15,off,0,0,35,-3161,57.9,84,-3861,Healthy,On,unknown,off,unknown,90.0,0,0,0,0,60.0,23,62.5,60.0,unavailable,unavailable,unavailable
2026-09-08T01:29:30,off,0,0,35,-3166,58.0,84,-3882,Healthy,On,unknown,off,unknown,90.0,0,0,0,0,60.0,23,62.5,60.0,unavailable,unavailable,unavailable
2026-09-08T01:29:45,off,0,0,35,-3161,57.9,84,-3884,Healthy,On,unknown,off,unknown,90.0,0,0,0,0,60.0,23,62.5,60.0,unavailable,unavailable,unavailable
2026-09-08T01:30:01,off,0,0,35,-3166,58.0,84,-3878,Healthy,On,unknown,off,unknown,90.0,0,0,0,0,60.0,23,62.5,60.0,unavailable,unavailable,unavailable
2026-09-08T01:30:16,off,0,0,35,-3161,57.9,84,-3878,Healthy,On,unknown,off,unknown,90.0,0,0,0,0,60.0,23,62.5,60.0,unavailable,unavailable,unavailable
2026-09-08T01:30:31,off,0,0,35,-3161,57.9,84,-3891,Healthy,On,unknown,off,unknown,90.0,0,0,0,0,60.0,23,62.5,60.0,unavailable,unavailable,unavailable
2026-09-08T01:30:46,off,0,0,35,-3161,57.9,84,-3870,Healthy,On,unknown,off,unknown,90.0,0,0,0,0,60.0,23,62.5,60.0,unavailable,unavailable,unavailable
2026-09-08T01:31:02,off,0,0,35,-3166,58.0,84,-3880,Healthy,On,unknown,off,unknown,90.0,0,0,0,0,60.0,23,62.5,60.0,unavailable,unavailable,unavailable
2026-09-08T01:31:17,off,0,0,35,-3161,57.9,84,-3878,Healthy,On,unknown,off,unknown,90.0,0,0,0,0,60.0,23,62.5,60.0,unavailable,unavailable,unavailable
2026-09-08T01:31:32,off,0,0,35,-3161,57.9,84,-3866,Healthy,On,unknown,off,unknown,90.0,0,0,0,0,60.0,23,62.5,60.0,unavailable,unavailable,unavailable
2026-09-08T01:31:44,off,0,0,35,-3161,57.8,84,-3873,Healthy,On,unknown,off,unknown,90.0,0,0,0,0,60.0,23,62.5,60.0,unavailable,unavailable,unavailable
2026-09-08T01:32:00,off,0,0,35,-3161,57.9,84,-3875,Healthy,On,unknown,off,unknown,90.0,0,0,0,0,60.0,23,62.5,60.0,unavailable,unavailable,unavailable
2026-09-08T01:32:15,off,0,0,35,-3161,57.9,84,-3863,Healthy,On,unknown,off,unknown,90.0,0,0,0,0,60.0,23,62.5,60.0,unavailable,unavailable,unavailable
2026-09-08T01:32:30,off,0,0,35,-3166,58.0,84,-3878,Healthy,On,unknown,off,unknown,90.0,0,0,0,0,60.0,23,62.5,60.0,unavailable,unavailable,unavailable
2026-09-08T01:32:45,off,0,0,35,-3166,58.0,84,-3883,Healthy,On,unknown,off,unknown,90.0,0,0,0,0,60.0,23,62.5,60.0,unavailable,unavailable,unavailable
2026-09-08T01:33:01,off,0,0,35,-3166,58.0,84,-3859,Healthy,On,unknown,off,unknown,90.0,0,0,0,0,60.0,23,62.5,60.0,unavailable,unavailable,unavailable
2026-09-08T01:33:16,off,0,0,35,-3172,58.0,84,-3803,Healthy,On,unknown,off,unknown,90.0,0,0,0,0,60.0,23,62.5,60.0,unavailable,unavailable,unavailable
2026-09-08T01:33:31,off,0,0,35,-3178,58.1,84,-3802,Healthy,On,unknown,off,unknown,90.0,0,0,0,0,60.0,23,62.5,60.0,unavailable,unavailable,unavailable
2026-09-08T01:33:46,off,0,0,35,-3161,57.9,84,-3805,Healthy,On,unknown,off,unknown,90.0,0,0,0,0,60.0,23,62.5,60.0,unavailable,unavailable,unavailable
2026-09-08T01:34:02,off,0,0,35,-3172,58.1,85,-3805,Healthy,On,unknown,off,unknown,90.0,0,0,0,0,60.0,23,62.5,60.0,unavailable,unavailable,unavailable
2026-09-08T01:34:17,off,0,0,35,-3161,57.9,85,-3811,Healthy,On,unknown,off,unknown,90.0,0,0,0,0,60.0,23,62.5,60.0,unavailable,unavailable,unavailable
2026-09-08T01:34:32,off,0,0,35,-3161,57.9,85,-3789,Healthy,On,unknown,off,unknown,90.0,0,0,0,0,60.0,23,62.5,60.0,unavailable,unavailable,unavailable
2026-09-08T01:34:44,off,0,0,35,-3166,58.0,85,-3795,Healthy,On,unknown,off,unknown,90.0,0,0,0,0,60.0,23,62.5,60.0,unavailable,unavailable,unavailable
2026-09-08T01:35:00,off,0,0,35,-3166,58.0,85,-3810,Healthy,On,unknown,off,unknown,90.0,0,0,0,0,60.0,23,62.5,60.0,unavailable,unavailable,unavailable
2026-09-08T01:35:15,off,0,0,35,-3161,57.9,85,-3803,Healthy,On,unknown,off,unknown,90.0,0,0,0,0,60.0,23,62.5,60.0,unavailable,unavailable,unavailable
2026-09-08T01:35:30,off,0,0,35,-3161,57.8,85,-3795,Healthy,On,unknown,off,unknown,90.0,0,0,0,0,60.0,23,62.5,60.0,unavailable,unavailable,unavailable
2026-09-08T01:35:45,off,0,0,35,-3161,57.9,85,-3792,Healthy,On,unknown,off,unknown,90.0,0,0,0,0,60.0,23,62.5,60.0,unavailable,unavailable,unavailable
2026-09-08T01:36:01,off,0,0,35,-3161,57.8,85,-3799,Healthy,On,unknown,off,unknown,90.0,0,0,0,0,60.0,23,62.5,60.0,unavailable,unavailable,unavailable
2026-09-08T01:36:16,off,0,0,35,-3167,57.9,85,-3800,Healthy,On,unknown,off,unknown,90.0,0,0,0,0,60.0,23,62.5,60.0,unavailable,unavailable,unavailable
2026-09-08T01:36:31,off,0,0,35,-3167,57.9,85,-3786,Healthy,On,unknown,off,unknown,90.0,0,0,0,0,60.0,23,62.5,60.0,unavailable,unavailable,unavailable
2026-09-08T01:36:46,off,0,0,35,-3156,57.7,85,-3783,Healthy,On,unknown,off,unknown,90.0,0,0,0,0,60.0,23,62.5,60.0,unavailable,unavailable,unavailable
2026-09-08T01:37:02,off,0,0,35,-3161,57.8,85,-3797,Healthy,On,unknown,off,unknown,90.0,0,0,0,0,60.0,23,62.5,60.0,unavailable,unavailable,unavailable
2026-09-08T01:37:17,off,0,0,35,-3161,57.8,85,-3795,Healthy,On,unknown,off,unknown,90.0,0,0,0,0,60.0,23,62.5,60.0,unavailable,unavailable,unavailable
2026-09-08T01:37:32,off,0,0,35,-3161,57.8,85,-3782,Healthy,On,unknown,off,unknown,90.0,0,0,0,0,60.0,23,62.5,60.0,unavailable,unavailable,unavailable
2026-09-08T01:37:44,off,0,0,35,-3167,57.9,85,-3794,Healthy,On,unknown,off,unknown,90.0,0,0,0,0,60.0,23,62.5,60.0,unavailable,unavailable,unavailable
2026-09-08T01:37:59,off,0,0,35,-3156,57.7,85,-3788,Healthy,On,unknown,off,unknown,90.0,0,0,0,0,60.0,23,62.5,60.0,unavailable,unavailable,unavailable
2026-09-08T01:38:15,off,0,0,35,-3156,57.7,85,-3784,Healthy,On,unknown,off,unknown,90.0,0,0,0,0,60.0,23,62.5,60.0,unavailable,unavailable,unavailable
2026-09-08T01:38:30,off,0,0,35,-3156,57.7,85,-3777,Healthy,On,unknown,off,unknown,90.0,0,0,0,0,60.0,23,62.5,60.0,unavailable,unavailable,unavailable
2026-09-08T01:38:45,off,0,0,35,-3161,57.8,85,-3794,Healthy,On,unknown,off,unknown,90.0,0,0,0,0,60.0,23,62.5,60.0,unavailable,unavailable,unavailable
2026-09-08T01:39:00,off,0,0,35,-3156,57.7,85,-3788,Healthy,On,unknown,off,unknown,90.0,0,0,0,0,60.0,23,62.5,60.0,unavailable,unavailable,unavailable
2026-09-08T01:39:16,off,0,0,35,-3145,57.5,85,-3858,Healthy,On,unknown,off,unknown,90.0,0,0,0,0,60.0,23,62.5,60.0,unavailable,unavailable,unavailable
2026-09-08T01:39:31,off,0,0,35,-3156,57.7,86,-3848,Healthy,On,unknown,off,unknown,90.0,0,0,0,0,60.0,23,62.5,60.0,unavailable,unavailable,unavailable
2026-09-08T01:39:46,off,0,0,35,-3150,57.6,86,-3851,Healthy,On,unknown,off,unknown,90.0,0,0,0,0,60.0,23,62.5,60.0,unavailable,unavailable,unavailable
2026-09-08T01:40:02,off,0,0,35,-3156,57.7,86,-3847,Healthy,On,unknown,off,unknown,90.0,0,0,0,0,60.0,23,62.5,60.0,unavailable,unavailable,unavailable
2026-09-08T01:40:17,off,0,0,35,-3161,57.8,86,-3844,Healthy,On,unknown,off,unknown,90.0,0,0,0,0,60.0,23,62.5,60.0,unavailable,unavailable,unavailable
2026-09-08T01:40:32,off,0,0,35,-3156,57.7,86,-3851,Healthy,On,unknown,off,unknown,90.0,0,0,0,0,60.0,23,62.5,60.0,unavailable,unavailable,unavailable
2026-09-08T01:40:44,off,0,0,35,-3150,57.6,86,-3834,Healthy,On,unknown,off,unknown,90.0,0,0,0,0,60.0,23,62.5,60.0,unavailable,unavailable,unavailable
2026-09-08T01:40:59,off,0,0,35,-3145,57.5,86,-4022,Healthy,On,unknown,off,unknown,90.0,0,0,0,0,60.0,23,62.5,60.0,unavailable,unavailable,unavailable
2026-09-08T01:41:15,off,0,0,35,-3145,57.5,86,-4003,Healthy,On,unknown,off,unknown,90.0,0,0,0,0,60.0,23,62.5,60.0,unavailable,unavailable,unavailable
2026-09-08T01:41:30,off,0,0,35,-3161,57.8,86,-4014,Healthy,On,unknown,off,unknown,90.0,0,0,0,0,60.0,23,62.5,60.0,unavailable,unavailable,unavailable
2026-09-08T01:41:45,off,0,0,35,-3150,57.6,86,-4018,Healthy,On,unknown,off,unknown,90.0,0,0,0,0,60.0,23,62.5,60.0,unavailable,unavailable,unavailable
2026-09-08T01:42:00,off,0,0,35,-3156,57.7,86,-4011,Healthy,On,unknown,off,unknown,90.0,0,0,0,0,60.0,23,62.5,60.0,unavailable,unavailable,unavailable
2026-09-08T01:42:16,off,0,0,35,-3150,57.6,86,-4015,Healthy,On,unknown,off,unknown,90.0,0,0,0,0,60.0,23,62.5,60.0,unavailable,unavailable,unavailable
2026-09-08T01:42:31,off,0,0,35,-3150,57.6,86,-4028,Healthy,On,unknown,off,unknown,90.0,0,0,0,0,60.0,23,62.5,60.0,unavailable,unavailable,unavailable
2026-09-08T01:42:46,off,0,0,35,-3150,57.6,86,-4018,Healthy,On,unknown,off,unknown,90.0,0,0,0,0,60.0,23,62.5,60.0,unavailable,unavailable,unavailable
2026-09-08T01:43:01,off,0,0,35,-3156,57.7,86,-4005,Healthy,On,unknown,off,unknown,90.0,0,0,0,0,60.0,23,62.5,60.0,unavailable,unavailable,unavailable
2026-09-08T01:43:17,off,0,0,35,-3150,57.6,86,-4007,Healthy,On,unknown,off,unknown,90.0,0,0,0,0,60.0,23,62.5,60.0,unavailable,unavailable,unavailable
2026-09-08T01:43:32,off,0,0,35,-3156,57.7,86,-4002,Healthy,On,unknown,off,unknown,90.0,0,0,0,0,60.0,23,62.5,60.0,unavailable,unavailable,unavailable
2026-09-08T01:43:44,off,0,0,35,-3156,57.7,86,-4019,Healthy,On,unknown,off,unknown,90.0,0,0,0,0,60.0,23,62.5,60.0,unavailable,unavailable,unavailable
2026-09-08T01:43:59,off,0,0,35,-3150,57.6,86,-4014,Healthy,On,unknown,off,unknown,90.0,0,0,0,0,60.0,23,62.5,60.0,unavailable,unavailable,unavailable
2026-09-08T01:44:15,off,0,0,35,-3156,57.7,86,-4005,Healthy,On,unknown,off,unknown,90.0,0,0,0,0,60.0,23,62.5,60.0,unavailable,unavailable,unavailable
2026-09-08T01:44:30,off,0,0,35,-3161,57.8,86,-4027,Healthy,On,unknown,off,unknown,90.0,0,0,0,0,60.0,23,62.5,60.0,unavailable,unavailable,unavailable
2026-09-08T01:44:45,off,0,0,35,-3150,57.6,86,-3998,Healthy,On,unknown,off,unknown,90.0,0,0,0,0,60.0,23,62.5,60.0,unavailable,unavailable,unavailable
2026-09-08T01:45:00,off,0,0,35,-3167,57.9,86,-4018,Healthy,On,unknown,off,unknown,90.0,0,0,0,0,60.0,23,62.5,60.0,unavailable,unavailable,unavailable
2026-09-08T01:45:16,off,0,0,35,-3150,57.6,87,-3987,Healthy,On,unknown,off,unknown,90.0,0,0,0,0,60.0,23,62.5,60.0,unavailable,unavailable,unavailable
2026-09-08T01:45:31,off,0,0,35,-3156,57.7,87,-4009,Healthy,On,unknown,off,unknown,90.0,0,0,0,0,60.0,23,62.5,60.0,unavailable,unavailable,unavailable
2026-09-08T01:45:46,off,0,0,35,-3161,57.8,87,-3932,Healthy,On,unknown,off,unknown,90.0,0,0,0,0,60.0,23,62.5,60.0,unavailable,unavailable,unavailable
2026-09-08T01:46:01,off,0,0,35,-3150,57.6,87,-3936,Healthy,On,unknown,off,unknown,90.0,0,0,0,0,60.0,23,62.5,60.0,unavailable,unavailable,unavailable
2026-09-08T01:46:17,off,0,0,35,-3161,57.8,87,-3929,Healthy,On,unknown,off,unknown,90.0,0,0,0,0,60.0,23,62.5,60.0,unavailable,unavailable,unavailable
2026-09-08T01:46:32,off,0,0,35,-3156,57.7,87,-3945,Healthy,On,unknown,off,unknown,90.0,0,0,0,0,60.0,23,62.5,60.0,unavailable,unavailable,unavailable
2026-09-08T01:46:44,off,0,0,35,-3161,57.8,87,-3935,Healthy,On,unknown,off,unknown,90.0,0,0,0,0,60.0,23,62.5,60.0,unavailable,unavailable,unavailable
2026-09-08T01:46:59,off,0,0,35,-3167,57.9,87,-3934,Healthy,On,unknown,off,unknown,90.0,0,0,0,0,60.0,23,62.5,60.0,unavailable,unavailable,unavailable
2026-09-08T01:47:15,off,0,0,35,-3167,57.9,87,-3949,Healthy,On,unknown,off,unknown,90.0,0,0,0,0,60.0,23,62.5,60.0,unavailable,unavailable,unavailable
2026-09-08T01:47:30,off,0,0,35,-3156,57.7,87,-3936,Healthy,On,unknown,off,unknown,90.0,0,0,0,0,60.0,23,62.5,60.0,unavailable,unavailable,unavailable
2026-09-08T01:47:45,off,0,0,35,-3161,57.8,87,-3919,Healthy,On,unknown,off,unknown,90.0,0,0,0,0,60.0,23,62.5,60.0,unavailable,unavailable,unavailable
2026-09-08T01:48:00,off,0,0,35,-3156,57.7,87,-3938,Healthy,On,unknown,off,unknown,90.0,0,0,0,0,60.0,23,62.5,60.0,unavailable,unavailable,unavailable
2026-09-08T01:48:16,off,0,0,35,-3145,57.5,87,-3913,Healthy,On,unknown,off,unknown,90.0,0,0,0,0,60.0,23,62.5,60.0,unavailable,unavailable,unavailable
2026-09-08T01:48:31,off,0,0,35,-3161,57.8,87,-3930,Healthy,On,unknown,off,unknown,90.0,0,0,0,0,60.0,23,62.5,60.0,unavailable,unavailable,unavailable
2026-09-08T01:48:46,off,0,0,35,-3156,57.7,87,-3918,Healthy,On,unknown,off,unknown,90.0,0,0,0,0,60.0,23,62.5,60.0,unavailable,unavailable,unavailable
2026-09-08T01:49:01,off,0,0,35,-3150,57.6,87,-3922,Healthy,On,unknown,off,unknown,90.0,0,0,0,0,60.0,23,62.5,60.0,unavailable,unavailable,unavailable
2026-09-08T01:49:17,off,0,0,35,-3145,57.5,87,-3918,Healthy,On,unknown,off,unknown,90.0,0,0,0,0,60.0,23,62.5,60.0,unavailable,unavailable,unavailable
2026-09-08T01:49:47,off,0,0,35,-3156,57.7,100,-3937,Degraded,On,unknown,off,unknown,90.0,0,0,0,0,60.0,23,62.5,60.0,unavailable,unavailable,unavailable
2026-09-08T01:49:59,off,0,0,35,-3106,56.8,87,-3778,Degraded,On,unknown,off,unknown,90.0,0,0,0,0,60.0,23,62.5,60.0,unavailable,unavailable,unavailable
2026-09-08T01:50:15,off,0,0,35,-3150,57.6,87,-3906,Degraded,On,unknown,off,unknown,90.0,0,0,0,0,60.0,23,62.5,60.0,unavailable,unavailable,unavailable
2026-09-08T01:50:30,off,0,0,35,-3145,57.5,87,-3917,Degraded,On,unknown,off,unknown,90.0,0,0,0,0,60.0,23,62.5,60.0,unavailable,unavailable,unavailable
2026-09-08T01:50:45,off,0,0,35,-3145,57.5,87,-3921,Degraded,On,unknown,off,unknown,90.0,0,0,0,0,60.0,23,62.5,60.0,unavailable,unavailable,unavailable
2026-09-08T01:51:00,off,0,0,35,-3150,57.6,88,-3917,Degraded,On,unknown,off,unknown,90.0,0,0,0,0,60.0,23,62.5,60.0,unavailable,unavailable,unavailable
2026-09-08T01:51:15,off,0,0,35,-3161,57.8,88,-3921,Degraded,On,unknown,off,unknown,90.0,0,0,0,0,60.0,23,62.5,60.0,unavailable,unavailable,unavailable
2026-09-08T01:51:31,off,0,0,35,-3150,57.6,88,-3910,Degraded,On,unknown,off,unknown,90.0,0,0,0,0,60.0,23,62.5,60.0,unavailable,unavailable,unavailable
2026-09-08T01:51:46,off,0,0,35,-3156,57.7,88,-3989,Degraded,On,unknown,off,unknown,90.0,0,0,0,0,60.0,23,62.5,60.0,unavailable,unavailable,unavailable
2026-09-08T01:52:01,off,0,0,35,-3150,57.6,88,-3977,Degraded,On,unknown,off,unknown,90.0,0,0,0,0,60.0,23,62.5,60.0,unavailable,unavailable,unavailable
2026-09-08T01:52:16,off,0,0,35,-3150,57.6,88,-3979,Degraded,On,unknown,off,unknown,90.0,0,0,0,0,60.0,23,62.5,60.0,unavailable,unavailable,unavailable
2026-09-08T01:52:32,off,0,0,35,-3150,57.6,88,-3980,Degraded,On,unknown,off,unknown,90.0,0,0,0,0,60.0,23,62.5,60.0,unavailable,unavailable,unavailable
2026-09-08T01:52:47,off,0,0,35,-3145,57.5,88,-3973,Degraded,On,unknown,off,unknown,90.0,0,0,0,0,60.0,23,62.5,60.0,unavailable,unavailable,unavailable
2026-09-08T01:53:02,off,0,0,35,-3145,57.5,88,-3962,Degraded,On,unknown,off,unknown,90.0,0,0,0,0,60.0,23,62.5,60.0,unavailable,unavailable,unavailable
2026-09-08T01:53:14,off,0,0,35,-3145,57.5,88,-3805,Degraded,On,unknown,off,unknown,90.0,0,0,0,0,60.0,23,62.5,60.0,unavailable,unavailable,unavailable
2026-09-08T01:53:30,off,0,0,35,-3145,57.5,88,-3807,Degraded,On,unknown,off,unknown,90.0,0,0,0,0,60.0,23,62.5,60.0,unavailable,unavailable,unavailable
2026-09-08T01:53:45,off,0,0,35,-3150,57.6,88,-3807,Degraded,On,unknown,off,unknown,90.0,0,0,0,0,60.0,23,62.5,60.0,unavailable,unavailable,unavailable
2026-09-08T01:54:00,off,0,0,35,-3156,57.6,88,-3799,Degraded,On,unknown,off,unknown,90.0,0,0,0,0,60.0,23,62.5,60.0,unavailable,unavailable,unavailable
2026-09-08T01:54:15,off,0,0,35,-3156,57.7,88,-3817,Degraded,On,unknown,off,unknown,90.0,0,0,0,0,60.0,23,62.5,60.0,unavailable,unavailable,unavailable
2026-09-08T01:54:31,off,0,0,35,-3145,57.5,88,-3807,Degraded,On,unknown,off,unknown,90.0,0,0,0,0,60.0,23,62.5,60.0,unavailable,unavailable,unavailable
2026-09-08T01:54:46,off,0,0,35,-3150,57.6,88,-3794,Degraded,On,unknown,off,unknown,90.0,0,0,0,0,60.0,23,62.5,60.0,unavailable,unavailable,unavailable
2026-09-08T01:55:01,off,0,0,35,-3156,57.7,88,-3797,Degraded,On,unknown,off,unknown,90.0,0,0,0,0,60.0,23,62.5,60.0,unavailable,unavailable,unavailable
2026-09-08T01:55:16,off,0,0,35,-3151,57.5,88,-5605,Degraded,On,unknown,off,unknown,90.0,0,0,0,0,60.0,23,62.5,60.0,unavailable,unavailable,unavailable
2026-09-08T01:55:32,off,0,0,35,-3150,57.6,88,-3979,Degraded,On,unknown,off,unknown,90.0,0,0,0,0,60.0,23,62.5,60.0,unavailable,unavailable,unavailable
2026-09-08T01:55:47,off,0,0,35,-3145,57.4,88,-3969,Degraded,On,unknown,off,unknown,90.0,0,0,0,0,60.0,23,62.5,60.0,unavailable,unavailable,unavailable
2026-09-08T01:56:02,off,0,0,35,-3145,57.5,88,-3942,Degraded,On,unknown,off,unknown,90.0,0,0,0,0,60.0,23,62.5,60.0,unavailable,unavailable,unavailable
2026-09-08T01:56:14,off,0,0,35,-3145,57.4,88,-3942,Degraded,On,unknown,off,unknown,90.0,0,0,0,0,60.0,23,62.5,60.0,unavailable,unavailable,unavailable
2026-09-08T01:56:29,off,0,0,35,-3150,57.6,88,-3963,Degraded,On,unknown,off,unknown,90.0,0,0,0,0,60.0,23,62.5,60.0,unavailable,unavailable,unavailable
2026-09-08T01:56:45,off,0,0,35,-3145,57.5,88,-3942,Degraded,On,unknown,off,unknown,90.0,0,0,0,0,60.0,23,62.5,60.0,unavailable,unavailable,unavailable
2026-09-08T01:57:00,off,0,0,35,-3145,57.4,89,-3935,Degraded,On,unknown,off,unknown,90.0,0,0,0,0,60.0,23,62.5,60.0,unavailable,unavailable,unavailable
2026-09-08T01:57:15,off,0,0,35,-3145,57.4,89,-3950,Degraded,On,unknown,off,unknown,90.0,0,0,0,0,60.0,23,62.5,60.0,unavailable,unavailable,unavailable
2026-09-08T01:57:30,off,0,0,35,-3145,57.4,89,-3955,Degraded,On,unknown,off,unknown,90.0,0,0,0,0,60.0,23,62.5,60.0,unavailable,unavailable,unavailable
2026-09-08T01:57:46,off,0,0,35,-3156,57.6,89,-3880,Degraded,On,unknown,off,unknown,90.0,0,0,0,0,60.0,23,62.5,60.0,unavailable,unavailable,unavailable
2026-09-08T01:58:01,off,0,0,35,-3150,57.6,89,-3887,Degraded,On,unknown,off,unknown,90.0,0,0,0,0,60.0,23,62.5,60.0,unavailable,unavailable,unavailable
2026-09-08T01:58:16,off,0,0,35,-3156,57.6,89,-3884,Degraded,On,unknown,off,unknown,90.0,0,0,0,0,60.0,23,62.5,60.0,unavailable,unavailable,unavailable
2026-09-08T01:58:31,off,0,0,35,-3161,57.8,89,-3885,Degraded,On,unknown,off,unknown,90.0,0,0,0,0,60.0,23,62.5,60.0,unavailable,unavailable,unavailable
2026-09-08T01:58:47,off,0,0,35,-3145,57.4,89,-3903,Degraded,On,unknown,off,unknown,90.0,0,0,0,0,60.0,23,62.5,60.0,unavailable,unavailable,unavailable
2026-09-08T01:59:02,off,0,0,35,-3156,57.6,89,-3874,Degraded,On,unknown,off,unknown,90.0,0,0,0,0,60.0,23,62.5,60.0,unavailable,unavailable,unavailable
2026-09-08T01:59:17,off,0,0,35,-3150,57.6,89,-3880,Degraded,On,unknown,off,unknown,90.0,0,0,0,0,60.0,23,62.5,60.0,unavailable,unavailable,unavailable
2026-09-08T01:59:29,off,0,0,35,-3156,57.7,89,-3897,Degraded,On,unknown,off,unknown,90.0,0,0,0,0,60.0,23,62.5,60.0,unavailable,unavailable,unavailable
2026-09-08T01:59:45,off,0,0,35,-3151,57.5,89,-3887,Healthy,On,unknown,off,unknown,90.0,0,0,0,0,60.0,23,62.5,60.0,unavailable,unavailable,unavailable
2026-09-08T02:00:00,off,0,0,35,-3167,57.8,89,-3892,Healthy,On,unknown,off,unknown,90.0,0,0,0,0,60.0,23,62.5,60.0,unavailable,unavailable,unavailable
2026-09-08T02:00:15,off,0,0,35,-3156,57.6,89,-3906,Healthy,On,unknown,off,unknown,90.0,0,0,0,0,60.0,23,62.5,60.0,unavailable,unavailable,unavailable
2026-09-08T02:00:30,off,0,0,35,-3161,57.7,89,-3917,Healthy,On,unknown,off,unknown,90.0,0,0,0,0,60.0,23,62.5,60.0,unavailable,unavailable,unavailable
2026-09-08T02:00:46,off,0,0,35,-3156,57.7,89,-3906,Healthy,On,unknown,off,unknown,90.0,0,0,0,0,60.0,23,62.5,60.0,unavailable,unavailable,unavailable
2026-09-08T02:01:01,off,0,0,35,-3156,57.6,89,-3896,Healthy,On,unknown,off,unknown,90.0,0,0,0,0,60.0,23,62.5,60.0,unavailable,unavailable,unavailable
2026-09-08T02:01:16,off,0,0,35,-3156,57.6,89,-3898,Healthy,On,unknown,off,unknown,90.0,0,0,0,0,60.0,23,62.5,60.0,unavailable,unavailable,unavailable
2026-09-08T02:01:31,off,0,0,35,-3161,57.7,89,-3907,Healthy,On,unknown,off,unknown,90.0,0,0,0,0,60.0,23,62.5,60.0,unavailable,unavailable,unavailable
2026-09-08T02:01:47,off,0,0,35,-3167,57.8,89,-3900,Healthy,On,unknown,off,unknown,90.0,0,0,0,0,60.0,23,62.5,60.0,unavailable,unavailable,unavailable
2026-09-08T02:02:02,off,0,0,35,-3167,57.8,89,-3904,Healthy,On,unknown,off,unknown,90.0,0,0,0,0,60.0,23,62.5,60.0,unavailable,unavailable,unavailable
2026-09-08T02:02:17,off,0,0,35,-3161,57.7,89,-3906,Healthy,On,unknown,off,unknown,90.0,0,0,0,0,60.0,23,62.5,60.0,unavailable,unavailable,unavailable
2026-09-08T02:02:29,off,0,0,35,-3156,57.6,89,-3905,Healthy,On,unknown,off,unknown,90.0,0,0,0,0,60.0,23,62.5,60.0,unavailable,unavailable,unavailable
2026-09-08T02:02:44,off,0,0,35,-3161,57.7,90,-3904,Healthy,On,unknown,off,unknown,90.0,0,0,0,0,60.0,23,62.5,60.0,unavailable,unavailable,unavailable
2026-09-08T02:03:00,off,0,0,35,-3167,57.8,90,-3911,Healthy,On,unknown,off,unknown,90.0,0,0,0,0,60.0,23,62.5,60.0,unavailable,unavailable,unavailable
2026-09-08T02:03:15,off,0,0,35,-3167,57.8,90,-3919,Healthy,On,unknown,off,unknown,90.0,0,0,0,0,60.0,23,62.5,60.0,unavailable,unavailable,unavailable
2026-09-08T02:03:30,off,0,0,35,-3161,57.7,90,-3911,Healthy,On,unknown,off,unknown,90.0,0,0,0,0,60.0,23,62.5,60.0,unavailable,unavailable,unavailable
2026-09-08T02:03:45,off,0,0,35,-3161,57.7,90,-3971,Healthy,On,unknown,off,unknown,90.0,0,0,0,0,60.0,23,62.5,60.0,unavailable,unavailable,unavailable
2026-09-08T02:04:01,off,0,0,35,-3172,57.9,90,-3984,Healthy,On,unknown,off,unknown,90.0,0,0,0,0,60.0,23,62.5,60.0,unavailable,unavailable,unavailable
2026-09-08T02:04:16,off,0,0,35,-3167,57.8,90,-3976,Healthy,On,unknown,off,unknown,90.0,0,0,0,0,60.0,23,62.5,60.0,unavailable,unavailable,unavailable
2026-09-08T02:04:31,off,0,0,35,-3167,57.8,90,-3957,Healthy,On,unknown,off,unknown,90.0,0,0,0,0,60.0,23,62.5,60.0,unavailable,unavailable,unavailable
2026-09-08T02:04:46,off,0,0,35,-3172,57.9,90,-3950,Healthy,On,unknown,off,unknown,90.0,0,0,0,0,60.0,23,62.5,60.0,unavailable,unavailable,unavailable
2026-09-08T02:05:02,off,0,0,35,-3167,57.8,90,-3954,Healthy,On,unknown,off,unknown,90.0,0,0,0,0,60.0,23,62.5,60.0,unavailable,unavailable,unavailable
2026-09-08T02:05:17,off,0,0,35,-3167,57.8,90,-3943,Healthy,On,unknown,off,unknown,90.0,0,0,0,0,60.0,23,62.5,60.0,unavailable,unavailable,unavailable
2026-09-08T02:05:32,off,0,0,35,-3172,57.9,90,-3941,Healthy,On,unknown,off,unknown,90.0,0,0,0,0,60.0,23,62.5,60.0,unavailable,unavailable,unavailable
2026-09-08T02:05:44,off,0,0,35,-3167,57.8,90,-3934,Healthy,On,unknown,off,unknown,90.0,0,0,0,0,60.0,23,62.5,60.0,unavailable,unavailable,unavailable
2026-09-08T02:06:00,off,0,0,35,-3172,57.9,90,-3961,Healthy,On,unknown,off,unknown,90.0,0,0,0,0,60.0,23,62.5,60.0,unavailable,unavailable,unavailable
2026-09-08T02:06:15,off,0,0,35,-3167,57.8,90,-3954,Healthy,On,unknown,off,unknown,90.0,0,0,0,0,60.0,23,62.5,60.0,unavailable,unavailable,unavailable
2026-09-08T02:06:30,off,0,0,35,-3178,58.0,90,-3939,Healthy,On,unknown,off,unknown,90.0,0,0,0,0,60.0,23,62.5,60.0,unavailable,unavailable,unavailable
2026-09-08T02:06:45,off,0,0,35,-3172,57.9,90,-3938,Healthy,On,unknown,off,unknown,90.0,0,0,0,0,60.0,23,62.5,60.0,unavailable,unavailable,unavailable
2026-09-08T02:07:01,off,0,0,35,-3178,58.0,90,-3956,Healthy,On,unknown,off,unknown,90.0,0,0,0,0,60.0,23,62.5,60.0,unavailable,unavailable,unavailable
2026-09-08T02:07:16,off,0,0,35,-3172,57.9,90,-3938,Healthy,On,unknown,off,unknown,90.0,0,0,0,0,60.0,23,62.5,60.0,unavailable,unavailable,unavailable
2026-09-08T02:07:31,off,0,0,35,-3178,58.0,90,-3955,Healthy,On,unknown,off,unknown,90.0,0,0,0,0,60.0,23,62.5,60.0,unavailable,unavailable,unavailable
2026-09-08T02:07:46,off,0,0,35,-3172,57.9,90,-3944,Healthy,On,unknown,off,unknown,90.0,0,0,0,0,60.0,23,62.5,60.0,unavailable,unavailable,unavailable
2026-09-08T02:08:02,off,0,0,35,-3172,57.9,90,-3945,Healthy,On,unknown,off,unknown,90.0,0,0,0,0,60.0,23,62.5,60.0,unavailable,unavailable,unavailable
2026-09-08T02:08:17,off,0,0,35,-3183,58.1,90,-3956,Healthy,On,unknown,off,unknown,90.0,0,0,0,0,60.0,23,62.5,60.0,unavailable,unavailable,unavailable
2026-09-08T02:08:32,off,0,0,35,-3178,58.0,91,-3948,Healthy,On,unknown,off,unknown,90.0,0,0,0,0,60.0,23,62.5,60.0,unavailable,unavailable,unavailable
2026-09-08T02:08:44,off,0,0,35,-3161,57.7,91,-3930,Healthy,On,unknown,off,unknown,90.0,0,0,0,0,60.0,23,62.5,60.0,unavailable,unavailable,unavailable
2026-09-08T02:08:59,off,0,0,35,-3172,57.9,91,-3941,Healthy,On,unknown,off,unknown,90.0,0,0,0,0,60.0,23,62.5,60.0,unavailable,unavailable,unavailable
2026-09-08T02:09:15,off,0,0,35,-3161,57.7,91,-3942,Healthy,On,unknown,off,unknown,90.0,0,0,0,0,60.0,23,62.5,60.0,unavailable,unavailable,unavailable
2026-09-08T02:09:30,off,0,0,35,-3161,57.7,91,-3926,Healthy,On,unknown,off,unknown,90.0,0,0,0,0,60.0,23,62.5,60.0,unavailable,unavailable,unavailable
2026-09-08T02:09:45,off,0,0,35,-3172,57.9,91,-3928,Healthy,On,unknown,off,unknown,90.0,0,0,0,0,60.0,23,62.5,60.0,unavailable,unavailable,unavailable
2026-09-08T02:10:00,off,0,0,35,-3172,57.9,91,-3892,Healthy,On,unknown,off,unknown,90.0,0,0,0,0,60.0,23,62.5,60.0,unavailable,unavailable,unavailable
2026-09-08T02:10:16,off,0,0,35,-3172,57.9,91,-3873,Healthy,On,unknown,off,unknown,90.0,0,0,0,0,60.0,23,62.5,60.0,unavailable,unavailable,unavailable
2026-09-08T02:10:31,off,0,0,35,-3167,57.8,91,-3883,Healthy,On,unknown,off,unknown,90.0,0,0,0,0,60.0,23,62.5,60.0,unavailable,unavailable,unavailable
2026-09-08T02:10:46,off,0,0,35,-3172,57.9,91,-3888,Healthy,On,unknown,off,unknown,90.0,0,0,0,0,60.0,23,62.5,60.0,unavailable,unavailable,unavailable
2026-09-08T02:11:02,off,0,0,35,-3172,57.9,91,-3877,Healthy,On,unknown,off,unknown,90.0,0,0,0,0,60.0,23,62.5,60.0,unavailable,unavailable,unavailable
2026-09-08T02:11:17,off,0,0,35,-3172,57.9,91,-3886,Healthy,On,unknown,off,unknown,90.0,0,0,0,0,60.0,23,62.5,60.0,unavailable,unavailable,unavailable
2026-09-08T02:11:32,off,0,0,35,-3178,58.0,91,-3870,Healthy,On,unknown,off,unknown,90.0,0,0,0,0,60.0,23,62.5,60.0,unavailable,unavailable,unavailable
2026-09-08T02:11:47,off,0,0,35,-3167,57.8,91,-3879,Healthy,On,unknown,off,unknown,90.0,0,0,0,0,60.0,23,62.5,60.0,unavailable,unavailable,unavailable
2026-09-08T02:11:59,off,0,0,35,-3172,57.9,91,-3892,Healthy,On,unknown,off,unknown,90.0,0,0,0,0,60.0,23,62.5,60.0,unavailable,unavailable,unavailable
2026-09-08T02:12:15,off,0,0,35,-3178,58.0,91,-3883,Healthy,On,unknown,off,unknown,90.0,0,0,0,0,60.0,23,62.5,60.0,unavailable,unavailable,unavailable
2026-09-08T02:12:30,off,0,0,35,-3183,58.1,91,-3881,Healthy,On,unknown,off,unknown,90.0,0,0,0,0,60.0,23,62.5,60.0,unavailable,unavailable,unavailable
2026-09-08T02:12:45,off,0,0,35,-3167,57.8,91,-3890,Healthy,On,unknown,off,unknown,90.0,0,0,0,0,60.0,23,62.5,60.0,unavailable,unavailable,unavailable
2026-09-08T02:13:00,off,0,0,35,-3172,57.9,91,-3892,Healthy,On,unknown,off,unknown,90.0,0,0,0,0,60.0,23,62.5,60.0,unavailable,unavailable,unavailable
2026-09-08T02:13:16,off,0,0,35,-3178,58.0,91,-3874,Healthy,On,unknown,off,unknown,90.0,0,0,0,0,60.0,23,62.5,60.0,unavailable,unavailable,unavailable
2026-09-08T02:13:31,off,0,0,35,-3172,57.9,91,-3872,Healthy,On,unknown,off,unknown,90.0,0,0,0,0,60.0,23,62.5,60.0,unavailable,unavailable,unavailable
2026-09-08T02:13:46,off,0,0,35,-3161,57.7,91,-3880,Healthy,On,unknown,off,unknown,90.0,0,0,0,0,60.0,23,62.5,60.0,unavailable,unavailable,unavailable
2026-09-08T02:14:01,off,0,0,35,-3172,57.9,91,-3877,Healthy,On,unknown,off,unknown,90.0,0,0,0,0,60.0,23,62.5,60.0,unavailable,unavailable,unavailable
2026-09-08T02:14:17,off,0,0,35,-3161,57.7,91,-3873,Healthy,On,unknown,off,unknown,90.0,0,0,0,0,60.0,23,62.5,60.0,unavailable,unavailable,unavailable
2026-09-08T02:14:32,off,0,0,35,-3172,57.9,92,-4057,Healthy,On,unknown,off,unknown,90.0,0,0,0,0,60.0,23,62.5,60.0,unavailable,unavailable,unavailable
2026-09-08T02:14:47,off,0,0,35,-3167,57.8,92,-4063,Healthy,On,unknown,off,unknown,90.0,0,0,0,0,60.0,23,62.5,60.0,unavailable,unavailable,unavailable
2026-09-08T02:14:59,off,0,0,35,-3161,57.7,92,-4065,Healthy,On,unknown,off,unknown,90.0,0,0,0,0,60.0,23,62.5,60.0,unavailable,unavailable,unavailable
2026-09-08T02:15:15,off,0,0,35,-3167,57.8,92,-4048,Healthy,On,unknown,off,unknown,90.0,0,0,0,0,60.0,23,62.5,60.0,unavailable,unavailable,unavailable
2026-09-08T02:15:30,off,0,0,35,-3167,57.8,92,-4059,Healthy,On,unknown,off,unknown,90.0,0,0,0,0,60.0,23,62.5,60.0,unavailable,unavailable,unavailable
2026-09-08T02:15:45,off,0,0,35,-3161,57.7,92,-4080,Healthy,On,unknown,off,unknown,90.0,0,0,0,0,60.0,23,62.5,60.0,unavailable,unavailable,unavailable
2026-09-08T02:16:00,off,0,0,35,-3167,57.8,92,-4139,Healthy,On,unknown,off,unknown,90.0,0,0,0,0,60.0,23,62.5,60.0,unavailable,unavailable,unavailable
2026-09-08T02:16:15,off,0,0,35,-3172,57.9,92,-4129,Healthy,On,unknown,off,unknown,90.0,0,0,0,0,60.0,23,62.5,60.0,unavailable,unavailable,unavailable
2026-09-08T02:16:31,off,0,0,35,-3172,57.9,92,-4139,Healthy,On,unknown,off,unknown,90.0,0,0,0,0,60.0,23,62.5,60.0,unavailable,unavailable,unavailable
2026-09-08T02:16:46,off,0,0,35,-3178,58.0,92,-4127,Healthy,On,unknown,off,unknown,90.0,0,0,0,0,60.0,23,62.5,60.0,unavailable,unavailable,unavailable
2026-09-08T02:17:01,off,0,0,35,-3167,57.8,92,-4112,Healthy,On,unknown,off,unknown,90.0,0,0,0,0,60.0,23,62.5,60.0,unavailable,unavailable,unavailable
2026-09-08T02:17:16,off,0,0,35,-3178,58.0,92,-4121,Healthy,On,unknown,off,unknown,90.0,0,0,0,0,60.0,23,62.5,60.0,unavailable,unavailable,unavailable
2026-09-08T02:17:32,off,0,0,35,-3178,58.0,92,-4136,Healthy,On,unknown,off,unknown,90.0,0,0,0,0,60.0,23,62.5,60.0,unavailable,unavailable,unavailable
2026-09-08T02:17:47,off,0,0,35,-3178,58.0,92,-4121,Healthy,On,unknown,off,unknown,90.0,0,0,0,0,60.0,23,62.5,60.0,unavailable,unavailable,unavailable
2026-09-08T02:18:02,off,0,0,35,-3178,58.0,92,-4116,Healthy,On,unknown,off,unknown,90.0,0,0,0,0,60.0,23,62.5,60.0,unavailable,unavailable,unavailable
2026-09-08T02:18:14,off,0,0,35,-3172,57.9,92,-4118,Healthy,On,unknown,off,unknown,90.0,0,0,0,0,60.0,23,62.5,60.0,unavailable,unavailable,unavailable
2026-09-08T02:18:30,off,0,0,35,-3167,57.8,92,-4116,Healthy,On,unknown,off,unknown,90.0,0,0,0,0,60.0,23,62.5,60.0,unavailable,unavailable,unavailable
2026-09-08T02:18:45,off,0,0,35,-3167,57.8,92,-4119,Healthy,On,unknown,off,unknown,90.0,0,0,0,0,60.0,23,62.5,60.0,unavailable,unavailable,unavailable
2026-09-08T02:19:00,off,0,0,35,-3172,57.9,92,-4106,Healthy,On,unknown,off,unknown,90.0,0,0,0,0,60.0,23,62.5,60.0,unavailable,unavailable,unavailable
2026-09-08T02:19:15,off,0,0,35,-3167,57.8,92,-4118,Healthy,On,unknown,off,unknown,90.0,0,0,0,0,60.0,23,62.5,60.0,unavailable,unavailable,unavailable
2026-09-08T02:19:31,off,0,0,35,-3167,57.8,92,-4108,Healthy,On,unknown,off,unknown,90.0,0,0,0,0,60.0,23,62.5,60.0,unavailable,unavailable,unavailable
2026-09-08T02:19:46,off,0,0,35,-3172,57.9,92,-4109,Healthy,On,unknown,off,unknown,90.0,0,0,0,0,60.0,23,62.5,60.0,unavailable,unavailable,unavailable
2026-09-08T02:20:01,off,0,0,35,-3167,57.8,92,-4108,Healthy,On,unknown,off,unknown,90.0,0,0,0,0,60.0,23,62.5,60.0,unavailable,unavailable,unavailable
2026-09-08T02:20:16,off,0,0,35,-3167,57.8,93,-4112,Healthy,On,unknown,off,unknown,90.0,0,0,0,0,60.0,23,62.5,60.0,unavailable,unavailable,unavailable
2026-09-08T02:20:32,off,0,0,35,-3161,57.7,93,-4113,Healthy,On,unknown,off,unknown,90.0,0,0,0,0,60.0,23,62.5,60.0,unavailable,unavailable,unavailable
2026-09-08T02:20:47,off,0,0,35,-3161,57.7,93,-4108,Healthy,On,unknown,off,unknown,90.0,0,0,0,0,60.0,23,62.5,60.0,unavailable,unavailable,unavailable
2026-09-08T02:21:02,off,0,0,35,-3167,57.8,93,-4108,Healthy,On,unknown,off,unknown,90.0,0,0,0,0,60.0,23,62.5,60.0,unavailable,unavailable,unavailable
2026-09-08T02:21:17,off,0,0,35,-3172,57.9,93,-4111,Healthy,On,unknown,off,unknown,90.0,0,0,0,0,60.0,23,62.5,60.0,unavailable,unavailable,unavailable
2026-09-08T02:21:30,off,0,0,35,-3172,57.9,93,-4112,Healthy,On,unknown,off,unknown,90.0,0,0,0,0,60.0,23,62.5,60.0,unavailable,unavailable,unavailable
2026-09-08T02:21:45,off,0,0,35,-3167,57.8,93,-4110,Healthy,On,unknown,off,unknown,90.0,0,0,0,0,60.0,23,62.5,60.0,unavailable,unavailable,unavailable
2026-09-08T02:22:00,off,0,0,35,-3178,58.0,93,-4061,Healthy,On,unknown,off,unknown,90.0,0,0,0,0,60.0,23,62.5,60.0,unavailable,unavailable,unavailable
2026-09-08T02:22:15,off,0,0,35,-3172,57.9,93,-4043,Healthy,On,unknown,off,unknown,90.0,0,0,0,0,60.0,23,62.5,60.0,unavailable,unavailable,unavailable
2026-09-08T02:22:31,off,0,0,35,-3178,57.9,93,-4059,Healthy,On,unknown,off,unknown,90.0,0,0,0,0,60.0,23,62.5,60.0,unavailable,unavailable,unavailable
2026-09-08T02:22:46,off,0,0,35,-3161,57.7,93,-4041,Healthy,On,unknown,off,unknown,90.0,0,0,0,0,60.0,23,62.5,60.0,unavailable,unavailable,unavailable
2026-09-08T02:23:01,off,0,0,35,-3178,58.0,93,-4044,Healthy,On,unknown,off,unknown,90.0,0,0,0,0,60.0,23,62.5,60.0,unavailable,unavailable,unavailable
2026-09-08T02:23:16,off,0,0,35,-3172,57.9,93,-4050,Healthy,On,unknown,off,unknown,90.0,0,0,0,0,60.0,23,62.5,60.0,unavailable,unavailable,unavailable
2026-09-08T02:23:31,off,0,0,35,-3172,57.9,93,-4049,Healthy,On,unknown,off,unknown,90.0,0,0,0,0,60.0,23,62.5,60.0,unavailable,unavailable,unavailable
2026-09-08T02:23:47,off,0,0,35,-3172,57.9,93,-3878,Healthy,On,unknown,off,unknown,90.0,0,0,0,0,60.0,23,62.5,60.0,unavailable,unavailable,unavailable
2026-09-08T02:24:02,off,0,0,35,-3178,58.0,93,-3878,Healthy,On,unknown,off,unknown,90.0,0,0,0,0,60.0,23,62.5,60.0,unavailable,unavailable,unavailable
2026-09-08T02:24:17,off,0,0,35,-3178,58.0,93,-3887,Healthy,On,unknown,off,unknown,90.0,0,0,0,0,60.0,23,62.5,60.0,unavailable,unavailable,unavailable
2026-09-08T02:24:29,off,0,0,35,-3167,57.8,93,-3870,Healthy,On,unknown,off,unknown,90.0,0,0,0,0,60.0,23,62.5,60.0,unavailable,unavailable,unavailable
2026-09-08T02:24:45,off,0,0,35,-3161,57.7,93,-3873,Healthy,On,unknown,off,unknown,90.0,0,0,0,0,60.0,23,62.5,60.0,unavailable,unavailable,unavailable
2026-09-08T02:25:00,off,0,0,35,-3172,57.9,93,-3869,Healthy,On,unknown,off,unknown,90.0,0,0,0,0,60.0,23,62.5,60.0,unavailable,unavailable,unavailable
2026-09-08T02:25:15,off,0,0,35,-3167,57.8,93,-3880,Healthy,On,unknown,off,unknown,90.0,0,0,0,0,60.0,23,62.5,60.0,unavailable,unavailable,unavailable
2026-09-08T02:25:46,off,0,0,35,-3172,57.9,93,-3894,Degraded,On,unknown,off,unknown,90.0,0,0,0,0,60.0,23,62.5,60.0,unavailable,unavailable,unavailable
2026-09-08T02:26:01,off,0,0,35,-2888,52.8,94,-3133,Degraded,On,unknown,off,unknown,90.0,0,0,0,0,60.0,23,62.5,60.0,unavailable,unavailable,unavailable
2026-09-08T02:26:16,off,0,0,35,-3172,57.9,94,-3877,Degraded,On,unknown,off,unknown,90.0,0,0,0,0,60.0,23,62.5,60.0,unavailable,unavailable,unavailable
2026-09-08T02:26:31,off,0,0,35,-3172,57.9,94,-3875,Degraded,On,unknown,off,unknown,90.0,0,0,0,0,60.0,23,62.5,60.0,unavailable,unavailable,unavailable
2026-09-08T02:26:47,off,0,0,35,-3178,58.0,94,-3888,Degraded,On,unknown,off,unknown,90.0,0,0,0,0,60.0,23,62.5,60.0,unavailable,unavailable,unavailable
2026-09-08T02:27:02,off,0,0,35,-3178,58.0,94,-3873,Degraded,On,unknown,off,unknown,90.0,0,0,0,0,60.0,23,62.5,60.0,unavailable,unavailable,unavailable
2026-09-08T02:27:17,off,0,0,35,-3172,57.9,94,-3878,Degraded,On,unknown,off,unknown,90.0,0,0,0,0,60.0,23,62.5,60.0,unavailable,unavailable,unavailable
2026-09-08T02:27:29,off,0,0,35,-3183,58.1,94,-3884,Degraded,On,unknown,off,unknown,90.0,0,0,0,0,60.0,23,62.5,60.0,unavailable,unavailable,unavailable
2026-09-08T02:27:45,off,0,0,35,-3178,58.0,94,-3877,Degraded,On,unknown,off,unknown,90.0,0,0,0,0,60.0,23,62.5,60.0,unavailable,unavailable,unavailable
2026-09-08T02:28:00,off,0,0,35,-3184,58.0,94,-3954,Degraded,On,unknown,off,unknown,90.0,0,0,0,0,60.0,23,62.5,60.0,unavailable,unavailable,unavailable
2026-09-08T02:28:15,off,0,0,35,-3189,58.2,94,-3961,Degraded,On,unknown,off,unknown,90.0,0,0,0,0,60.0,23,62.5,60.0,unavailable,unavailable,unavailable
2026-09-08T02:28:30,off,0,0,35,-3189,58.2,94,-3956,Degraded,On,unknown,off,unknown,90.0,0,0,0,0,60.0,23,62.5,60.0,unavailable,unavailable,unavailable
2026-09-08T02:28:46,off,0,0,35,-3184,58.0,94,-3948,Degraded,On,unknown,off,unknown,90.0,0,0,0,0,60.0,23,62.5,60.0,unavailable,unavailable,unavailable
2026-09-08T02:29:01,off,0,0,35,-3183,58.1,94,-3953,Degraded,On,unknown,off,unknown,90.0,0,0,0,0,60.0,23,62.5,60.0,unavailable,unavailable,unavailable
2026-09-08T02:29:16,off,0,0,35,-3184,58.0,94,-3948,Degraded,On,unknown,off,unknown,90.0,0,0,0,0,60.0,23,62.5,60.0,unavailable,unavailable,unavailable
2026-09-08T02:29:31,off,0,0,35,-3184,58.0,94,-3950,Degraded,On,unknown,off,unknown,90.0,0,0,0,0,60.0,23,62.5,60.0,unavailable,unavailable,unavailable
2026-09-08T02:29:46,off,0,0,35,-3189,58.2,94,-3947,Degraded,On,unknown,off,unknown,90.0,0,0,0,0,60.0,23,62.5,60.0,unavailable,unavailable,unavailable
2026-09-08T02:30:02,off,0,0,35,-3184,58.0,94,-3943,Degraded,On,unknown,off,unknown,90.0,0,0,0,0,60.0,23,62.5,60.0,unavailable,unavailable,unavailable
2026-09-08T02:30:17,off,0,0,35,-3183,58.1,94,-3951,Degraded,On,unknown,off,unknown,90.0,0,0,0,0,60.0,23,62.5,60.0,unavailable,unavailable,unavailable
2026-09-08T02:30:32,off,0,0,35,-3178,57.9,94,-3966,Degraded,On,unknown,off,unknown,90.0,0,0,0,0,60.0,23,62.5,60.0,unavailable,unavailable,unavailable
2026-09-08T02:30:44,off,0,0,35,-3183,58.1,94,-3953,Degraded,On,unknown,off,unknown,90.0,0,0,0,0,60.0,23,62.5,60.0,unavailable,unavailable,unavailable
2026-09-08T02:31:00,off,0,0,35,-3183,58.1,94,-3960,Degraded,On,unknown,off,unknown,90.0,0,0,0,0,60.0,23,62.5,60.0,unavailable,unavailable,unavailable
2026-09-08T02:31:15,off,0,0,35,-3178,57.9,94,-3962,Degraded,On,unknown,off,unknown,90.0,0,0,0,0,60.0,23,62.5,60.0,unavailable,unavailable,unavailable
2026-09-08T02:31:30,off,0,0,35,-3184,58.0,94,-3954,Degraded,On,unknown,off,unknown,90.0,0,0,0,0,60.0,23,62.5,60.0,unavailable,unavailable,unavailable
2026-09-08T02:31:46,off,0,0,35,-3189,58.1,95,-3951,Degraded,On,unknown,off,unknown,90.0,0,0,0,0,60.0,23,62.5,60.0,unavailable,unavailable,unavailable
2026-09-08T02:32:01,off,0,0,35,-3189,58.1,95,-3959,Degraded,On,unknown,off,unknown,90.0,0,0,0,0,60.0,23,62.5,60.0,unavailable,unavailable,unavailable
2026-09-08T02:32:16,off,0,0,35,-3178,57.9,95,-3947,Degraded,On,unknown,off,unknown,90.0,0,0,0,0,60.0,23,62.5,60.0,unavailable,unavailable,unavailable
2026-09-08T02:32:31,off,0,0,35,-3178,57.9,95,-3939,Degraded,On,unknown,off,unknown,90.0,0,0,0,0,60.0,23,62.5,60.0,unavailable,unavailable,unavailable
2026-09-08T02:32:47,off,0,0,35,-3184,58.0,95,-3944,Degraded,On,unknown,off,unknown,90.0,0,0,0,0,60.0,23,62.5,60.0,unavailable,unavailable,unavailable
2026-09-08T02:33:02,off,0,0,35,-3178,57.9,95,-3946,Degraded,On,unknown,off,unknown,90.0,0,0,0,0,60.0,23,62.5,60.0,unavailable,unavailable,unavailable
2026-09-08T02:33:17,off,0,0,35,-3173,57.8,95,-3939,Degraded,On,unknown,off,unknown,90.0,0,0,0,0,60.0,23,62.5,60.0,unavailable,unavailable,unavailable
2026-09-08T02:33:29,off,0,0,35,-3173,57.8,95,-3942,Degraded,On,unknown,off,unknown,90.0,0,0,0,0,60.0,23,62.5,60.0,unavailable,unavailable,unavailable
2026-09-08T02:33:45,off,0,0,35,-3173,57.8,95,-3894,Degraded,On,unknown,off,unknown,90.0,0,0,0,0,60.0,23,62.5,60.0,unavailable,unavailable,unavailable
2026-09-08T02:34:00,off,0,0,35,-3173,57.8,95,-3887,Degraded,On,unknown,off,unknown,90.0,0,0,0,0,60.0,23,62.5,60.0,unavailable,unavailable,unavailable
2026-09-08T02:34:15,off,0,0,35,-3178,57.9,95,-3884,Degraded,On,unknown,off,unknown,90.0,0,0,0,0,60.0,23,62.5,60.0,unavailable,unavailable,unavailable
2026-09-08T02:34:30,off,0,0,35,-3178,57.9,95,-3876,Degraded,On,unknown,off,unknown,90.0,0,0,0,0,60.0,23,62.5,60.0,unavailable,unavailable,unavailable
2026-09-08T02:34:46,off,0,0,35,-3173,57.8,95,-3883,Degraded,On,unknown,off,unknown,90.0,0,0,0,0,60.0,23,62.5,60.0,unavailable,unavailable,unavailable
2026-09-08T02:35:01,off,0,0,35,-3173,57.8,95,-3882,Degraded,On,unknown,off,unknown,90.0,0,0,0,0,60.0,23,62.5,60.0,unavailable,unavailable,unavailable
2026-09-08T02:35:16,off,0,0,35,-3162,57.6,95,-3869,Degraded,On,unknown,off,unknown,90.0,0,0,0,0,60.0,23,62.5,60.0,unavailable,unavailable,unavailable
2026-09-08T02:35:31,off,0,0,35,-3167,57.7,95,-3864,Degraded,On,unknown,off,unknown,90.0,0,0,0,0,60.0,23,62.5,60.0,unavailable,unavailable,unavailable
2026-09-08T02:35:47,off,0,0,35,-3162,57.6,95,-3876,Healthy,On,unknown,off,unknown,90.0,0,0,0,0,60.0,23,62.5,60.0,unavailable,unavailable,unavailable
2026-09-08T02:36:02,off,0,0,35,-3162,57.6,95,-3874,Healthy,On,unknown,off,unknown,90.0,0,0,0,0,60.0,23,62.5,60.0,unavailable,unavailable,unavailable
2026-09-08T02:36:17,off,0,0,35,-3173,57.8,95,-3873,Healthy,On,unknown,off,unknown,90.0,0,0,0,0,60.0,23,62.5,60.0,unavailable,unavailable,unavailable
2026-09-08T02:36:32,off,0,0,35,-3162,57.6,95,-3866,Healthy,On,unknown,off,unknown,90.0,0,0,0,0,60.0,23,62.5,60.0,unavailable,unavailable,unavailable
2026-09-08T02:36:45,off,0,0,35,-3162,57.6,95,-3868,Healthy,On,unknown,off,unknown,90.0,0,0,0,0,60.0,23,62.5,60.0,unavailable,unavailable,unavailable
2026-09-08T02:37:00,off,0,0,35,-3173,57.8,95,-3876,Healthy,On,unknown,off,unknown,90.0,0,0,0,0,60.0,23,62.5,60.0,unavailable,unavailable,unavailable
2026-09-08T02:37:15,off,0,0,35,-3173,57.8,95,-3858,Healthy,On,unknown,off,unknown,90.0,0,0,0,0,60.0,23,62.5,60.0,unavailable,unavailable,unavailable
2026-09-08T02:37:30,off,0,0,35,-3167,57.7,96,-3884,Healthy,On,unknown,off,unknown,90.0,0,0,0,0,60.0,23,62.5,60.0,unavailable,unavailable,unavailable
2026-09-08T02:37:45,off,0,0,35,-3173,57.8,96,-3874,Healthy,On,unknown,off,unknown,90.0,0,0,0,0,60.0,23,62.5,60.0,unavailable,unavailable,unavailable
2026-09-08T02:38:01,off,0,0,35,-3173,57.8,96,-3875,Healthy,On,unknown,off,unknown,90.0,0,0,0,0,60.0,23,62.5,60.0,unavailable,unavailable,unavailable
2026-09-08T02:38:16,off,0,0,35,-3173,57.8,96,-3866,Healthy,On,unknown,off,unknown,90.0,0,0,0,0,60.0,23,62.5,60.0,unavailable,unavailable,unavailable
2026-09-08T02:38:46,off,0,0,35,-3167,57.7,96,-3873,Healthy,On,unknown,off,unknown,90.0,0,0,0,0,60.0,23,62.5,60.0,unavailable,unavailable,unavailable
2026-09-08T02:39:02,off,0,0,35,-3167,57.7,96,-3875,Healthy,On,unknown,off,unknown,90.0,0,0,0,0,60.0,23,62.5,60.0,unavailable,unavailable,unavailable
2026-09-08T02:39:17,off,0,0,35,-3167,57.7,96,-3877,Healthy,On,unknown,off,unknown,90.0,0,0,0,0,60.0,23,62.5,60.0,unavailable,unavailable,unavailable
2026-09-08T02:39:32,off,0,0,35,-3167,57.7,96,-3879,Healthy,On,unknown,off,unknown,90.0,0,0,0,0,60.0,23,62.5,60.0,unavailable,unavailable,unavailable
2026-09-08T02:39:44,off,0,0,35,-3167,57.7,96,-3945,Healthy,On,unknown,off,unknown,90.0,0,0,0,0,60.0,23,62.5,60.0,unavailable,unavailable,unavailable
2026-09-08T02:40:00,off,0,0,35,-3167,57.7,96,-3940,Healthy,On,unknown,off,unknown,90.0,0,0,0,0,60.0,23,62.5,60.0,unavailable,unavailable,unavailable
2026-09-08T02:40:15,off,0,0,35,-3173,57.8,96,-3803,Healthy,On,unknown,off,unknown,90.0,0,0,0,0,60.0,23,62.5,60.0,unavailable,unavailable,unavailable
2026-09-08T02:40:30,off,0,0,35,-3167,57.7,96,-3817,Healthy,On,unknown,off,unknown,90.0,0,0,0,0,60.0,23,62.5,60.0,unavailable,unavailable,unavailable
2026-09-08T02:40:45,off,0,0,35,-3173,57.8,96,-3800,Healthy,On,unknown,off,unknown,90.0,0,0,0,0,60.0,23,62.5,60.0,unavailable,unavailable,unavailable
2026-09-08T02:41:01,off,0,0,35,-3167,57.7,96,-3803,Healthy,On,unknown,off,unknown,90.0,0,0,0,0,60.0,23,62.5,60.0,unavailable,unavailable,unavailable
2026-09-08T02:41:16,off,0,0,35,-3156,57.5,96,-3788,Healthy,On,unknown,off,unknown,90.0,0,0,0,0,60.0,23,62.5,60.0,unavailable,unavailable,unavailable
2026-09-08T02:41:31,off,0,0,35,-3167,57.7,96,-3800,Healthy,On,unknown,off,unknown,90.0,0,0,0,0,60.0,23,62.5,60.0,unavailable,unavailable,unavailable
2026-09-08T02:41:46,off,0,0,35,-3167,57.7,96,-3791,Healthy,On,unknown,off,unknown,90.0,0,0,0,0,60.0,23,62.5,60.0,unavailable,unavailable,unavailable
2026-09-08T02:42:02,off,0,0,35,-3178,57.9,96,-3796,Healthy,On,unknown,off,unknown,90.0,0,0,0,0,60.0,23,62.5,60.0,unavailable,unavailable,unavailable
2026-09-08T02:42:17,off,0,0,35,-3162,57.6,96,-3794,Healthy,On,unknown,off,unknown,90.0,0,0,0,0,60.0,23,62.5,60.0,unavailable,unavailable,unavailable
2026-09-08T02:42:32,off,0,0,35,-3178,57.9,96,-3803,Healthy,On,unknown,off,unknown,90.0,0,0,0,0,60.0,23,62.5,60.0,unavailable,unavailable,unavailable
2026-09-08T02:42:47,off,0,0,35,-3178,57.9,96,-3806,Healthy,On,unknown,off,unknown,90.0,0,0,0,0,60.0,23,62.5,60.0,unavailable,unavailable,unavailable
2026-09-08T02:42:59,off,0,0,35,-3167,57.7,96,-3796,Healthy,On,unknown,off,unknown,90.0,0,0,0,0,60.0,23,62.5,60.0,unavailable,unavailable,unavailable
2026-09-08T02:43:15,off,0,0,35,-3178,57.9,96,-3797,Healthy,On,unknown,off,unknown,90.0,0,0,0,0,60.0,23,62.5,60.0,unavailable,unavailable,unavailable
2026-09-08T02:43:30,off,0,0,35,-3167,57.7,97,-3811,Healthy,On,unknown,off,unknown,90.0,0,0,0,0,60.0,23,62.5,60.0,unavailable,unavailable,unavailable
2026-09-08T02:43:45,off,0,0,35,-3173,57.8,97,-3802,Healthy,On,unknown,off,unknown,90.0,0,0,0,0,60.0,23,62.5,60.0,unavailable,unavailable,unavailable
2026-09-08T02:44:00,off,0,0,35,-3167,57.7,97,-3799,Healthy,On,unknown,off,unknown,90.0,0,0,0,0,60.0,23,62.5,60.0,unavailable,unavailable,unavailable
2026-09-08T02:44:16,off,0,0,35,-3167,57.7,97,-3798,Healthy,On,unknown,off,unknown,90.0,0,0,0,0,60.0,23,62.5,60.0,unavailable,unavailable,unavailable
2026-09-08T02:44:46,off,0,0,35,-3162,57.6,97,-3807,Healthy,On,unknown,off,unknown,90.0,0,0,0,0,60.0,23,62.5,60.0,unavailable,unavailable,unavailable
2026-09-08T02:45:01,off,0,0,35,-3167,57.7,97,-3993,Healthy,On,unknown,off,unknown,90.0,0,0,0,0,60.0,23,62.5,60.0,unavailable,unavailable,unavailable
2026-09-08T02:45:17,off,0,0,35,-3167,57.7,97,-3992,Healthy,On,unknown,off,unknown,90.0,0,0,0,0,60.0,23,62.5,60.0,unavailable,unavailable,unavailable
2026-09-08T02:45:32,off,0,0,35,-3162,57.6,97,-3929,Healthy,On,unknown,off,unknown,90.0,0,0,0,0,60.0,23,62.5,60.0,unavailable,unavailable,unavailable
2026-09-08T02:45:47,off,0,0,35,-3162,57.6,97,-3926,Healthy,On,unknown,off,unknown,90.0,0,0,0,0,60.0,23,62.5,60.0,unavailable,unavailable,unavailable
2026-09-08T02:46:02,off,0,0,35,-3162,57.6,97,-3924,Healthy,On,unknown,off,unknown,90.0,0,0,0,0,60.0,23,62.5,60.0,unavailable,unavailable,unavailable
2026-09-08T02:46:15,off,0,0,35,-3173,57.8,97,-3935,Healthy,On,unknown,off,unknown,90.0,0,0,0,0,60.0,23,62.5,60.0,unavailable,unavailable,unavailable
2026-09-08T02:46:30,off,0,0,35,-3173,57.8,97,-3932,Healthy,On,unknown,off,unknown,90.0,0,0,0,0,60.0,23,62.5,60.0,unavailable,unavailable,unavailable
2026-09-08T02:46:45,off,0,0,35,-3173,57.8,97,-3933,Healthy,On,unknown,off,unknown,90.0,0,0,0,0,60.0,23,62.5,60.0,unavailable,unavailable,unavailable
2026-09-08T02:47:00,off,0,0,35,-3162,57.6,97,-3918,Healthy,On,unknown,off,unknown,90.0,0,0,0,0,60.0,23,62.5,60.0,unavailable,unavailable,unavailable
2026-09-08T02:47:15,off,0,0,35,-3162,57.6,97,-3934,Healthy,On,unknown,off,unknown,90.0,0,0,0,0,60.0,23,62.5,60.0,unavailable,unavailable,unavailable
2026-09-08T02:47:31,off,0,0,35,-3173,57.8,97,-3932,Healthy,On,unknown,off,unknown,90.0,0,0,0,0,60.0,23,62.5,60.0,unavailable,unavailable,unavailable
2026-09-08T02:47:46,off,0,0,35,-3167,57.7,97,-3921,Healthy,On,unknown,off,unknown,90.0,0,0,0,0,60.0,23,62.5,60.0,unavailable,unavailable,unavailable
2026-09-08T02:48:01,off,0,0,35,-3167,57.7,97,-3907,Healthy,On,unknown,off,unknown,90.0,0,0,0,0,60.0,23,62.5,60.0,unavailable,unavailable,unavailable
2026-09-08T02:48:17,off,0,0,35,-3167,57.7,97,-3932,Healthy,On,unknown,off,unknown,90.0,0,0,0,0,60.0,23,62.5,60.0,unavailable,unavailable,unavailable
2026-09-08T02:48:32,off,0,0,35,-3167,57.7,97,-3921,Healthy,On,unknown,off,unknown,90.0,0,0,0,0,60.0,23,62.5,60.0,unavailable,unavailable,unavailable
2026-09-08T02:48:47,off,0,0,35,-3178,57.9,97,-3928,Healthy,On,unknown,off,unknown,90.0,0,0,0,0,60.0,23,62.5,60.0,unavailable,unavailable,unavailable
2026-09-08T02:49:02,off,0,0,35,-3173,57.8,97,-3918,Healthy,On,unknown,off,unknown,90.0,0,0,0,0,60.0,23,62.5,60.0,unavailable,unavailable,unavailable
2026-09-08T02:49:14,off,0,0,35,-3162,57.6,98,-3932,Healthy,On,unknown,off,unknown,90.0,0,0,0,0,60.0,23,62.5,60.0,unavailable,unavailable,unavailable
2026-09-08T02:49:30,off,0,0,35,-3173,57.8,98,-3917,Healthy,On,unknown,off,unknown,90.0,0,0,0,0,60.0,23,62.5,60.0,unavailable,unavailable,unavailable
2026-09-08T02:49:45,off,0,0,35,-3162,57.6,98,-3918,Healthy,On,unknown,off,unknown,90.0,0,0,0,0,60.0,23,62.5,60.0,unavailable,unavailable,unavailable
2026-09-08T02:50:00,off,0,0,35,-3173,57.8,98,-3911,Healthy,On,unknown,off,unknown,90.0,0,0,0,0,60.0,23,62.5,60.0,unavailable,unavailable,unavailable
2026-09-08T02:50:15,off,0,0,35,-3178,57.9,98,-3932,Healthy,On,unknown,off,unknown,90.0,0,0,0,0,60.0,23,62.5,60.0,unavailable,unavailable,unavailable
2026-09-08T02:50:31,off,0,0,35,-3173,57.8,98,-3934,Healthy,On,unknown,off,unknown,90.0,0,0,0,0,60.0,23,62.5,60.0,unavailable,unavailable,unavailable
2026-09-08T02:50:46,off,0,0,35,-3167,57.7,98,-3908,Healthy,On,unknown,off,unknown,90.0,0,0,0,0,60.0,23,62.5,60.0,unavailable,unavailable,unavailable
2026-09-08T02:51:01,off,0,0,35,-3173,57.7,98,-3925,Healthy,On,unknown,off,unknown,90.0,0,0,0,0,60.0,23,62.5,60.0,unavailable,unavailable,unavailable
2026-09-08T02:51:16,off,0,0,35,-3179,57.8,98,-3921,Healthy,On,unknown,off,unknown,90.0,0,0,0,0,60.0,23,62.5,60.0,unavailable,unavailable,unavailable
2026-09-08T02:51:32,off,0,0,35,-3178,57.9,98,-3990,Healthy,On,unknown,off,unknown,90.0,0,0,0,0,60.0,23,62.5,60.0,unavailable,unavailable,unavailable
2026-09-08T02:51:47,off,0,0,35,-3173,57.8,98,-3988,Healthy,On,unknown,off,unknown,90.0,0,0,0,0,60.0,23,62.5,60.0,unavailable,unavailable,unavailable
2026-09-08T02:52:02,off,0,0,35,-3167,57.7,98,-3990,Healthy,On,unknown,off,unknown,90.0,0,0,0,0,60.0,23,62.5,60.0,unavailable,unavailable,unavailable
2026-09-08T02:52:17,off,0,0,35,-3167,57.7,98,-3981,Healthy,On,unknown,off,unknown,90.0,0,0,0,0,60.0,23,62.5,60.0,unavailable,unavailable,unavailable
2026-09-08T02:52:29,off,0,0,35,-3173,57.8,98,-3989,Healthy,On,unknown,off,unknown,90.0,0,0,0,0,60.0,23,62.5,60.0,unavailable,unavailable,unavailable
2026-09-08T02:52:45,off,0,0,35,-3173,57.7,98,-3986,Healthy,On,unknown,off,unknown,90.0,0,0,0,0,60.0,23,62.5,60.0,unavailable,unavailable,unavailable
2026-09-08T02:53:00,off,0,0,35,-3178,57.9,98,-3996,Healthy,On,unknown,off,unknown,90.0,0,0,0,0,60.0,23,62.5,60.0,unavailable,unavailable,unavailable
2026-09-08T02:53:15,off,0,0,35,-3178,57.9,98,-3988,Healthy,On,unknown,off,unknown,90.0,0,0,0,0,60.0,23,62.5,60.0,unavailable,unavailable,unavailable
2026-09-08T02:53:30,off,0,0,35,-3173,57.7,98,-3982,Healthy,On,unknown,off,unknown,90.0,0,0,0,0,60.0,23,62.5,60.0,unavailable,unavailable,unavailable
2026-09-08T02:53:46,off,0,0,35,-3173,57.7,98,-3976,Healthy,On,unknown,off,unknown,90.0,0,0,0,0,60.0,23,62.5,60.0,unavailable,unavailable,unavailable
2026-09-08T02:54:01,off,0,0,35,-3173,57.7,98,-3806,Healthy,On,unknown,off,unknown,90.0,0,0,0,0,60.0,23,62.5,60.0,unavailable,unavailable,unavailable
2026-09-08T02:54:31,off,0,0,35,-3179,57.8,98,-3808,Healthy,On,unknown,off,unknown,90.0,0,0,0,0,60.0,23,62.5,60.0,unavailable,unavailable,unavailable
2026-09-08T02:54:47,off,0,0,35,-3190,58.0,98,-3809,Healthy,On,unknown,off,unknown,90.0,0,0,0,0,60.0,23,62.5,60.0,unavailable,unavailable,unavailable
2026-09-08T02:55:02,off,0,0,35,-3184,58.0,99,-3812,Healthy,On,unknown,off,unknown,90.0,0,0,0,0,60.0,23,62.5,60.0,unavailable,unavailable,unavailable
2026-09-08T02:55:17,off,0,0,35,-3189,58.1,99,-3828,Healthy,On,unknown,off,unknown,90.0,0,0,0,0,60.0,23,62.5,60.0,unavailable,unavailable,unavailable
2026-09-08T02:55:29,off,0,0,35,-3184,57.9,99,-3808,Healthy,On,unknown,off,unknown,90.0,0,0,0,0,60.0,23,62.5,60.0,unavailable,unavailable,unavailable
2026-09-08T02:55:45,off,0,0,35,-3184,57.9,99,-3810,Healthy,On,unknown,off,unknown,90.0,0,0,0,0,60.0,23,62.5,60.0,unavailable,unavailable,unavailable
2026-09-08T02:56:00,off,0,0,35,-3184,57.9,99,-3817,Healthy,On,unknown,off,unknown,90.0,0,0,0,0,60.0,23,62.5,60.0,unavailable,unavailable,unavailable
2026-09-08T02:56:15,off,0,0,35,-3190,58.0,99,-3819,Healthy,On,unknown,off,unknown,90.0,0,0,0,0,60.0,23,62.5,60.0,unavailable,unavailable,unavailable
2026-09-08T02:56:30,off,0,0,35,-3190,58.0,99,-3816,Healthy,On,unknown,off,unknown,90.0,0,0,0,0,60.0,23,62.5,60.0,unavailable,unavailable,unavailable
2026-09-08T02:56:46,off,0,0,35,-3195,58.1,99,-3836,Healthy,On,unknown,off,unknown,90.0,0,0,0,0,60.0,23,62.5,60.0,unavailable,unavailable,unavailable
2026-09-08T02:57:01,off,0,0,35,-3184,57.9,99,-3819,Healthy,On,unknown,off,unknown,90.0,0,0,0,0,60.0,23,62.5,60.0,unavailable,unavailable,unavailable
2026-09-08T02:57:16,off,0,0,35,-3190,58.0,99,-3772,Healthy,On,unknown,off,unknown,90.0,0,0,0,0,60.0,23,62.5,60.0,unavailable,unavailable,unavailable
2026-09-08T02:57:31,off,0,0,35,-3195,58.1,99,-3764,Healthy,On,unknown,off,unknown,90.0,0,0,0,0,60.0,23,62.5,60.0,unavailable,unavailable,unavailable
2026-09-08T02:57:47,off,0,0,35,-3195,58.1,99,-3762,Healthy,On,unknown,off,unknown,90.0,0,0,0,0,60.0,23,62.5,60.0,unavailable,unavailable,unavailable
2026-09-08T02:58:02,off,0,0,35,-3195,58.1,99,-3764,Healthy,On,unknown,off,unknown,90.0,0,0,0,0,60.0,23,62.5,60.0,unavailable,unavailable,unavailable
2026-09-08T02:58:17,off,0,0,35,-3184,57.9,99,-3756,Healthy,On,unknown,off,unknown,90.0,0,0,0,0,60.0,23,62.5,60.0,unavailable,unavailable,unavailable
2026-09-08T02:58:32,off,0,0,35,-3184,57.9,99,-3746,Healthy,On,unknown,off,unknown,90.0,0,0,0,0,60.0,23,62.5,60.0,unavailable,unavailable,unavailable
2026-09-08T02:58:44,off,0,0,35,-3184,57.9,99,-3758,Healthy,On,unknown,off,unknown,90.0,0,0,0,0,60.0,23,62.5,60.0,unavailable,unavailable,unavailable
2026-09-08T02:59:00,off,0,0,35,-3190,58.0,99,-3757,Healthy,On,unknown,off,unknown,90.0,0,0,0,0,60.0,23,62.5,60.0,unavailable,unavailable,unavailable
2026-09-08T02:59:15,off,0,0,35,-3190,58.0,99,-3769,Healthy,On,unknown,off,unknown,90.0,0,0,0,0,60.0,23,62.5,60.0,unavailable,unavailable,unavailable
2026-09-08T02:59:30,off,0,0,35,-3190,58.0,99,-3750,Healthy,On,unknown,off,unknown,90.0,0,0,0,0,60.0,23,62.5,60.0,unavailable,unavailable,unavailable
2026-09-08T02:59:45,off,0,0,35,-3190,58.0,99,-3779,Healthy,On,unknown,off,unknown,90.0,0,0,0,0,60.0,23,62.5,60.0,unavailable,unavailable,unavailable
2026-09-08T03:00:01,off,0,0,35,-3179,57.8,99,-3770,Healthy,On,unknown,off,unknown,90.0,0,0,0,0,60.0,23,62.5,60.0,unavailable,unavailable,unavailable
2026-09-08T03:00:16,off,0,0,35,-3190,58.0,99,-3757,Healthy,On,unknown,off,unknown,90.0,0,0,0,0,60.0,23,62.5,60.0,unavailable,unavailable,unavailable
2026-09-08T03:00:31,off,0,0,35,-3184,57.9,99,-3767,Healthy,On,unknown,off,unknown,90.0,0,0,0,0,60.0,23,62.5,60.0,unavailable,unavailable,unavailable
2026-09-08T03:00:46,off,0,0,35,-3179,57.8,99,-3759,Healthy,On,unknown,off,unknown,90.0,0,0,0,0,60.0,23,62.5,60.0,unavailable,unavailable,unavailable
2026-09-08T03:01:02,off,0,0,35,-3179,57.8,99,-3750,Healthy,On,unknown,off,unknown,90.0,0,0,0,0,60.0,23,62.5,60.0,unavailable,unavailable,unavailable
2026-09-08T03:01:17,off,0,0,35,-3173,57.7,99,-3764,Healthy,On,unknown,off,unknown,90.0,0,0,0,0,60.0,23,62.5,60.0,unavailable,unavailable,unavailable
2026-09-08T03:01:32,off,0,0,35,-3179,57.8,99,-3741,Healthy,On,unknown,off,unknown,90.0,0,0,0,0,60.0,23,62.5,60.0,unavailable,unavailable,unavailable
2026-09-08T03:01:47,off,0,0,35,-3179,57.8,99,-3756,Healthy,On,unknown,off,unknown,90.0,0,0,0,0,60.0,23,62.5,60.0,unavailable,unavailable,unavailable
2026-09-08T03:02:00,off,0,0,35,-3173,57.7,99,-3761,Healthy,On,unknown,off,unknown,90.0,0,0,0,0,60.0,23,62.5,60.0,unavailable,unavailable,unavailable
2026-09-08T03:02:15,off,0,0,35,-3168,57.6,99,-3730,Healthy,On,unknown,off,unknown,90.0,0,0,0,0,60.0,23,62.5,60.0,unavailable,unavailable,unavailable
2026-09-08T03:02:30,off,0,0,35,-3162,57.5,99,-3742,Healthy,On,unknown,off,unknown,90.0,0,0,0,0,60.0,23,62.5,60.0,unavailable,unavailable,unavailable
2026-09-08T03:02:45,off,0,0,35,-3168,57.6,99,-3745,Healthy,On,unknown,off,unknown,90.0,0,0,0,0,60.0,23,62.5,60.0,unavailable,unavailable,unavailable
2026-09-08T03:03:01,off,0,0,35,-3162,57.5,99,-3734,Healthy,On,unknown,off,unknown,90.0,0,0,0,0,60.0,23,62.5,60.0,unavailable,unavailable,unavailable
2026-09-08T03:03:16,off,0,0,35,-3168,57.6,99,-4868,Healthy,On,unknown,off,unknown,90.0,0,0,0,0,60.0,23,62.5,60.0,unavailable,unavailable,unavailable
2026-09-08T03:03:31,off,0,0,35,-3168,57.6,99,-3804,Healthy,On,unknown,off,unknown,90.0,0,0,0,0,60.0,23,62.5,60.0,unavailable,unavailable,unavailable
2026-09-08T03:03:46,off,0,0,35,-3151,57.3,99,-3798,Healthy,On,unknown,off,unknown,90.0,0,0,0,0,60.0,23,62.5,60.0,unavailable,unavailable,unavailable
2026-09-08T03:04:02,off,0,0,35,0,0.0,100,-492,Healthy,On,unknown,off,unknown,90.0,0,0,0,0,60.0,23,62.5,60.0,unavailable,unavailable,unavailable
2026-09-08T03:04:17,off,0,0,35,0,0.0,100,-579,Healthy,On,unknown,off,unknown,90.0,0,0,0,0,60.0,23,62.5,60.0,unavailable,unavailable,unavailable
2026-09-08T03:04:32,off,0,0,35,0,0.0,100,-569,Healthy,On,unknown,off,unknown,90.0,0,0,0,0,60.0,23,62.5,60.0,unavailable,unavailable,unavailable
2026-09-08T03:04:47,off,0,0,35,0,0.0,100,-587,Healthy,On,unknown,off,unknown,90.0,0,0,0,0,60.0,23,62.5,60.0,unavailable,unavailable,unavailable
2026-09-08T03:05:00,off,0,0,35,0,0.0,100,-578,Healthy,On,unknown,off,unknown,90.0,0,0,0,0,60.0,23,62.5,60.0,unavailable,unavailable,unavailable
2026-09-08T03:05:15,off,0,0,35,0,0.0,100,-581,Healthy,On,unknown,off,unknown,90.0,0,0,0,0,60.0,23,62.5,60.0,unavailable,unavailable,unavailable
2026-09-08T03:05:30,off,0,0,35,0,0.0,100,-572,Healthy,On,unknown,off,unknown,90.0,0,0,0,0,60.0,23,62.5,60.0,unavailable,unavailable,unavailable
2026-09-08T03:05:45,off,0,0,35,0,0.0,100,-579,Healthy,On,unknown,off,unknown,90.0,0,0,0,0,60.0,23,62.5,60.0,unavailable,unavailable,unavailable
2026-09-08T03:06:16,off,0,0,35,0,0.0,100,-573,Healthy,On,unknown,off,unknown,90.0,0,0,0,0,60.0,23,62.5,60.0,unavailable,unavailable,unavailable
2026-09-08T03:06:31,off,0,0,35,0,0.0,100,-569,Healthy,On,unknown,off,unknown,90.0,0,0,0,0,60.0,23,62.5,60.0,unavailable,unavailable,unavailable
2026-09-08T03:06:46,off,0,0,35,0,0.0,100,-580,Healthy,On,unknown,off,unknown,90.0,0,0,0,0,60.0,23,62.5,60.0,unavailable,unavailable,unavailable
2026-09-08T03:07:01,off,0,0,35,0,0.0,100,-578,Healthy,On,unknown,off,unknown,90.0,0,0,0,0,60.0,23,62.5,60.0,unavailable,unavailable,unavailable
2026-09-08T03:07:17,off,0,0,35,0,0.0,100,-568,Healthy,On,unknown,off,unknown,90.0,0,0,0,0,60.0,23,62.5,60.0,unavailable,unavailable,unavailable
2026-09-08T03:07:32,off,0,0,35,0,0.0,100,-580,Healthy,On,unknown,off,unknown,90.0,0,0,0,0,60.0,23,62.5,60.0,unavailable,unavailable,unavailable
2026-09-08T03:07:47,off,0,0,35,0,0.0,100,-577,Healthy,On,unknown,off,unknown,90.0,0,0,0,0,60.0,23,62.5,60.0,unavailable,unavailable,unavailable
2026-09-08T03:08:02,off,0,0,35,0,0.0,100,-574,Healthy,On,unknown,off,unknown,90.0,0,0,0,0,60.0,23,62.5,60.0,unavailable,unavailable,unavailable
2026-09-08T03:08:15,off,0,0,35,0,0.0,100,-569,Healthy,On,unknown,off,unknown,90.0,0,0,0,0,60.0,23,62.5,60.0,unavailable,unavailable,unavailable
2026-09-08T03:08:30,off,0,0,35,0,0.0,100,-578,Healthy,On,unknown,off,unknown,90.0,0,0,0,0,60.0,23,62.5,60.0,unavailable,unavailable,unavailable
2026-09-08T03:08:45,off,0,0,35,0,0.0,100,-583,Healthy,On,unknown,off,unknown,90.0,0,0,0,0,60.0,23,62.5,60.0,unavailable,unavailable,unavailable
2026-09-08T03:09:00,off,0,0,35,0,0.0,100,-518,Healthy,On,unknown,off,unknown,90.0,0,0,0,0,60.0,23,62.5,60.0,unavailable,unavailable,unavailable
2026-09-08T03:09:16,off,0,0,35,0,0.0,100,-509,Healthy,On,unknown,off,unknown,90.0,0,0,0,0,60.0,23,62.5,60.0,unavailable,unavailable,unavailable
2026-09-08T03:09:31,off,0,0,35,0,0.0,100,-522,Healthy,On,unknown,off,unknown,90.0,0,0,0,0,60.0,23,62.5,60.0,unavailable,unavailable,unavailable
2026-09-08T03:09:46,off,0,0,35,0,0.0,100,-515,Healthy,On,unknown,off,unknown,90.0,0,0,0,0,60.0,23,62.5,60.0,unavailable,unavailable,unavailable
2026-09-08T03:10:17,off,0,0,35,0,0.0,100,-507,Healthy,On,unknown,off,unknown,90.0,0,0,0,0,60.0,23,62.5,60.0,unavailable,unavailable,unavailable
2026-09-08T03:10:32,off,0,0,35,0,0.0,100,-514,Healthy,On,unknown,off,unknown,90.0,0,0,0,0,60.0,23,62.5,60.0,unavailable,unavailable,unavailable
2026-09-08T03:10:47,off,0,0,35,0,0.0,100,-518,Healthy,On,unknown,off,unknown,90.0,0,0,0,0,60.0,23,62.5,60.0,unavailable,unavailable,unavailable
2026-09-08T03:11:02,off,0,0,35,0,0.0,100,-515,Healthy,On,unknown,off,unknown,90.0,0,0,0,0,60.0,23,62.5,60.0,unavailable,unavailable,unavailable
2026-09-08T03:11:14,off,0,0,35,0,0.0,100,-509,Healthy,On,unknown,off,unknown,90.0,0,0,0,0,60.0,23,62.5,60.0,unavailable,unavailable,unavailable
2026-09-08T03:11:30,off,0,0,35,0,0.0,100,-519,Healthy,On,unknown,off,unknown,90.0,0,0,0,0,60.0,23,62.5,60.0,unavailable,unavailable,unavailable
2026-09-08T03:11:45,off,0,0,35,0,0.0,100,-514,Healthy,On,unknown,off,unknown,90.0,0,0,0,0,60.0,23,62.5,60.0,unavailable,unavailable,unavailable
2026-09-08T03:12:00,off,0,0,35,0,0.0,100,-516,Healthy,On,unknown,off,unknown,90.0,0,0,0,0,60.0,23,62.5,60.0,unavailable,unavailable,unavailable
2026-09-08T03:12:15,off,0,0,35,0,0.0,100,-518,Healthy,On,unknown,off,unknown,90.0,0,0,0,0,60.0,23,62.5,60.0,unavailable,unavailable,unavailable
2026-09-08T03:12:31,off,0,0,35,0,0.0,100,-513,Healthy,On,unknown,off,unknown,90.0,0,0,0,0,60.0,23,62.5,60.0,unavailable,unavailable,unavailable
2026-09-08T03:12:46,off,0,0,35,0,0.0,100,-526,Healthy,On,unknown,off,unknown,90.0,0,0,0,0,60.0,23,62.5,60.0,unavailable,unavailable,unavailable
2026-09-08T03:13:01,off,0,0,35,0,0.0,100,-517,Healthy,On,unknown,off,unknown,90.0,0,0,0,0,60.0,23,62.5,60.0,unavailable,unavailable,unavailable
2026-09-08T03:13:16,off,0,0,35,0,0.0,100,-507,Healthy,On,unknown,off,unknown,90.0,0,0,0,0,60.0,23,62.5,60.0,unavailable,unavailable,unavailable
2026-09-08T03:13:32,off,0,0,35,0,0.0,100,-522,Healthy,On,unknown,off,unknown,90.0,0,0,0,0,60.0,23,62.5,60.0,unavailable,unavailable,unavailable
2026-09-08T03:13:47,off,0,0,35,0,0.0,100,-515,Healthy,On,unknown,off,unknown,90.0,0,0,0,0,60.0,23,62.5,60.0,unavailable,unavailable,unavailable
2026-09-08T03:14:02,off,0,0,35,0,0.0,100,-513,Healthy,On,unknown,off,unknown,90.0,0,0,0,0,60.0,23,62.5,60.0,unavailable,unavailable,unavailable
2026-09-08T03:14:17,off,0,0,35,0,0.0,100,-512,Healthy,On,unknown,off,unknown,90.0,0,0,0,0,60.0,23,62.5,60.0,unavailable,unavailable,unavailable
2026-09-08T03:14:29,off,0,0,35,0,0.0,100,-514,Healthy,On,unknown,off,unknown,90.0,0,0,0,0,60.0,23,62.5,60.0,unavailable,unavailable,unavailable
2026-09-08T03:14:45,off,0,0,35,0,0.0,100,-513,Healthy,On,unknown,off,unknown,90.0,0,0,0,0,60.0,23,62.5,60.0,unavailable,unavailable,unavailable
2026-09-08T03:15:00,off,0,0,35,0,0.0,100,-1751,Healthy,On,unknown,off,unknown,90.0,0,0,0,0,60.0,23,62.5,60.0,unavailable,unavailable,unavailable
2026-09-08T03:15:15,off,0,0,35,0,0.0,100,-774,Healthy,On,unknown,off,unknown,90.0,0,0,0,0,60.0,23,62.5,60.0,unavailable,unavailable,unavailable
2026-09-08T03:15:30,off,0,0,35,0,0.0,100,-781,Healthy,On,unknown,off,unknown,90.0,0,0,0,0,60.0,23,62.5,60.0,unavailable,unavailable,unavailable
2026-09-08T03:15:46,off,0,0,35,0,0.0,100,-778,Healthy,On,unknown,off,unknown,90.0,0,0,0,0,60.0,23,62.5,60.0,unavailable,unavailable,unavailable
2026-09-08T03:16:01,off,0,0,35,0,0.0,100,-918,Healthy,On,unknown,off,unknown,90.0,0,0,0,0,60.0,23,62.5,60.0,unavailable,unavailable,unavailable
2026-09-08T03:16:16,off,0,0,35,0,0.0,100,-938,Healthy,On,unknown,off,unknown,90.0,0,0,0,0,60.0,23,62.5,60.0,unavailable,unavailable,unavailable
2026-09-08T03:16:31,off,0,0,35,0,0.0,100,-939,Healthy,On,unknown,off,unknown,90.0,0,0,0,0,60.0,23,62.5,60.0,unavailable,unavailable,unavailable
2026-09-08T03:16:47,off,0,0,35,0,0.0,100,-930,Healthy,On,unknown,off,unknown,90.0,0,0,0,0,60.0,23,62.5,60.0,unavailable,unavailable,unavailable
2026-09-08T03:17:02,off,0,0,35,0,0.0,100,-909,Healthy,On,unknown,off,unknown,90.0,0,0,0,0,60.0,23,62.5,60.0,unavailable,unavailable,unavailable
2026-09-08T03:17:17,off,0,0,35,0,0.0,100,-904,Healthy,On,unknown,off,unknown,90.0,0,0,0,0,60.0,23,62.5,60.0,unavailable,unavailable,unavailable
2026-09-08T03:17:32,off,0,0,35,0,0.0,100,-918,Healthy,On,unknown,off,unknown,90.0,0,0,0,0,60.0,23,62.5,60.0,unavailable,unavailable,unavailable
2026-09-08T03:17:45,off,0,0,35,0,0.0,100,-912,Healthy,On,unknown,off,unknown,90.0,0,0,0,0,60.0,23,62.5,60.0,unavailable,unavailable,unavailable
2026-09-08T03:18:00,off,0,0,35,0,0.0,100,-911,Healthy,On,unknown,off,unknown,90.0,0,0,0,0,60.0,23,62.5,60.0,unavailable,unavailable,unavailable
2026-09-08T03:18:15,off,0,0,35,0,0.0,100,-914,Healthy,On,unknown,off,unknown,90.0,0,0,0,0,60.0,23,62.5,60.0,unavailable,unavailable,unavailable
2026-09-08T03:18:30,off,0,0,35,0,0.0,100,-915,Healthy,On,unknown,off,unknown,90.0,0,0,0,0,60.0,23,62.5,60.0,unavailable,unavailable,unavailable
2026-09-08T03:18:46,off,0,0,35,0,0.0,100,-916,Healthy,On,unknown,off,unknown,90.0,0,0,0,0,60.0,23,62.5,60.0,unavailable,unavailable,unavailable
2026-09-08T03:19:01,off,0,0,35,0,0.0,100,-910,Healthy,On,unknown,off,unknown,90.0,0,0,0,0,60.0,23,62.5,60.0,unavailable,unavailable,unavailable
2026-09-08T03:19:16,off,0,0,35,0,0.0,100,-917,Healthy,On,unknown,off,unknown,90.0,0,0,0,0,60.0,23,62.5,60.0,unavailable,unavailable,unavailable
2026-09-08T03:19:31,off,0,0,35,0,0.0,100,-913,Healthy,On,unknown,off,unknown,90.0,0,0,0,0,60.0,23,62.5,60.0,unavailable,unavailable,unavailable
2026-09-08T03:19:47,off,0,0,35,0,0.0,100,-911,Healthy,On,unknown,off,unknown,90.0,0,0,0,0,60.0,23,62.5,60.0,unavailable,unavailable,unavailable
2026-09-08T03:20:02,off,0,0,35,0,0.0,100,-903,Healthy,On,unknown,off,unknown,90.0,0,0,0,0,60.0,23,62.5,60.0,unavailable,unavailable,unavailable
2026-09-08T03:20:17,off,0,0,35,0,0.0,100,-935,Healthy,On,unknown,off,unknown,90.0,0,0,0,0,60.0,23,62.5,60.0,unavailable,unavailable,unavailable
2026-09-08T03:20:32,off,0,0,35,0,0.0,100,-915,Healthy,On,unknown,off,unknown,90.0,0,0,0,0,60.0,23,62.5,60.0,unavailable,unavailable,unavailable
2026-09-08T03:20:45,off,0,0,35,0,0.0,100,-857,Healthy,On,unknown,off,unknown,90.0,0,0,0,0,60.0,23,62.5,60.0,unavailable,unavailable,unavailable
2026-09-08T03:21:00,off,0,0,35,0,0.0,100,-848,Healthy,On,unknown,off,unknown,90.0,0,0,0,0,60.0,23,62.5,60.0,unavailable,unavailable,unavailable
2026-09-08T03:21:15,off,0,0,35,0,0.0,100,-855,Healthy,On,unknown,off,unknown,90.0,0,0,0,0,60.0,23,62.5,60.0,unavailable,unavailable,unavailable
2026-09-08T03:21:30,off,0,0,35,0,0.0,100,-853,Healthy,On,unknown,off,unknown,90.0,0,0,0,0,60.0,23,62.5,60.0,unavailable,unavailable,unavailable
2026-09-08T03:21:45,off,0,0,35,0,0.0,100,-849,Healthy,On,unknown,off,unknown,90.0,0,0,0,0,60.0,23,62.5,60.0,unavailable,unavailable,unavailable
2026-09-08T03:22:16,off,0,0,35,0,0.0,100,-862,Healthy,On,unknown,off,unknown,90.0,0,0,0,0,60.0,23,62.5,60.0,unavailable,unavailable,unavailable
2026-09-08T03:22:31,off,0,0,35,0,0.0,100,-852,Healthy,On,unknown,off,unknown,90.0,0,0,0,0,60.0,23,62.5,60.0,unavailable,unavailable,unavailable
2026-09-08T03:23:02,off,0,0,35,0,0.0,100,-846,Healthy,On,unknown,off,unknown,90.0,0,0,0,0,60.0,23,62.5,60.0,unavailable,unavailable,unavailable
2026-09-08T03:23:17,off,0,0,35,0,0.0,100,-853,Healthy,On,unknown,off,unknown,90.0,0,0,0,0,60.0,23,62.5,60.0,unavailable,unavailable,unavailable
2026-09-08T03:23:32,off,0,0,35,0,0.0,100,-856,Healthy,On,unknown,off,unknown,90.0,0,0,0,0,60.0,23,62.5,60.0,unavailable,unavailable,unavailable
2026-09-08T03:23:47,off,0,0,35,0,0.0,100,-848,Healthy,On,unknown,off,unknown,90.0,0,0,0,0,60.0,23,62.5,60.0,unavailable,unavailable,unavailable
2026-09-08T03:24:00,off,0,0,35,0,0.0,100,-666,Healthy,On,unknown,off,unknown,90.0,0,0,0,0,60.0,23,62.5,60.0,unavailable,unavailable,unavailable
2026-09-08T03:24:15,off,0,0,35,0,0.0,100,-671,Healthy,On,unknown,off,unknown,90.0,0,0,0,0,60.0,23,62.5,60.0,unavailable,unavailable,unavailable
2026-09-08T03:24:30,off,0,0,35,0,0.0,100,-677,Healthy,On,unknown,off,unknown,90.0,0,0,0,0,60.0,23,62.5,60.0,unavailable,unavailable,unavailable
2026-09-08T03:24:45,off,0,0,35,0,0.0,100,-674,Healthy,On,unknown,off,unknown,90.0,0,0,0,0,60.0,23,62.5,60.0,unavailable,unavailable,unavailable
2026-09-08T03:25:01,off,0,0,35,0,0.0,100,-673,Healthy,On,unknown,off,unknown,90.0,0,0,0,0,60.0,23,62.5,60.0,unavailable,unavailable,unavailable
2026-09-08T03:25:16,off,0,0,35,0,0.0,100,-670,Healthy,On,unknown,off,unknown,90.0,0,0,0,0,60.0,23,62.5,60.0,unavailable,unavailable,unavailable
2026-09-08T03:25:31,off,0,0,35,0,0.0,100,-669,Healthy,On,unknown,off,unknown,90.0,0,0,0,0,60.0,23,62.5,60.0,unavailable,unavailable,unavailable
2026-09-08T03:25:46,off,0,0,35,0,0.0,100,-664,Healthy,On,unknown,off,unknown,90.0,0,0,0,0,60.0,23,62.5,60.0,unavailable,unavailable,unavailable
2026-09-08T03:26:02,off,0,0,35,0,0.0,100,-663,Healthy,On,unknown,off,unknown,90.0,0,0,0,0,60.0,23,62.5,60.0,unavailable,unavailable,unavailable
2026-09-08T03:26:17,off,0,0,35,0,0.0,100,-664,Healthy,On,unknown,off,unknown,90.0,0,0,0,0,60.0,23,62.5,60.0,unavailable,unavailable,unavailable
2026-09-08T03:26:32,off,0,0,35,0,0.0,100,-667,Healthy,On,unknown,off,unknown,90.0,0,0,0,0,60.0,23,62.5,60.0,unavailable,unavailable,unavailable
2026-09-08T03:26:47,off,0,0,35,0,0.0,100,-1809,Healthy,On,unknown,off,unknown,90.0,0,0,0,0,60.0,23,62.5,60.0,unavailable,unavailable,unavailable
2026-09-08T03:26:59,off,0,0,35,0,0.0,100,-741,Healthy,On,unknown,off,unknown,90.0,0,0,0,0,60.0,23,62.5,60.0,unavailable,unavailable,unavailable
2026-09-08T03:27:15,off,0,0,35,0,0.0,100,-730,Healthy,On,unknown,off,unknown,90.0,0,0,0,0,60.0,23,62.5,60.0,unavailable,unavailable,unavailable
2026-09-08T03:27:45,off,0,0,35,0,0.0,100,-715,Healthy,On,unknown,off,unknown,90.0,0,0,0,0,60.0,23,62.5,60.0,unavailable,unavailable,unavailable
2026-09-08T03:28:00,off,0,0,35,0,0.0,100,-724,Healthy,On,unknown,off,unknown,90.0,0,0,0,0,60.0,23,62.5,60.0,unavailable,unavailable,unavailable
2026-09-08T03:28:16,off,0,0,35,0,0.0,100,-721,Healthy,On,unknown,off,unknown,90.0,0,0,0,0,60.0,23,62.5,60.0,unavailable,unavailable,unavailable
2026-09-08T03:28:31,off,0,0,35,0,0.0,100,-731,Healthy,On,unknown,off,unknown,90.0,0,0,0,0,60.0,23,62.5,60.0,unavailable,unavailable,unavailable
2026-09-08T03:28:46,off,0,0,35,0,0.0,100,-709,Healthy,On,unknown,off,unknown,90.0,0,0,0,0,60.0,23,62.5,60.0,unavailable,unavailable,unavailable
2026-09-08T03:29:01,off,0,0,35,0,0.0,100,-723,Healthy,On,unknown,off,unknown,90.0,0,0,0,0,60.0,23,62.5,60.0,unavailable,unavailable,unavailable
2026-09-08T03:29:17,off,0,0,35,0,0.0,100,-718,Healthy,On,unknown,off,unknown,90.0,0,0,0,0,60.0,23,62.5,60.0,unavailable,unavailable,unavailable
2026-09-08T03:29:32,off,0,0,35,0,0.0,100,-715,Healthy,On,unknown,off,unknown,90.0,0,0,0,0,60.0,23,62.5,60.0,unavailable,unavailable,unavailable
2026-09-08T03:29:47,off,0,0,35,0,0.0,100,-719,Healthy,On,unknown,off,unknown,90.0,0,0,0,0,60.0,23,62.5,60.0,unavailable,unavailable,unavailable
2026-09-08T03:30:02,off,0,0,35,0,0.0,100,-716,Healthy,On,unknown,off,unknown,90.0,0,0,0,0,60.0,23,62.5,60.0,unavailable,unavailable,unavailable
2026-09-08T03:30:15,off,0,0,35,0,0.0,100,-714,Healthy,On,unknown,off,unknown,90.0,0,0,0,0,60.0,23,62.5,60.0,unavailable,unavailable,unavailable
2026-09-08T03:30:30,off,0,0,35,0,0.0,100,-724,Healthy,On,unknown,off,unknown,90.0,0,0,0,0,60.0,23,62.5,60.0,unavailable,unavailable,unavailable
2026-09-08T03:30:45,off,0,0,35,0,0.0,100,-707,Healthy,On,unknown,off,unknown,90.0,0,0,0,0,60.0,23,62.5,60.0,unavailable,unavailable,unavailable
2026-09-08T03:31:00,off,0,0,35,0,0.0,100,-719,Healthy,On,unknown,off,unknown,90.0,0,0,0,0,60.0,23,62.5,60.0,unavailable,unavailable,unavailable
2026-09-08T03:31:16,off,0,0,35,0,0.0,100,-708,Healthy,On,unknown,off,unknown,90.0,0,0,0,0,60.0,23,62.5,60.0,unavailable,unavailable,unavailable
2026-09-08T03:31:31,off,0,0,35,0,0.0,100,-710,Healthy,On,unknown,off,unknown,90.0,0,0,0,0,60.0,23,62.5,60.0,unavailable,unavailable,unavailable
2026-09-08T03:31:46,off,0,0,35,0,0.0,100,-705,Healthy,On,unknown,off,unknown,90.0,0,0,0,0,60.0,23,62.5,60.0,unavailable,unavailable,unavailable
2026-09-08T03:32:01,off,0,0,35,0,0.0,100,-711,Healthy,On,unknown,off,unknown,90.0,0,0,0,0,60.0,23,62.5,60.0,unavailable,unavailable,unavailable
2026-09-08T03:32:16,off,0,0,35,0,0.0,100,-705,Healthy,On,unknown,off,unknown,90.0,0,0,0,0,60.0,23,62.5,60.0,unavailable,unavailable,unavailable
2026-09-08T03:32:32,off,0,0,35,0,0.0,100,-652,Healthy,On,unknown,off,unknown,90.0,0,0,0,0,60.0,23,62.5,60.0,unavailable,unavailable,unavailable
2026-09-08T03:32:47,off,0,0,35,0,0.0,100,-639,Healthy,On,unknown,off,unknown,90.0,0,0,0,0,60.0,23,62.5,60.0,unavailable,unavailable,unavailable
2026-09-08T03:33:02,off,0,0,35,0,0.0,100,-659,Healthy,On,unknown,off,unknown,90.0,0,0,0,0,60.0,23,62.5,60.0,unavailable,unavailable,unavailable
2026-09-08T03:33:17,off,0,0,35,0,0.0,100,-650,Healthy,On,unknown,off,unknown,90.0,0,0,0,0,60.0,23,62.5,60.0,unavailable,unavailable,unavailable
2026-09-08T03:33:30,off,0,0,35,0,0.0,100,-640,Healthy,On,unknown,off,unknown,90.0,0,0,0,0,60.0,23,62.5,60.0,unavailable,unavailable,unavailable
2026-09-08T03:33:45,off,0,0,35,0,0.0,100,-648,Healthy,On,unknown,off,unknown,90.0,0,0,0,0,60.0,23,62.5,60.0,unavailable,unavailable,unavailable
2026-09-08T03:34:00,off,0,0,35,0,0.0,100,-649,Healthy,On,unknown,off,unknown,90.0,0,0,0,0,60.0,23,62.5,60.0,unavailable,unavailable,unavailable
2026-09-08T03:34:15,off,0,0,35,0,0.0,100,-648,Healthy,On,unknown,off,unknown,90.0,0,0,0,0,60.0,23,62.5,60.0,unavailable,unavailable,unavailable
2026-09-08T03:34:31,off,0,0,35,0,0.0,100,-645,Healthy,On,unknown,off,unknown,90.0,0,0,0,0,60.0,23,62.5,60.0,unavailable,unavailable,unavailable
2026-09-08T03:34:46,off,0,0,35,0,0.0,100,-651,Healthy,On,unknown,off,unknown,90.0,0,0,0,0,60.0,23,62.5,60.0,unavailable,unavailable,unavailable
2026-09-08T03:35:01,off,0,0,35,0,0.0,100,-647,Healthy,On,unknown,off,unknown,90.0,0,0,0,0,60.0,23,62.5,60.0,unavailable,unavailable,unavailable
2026-09-08T03:35:16,off,0,0,35,0,0.0,100,-637,Healthy,On,unknown,off,unknown,90.0,0,0,0,0,60.0,23,62.5,60.0,unavailable,unavailable,unavailable
2026-09-08T03:35:32,off,0,0,35,0,0.0,100,-652,Healthy,On,unknown,off,unknown,90.0,0,0,0,0,60.0,23,62.5,60.0,unavailable,unavailable,unavailable
2026-09-08T03:35:47,off,0,0,35,0,0.0,100,-644,Healthy,On,unknown,off,unknown,90.0,0,0,0,0,60.0,23,62.5,60.0,unavailable,unavailable,unavailable
2026-09-08T03:36:17,off,0,0,35,0,0.0,100,-639,Healthy,On,unknown,off,unknown,90.0,0,0,0,0,60.0,23,62.5,60.0,unavailable,unavailable,unavailable
2026-09-08T03:36:33,off,0,0,35,0,0.0,100,-653,Healthy,On,unknown,off,unknown,90.0,0,0,0,0,60.0,23,62.5,60.0,unavailable,unavailable,unavailable
2026-09-08T03:36:45,off,0,0,35,0,0.0,100,-643,Healthy,On,unknown,off,unknown,90.0,0,0,0,0,60.0,23,62.5,60.0,unavailable,unavailable,unavailable
2026-09-08T03:37:00,off,0,0,35,0,0.0,100,-646,Healthy,On,unknown,off,unknown,90.0,0,0,0,0,60.0,23,62.5,60.0,unavailable,unavailable,unavailable
2026-09-08T03:37:15,off,0,0,35,0,0.0,100,-655,Healthy,On,unknown,off,unknown,90.0,0,0,0,0,60.0,23,62.5,60.0,unavailable,unavailable,unavailable
2026-09-08T03:37:31,off,0,0,35,0,0.0,100,-670,Healthy,On,unknown,off,unknown,90.0,0,0,0,0,60.0,23,62.5,60.0,unavailable,unavailable,unavailable
2026-09-08T03:37:46,off,0,0,35,0,0.0,100,-671,Healthy,On,unknown,off,unknown,90.0,0,0,0,0,60.0,23,62.5,60.0,unavailable,unavailable,unavailable
2026-09-08T03:38:01,off,0,0,35,0,0.0,100,-660,Healthy,On,unknown,off,unknown,90.0,0,0,0,0,60.0,23,62.5,60.0,unavailable,unavailable,unavailable
2026-09-08T03:38:16,off,0,0,35,0,0.0,100,-654,Healthy,On,unknown,off,unknown,90.0,0,0,0,0,60.0,23,62.5,60.0,unavailable,unavailable,unavailable
2026-09-08T03:38:31,off,0,0,35,0,0.0,100,-775,Healthy,On,unknown,off,unknown,90.0,0,0,0,0,60.0,23,62.5,60.0,unavailable,unavailable,unavailable
2026-09-08T03:38:47,off,0,0,35,0,0.0,100,-777,Healthy,On,unknown,off,unknown,90.0,0,0,0,0,60.0,23,62.5,60.0,unavailable,unavailable,unavailable
2026-09-08T03:39:02,off,0,0,35,0,0.0,100,-776,Healthy,On,unknown,off,unknown,90.0,0,0,0,0,60.0,23,62.5,60.0,unavailable,unavailable,unavailable
2026-09-08T03:39:17,off,0,0,35,0,0.0,100,-772,Healthy,On,unknown,off,unknown,90.0,0,0,0,0,60.0,23,62.5,60.0,unavailable,unavailable,unavailable
2026-09-08T03:39:30,off,0,0,35,0,0.0,100,-767,Healthy,On,unknown,off,unknown,90.0,0,0,0,0,60.0,23,62.5,60.0,unavailable,unavailable,unavailable
2026-09-08T03:39:45,off,0,0,35,0,0.0,100,-770,Healthy,On,unknown,off,unknown,90.0,0,0,0,0,60.0,23,62.5,60.0,unavailable,unavailable,unavailable
2026-09-08T03:40:00,off,0,0,35,0,0.0,100,-764,Healthy,On,unknown,off,unknown,90.0,0,0,0,0,60.0,23,62.5,60.0,unavailable,unavailable,unavailable
2026-09-08T03:40:15,off,0,0,35,0,0.0,100,-720,Healthy,On,unknown,off,unknown,90.0,0,0,0,0,60.0,23,62.5,60.0,unavailable,unavailable,unavailable
2026-09-08T03:40:31,off,0,0,35,0,0.0,100,-719,Healthy,On,unknown,off,unknown,90.0,0,0,0,0,60.0,23,62.5,60.0,unavailable,unavailable,unavailable
2026-09-08T03:40:46,off,0,0,35,0,0.0,100,-705,Healthy,On,unknown,off,unknown,90.0,0,0,0,0,60.0,23,62.5,60.0,unavailable,unavailable,unavailable
2026-09-08T03:41:01,off,0,0,35,0,0.0,100,-699,Healthy,On,unknown,off,unknown,90.0,0,0,0,0,60.0,23,62.5,60.0,unavailable,unavailable,unavailable
2026-09-08T03:41:16,off,0,0,35,0,0.0,100,-706,Healthy,On,unknown,off,unknown,90.0,0,0,0,0,60.0,23,62.5,60.0,unavailable,unavailable,unavailable
2026-09-08T03:41:31,off,0,0,35,0,0.0,100,-712,Healthy,On,unknown,off,unknown,90.0,0,0,0,0,60.0,23,62.5,60.0,unavailable,unavailable,unavailable
2026-09-08T03:41:47,off,0,0,35,0,0.0,100,-703,Healthy,On,unknown,off,unknown,90.0,0,0,0,0,60.0,23,62.5,60.0,unavailable,unavailable,unavailable
2026-09-08T03:42:02,off,0,0,35,0,0.0,100,-701,Healthy,On,unknown,off,unknown,90.0,0,0,0,0,60.0,23,62.5,60.0,unavailable,unavailable,unavailable
2026-09-08T03:42:17,off,0,0,35,0,0.0,100,-708,Healthy,On,unknown,off,unknown,90.0,0,0,0,0,60.0,23,62.5,60.0,unavailable,unavailable,unavailable
2026-09-08T03:43:00,off,0,0,35,0,0.0,100,-697,Healthy,On,unknown,off,unknown,90.0,0,0,0,0,60.0,23,62.5,60.0,unavailable,unavailable,unavailable
2026-09-08T03:43:15,off,0,0,35,0,0.0,100,-706,Healthy,On,unknown,off,unknown,90.0,0,0,0,0,60.0,23,62.5,60.0,unavailable,unavailable,unavailable
2026-09-08T03:43:30,off,0,0,35,0,0.0,100,-712,Healthy,On,unknown,off,unknown,90.0,0,0,0,0,60.0,23,62.5,60.0,unavailable,unavailable,unavailable
2026-09-08T03:43:46,off,0,0,35,0,0.0,100,-696,Healthy,On,unknown,off,unknown,90.0,0,0,0,0,60.0,23,62.5,60.0,unavailable,unavailable,unavailable
2026-09-08T03:44:01,off,0,0,35,0,0.0,100,-711,Healthy,On,unknown,off,unknown,90.0,0,0,0,0,60.0,23,62.5,60.0,unavailable,unavailable,unavailable
2026-09-08T03:44:16,off,0,0,35,0,0.0,100,-649,Healthy,On,unknown,off,unknown,90.0,0,0,0,0,60.0,23,62.5,60.0,unavailable,unavailable,unavailable
2026-09-08T03:44:31,off,0,0,35,0,0.0,100,-646,Healthy,On,unknown,off,unknown,90.0,0,0,0,0,60.0,23,62.5,60.0,unavailable,unavailable,unavailable
2026-09-08T03:44:47,off,0,0,35,0,0.0,100,-638,Healthy,On,unknown,off,unknown,90.0,0,0,0,0,60.0,23,62.5,60.0,unavailable,unavailable,unavailable
2026-09-08T03:45:02,off,0,0,35,0,0.0,100,-845,Healthy,On,unknown,off,unknown,90.0,0,0,0,0,60.0,23,62.5,60.0,unavailable,unavailable,unavailable
2026-09-08T03:45:17,off,0,0,35,0,0.0,100,-842,Healthy,On,unknown,off,unknown,90.0,0,0,0,0,60.0,23,62.5,60.0,unavailable,unavailable,unavailable
2026-09-08T03:45:32,off,0,0,35,0,0.0,100,-837,Healthy,On,unknown,off,unknown,90.0,0,0,0,0,60.0,23,62.5,60.0,unavailable,unavailable,unavailable
2026-09-08T03:45:45,off,0,0,35,0,0.0,100,-830,Healthy,On,unknown,off,unknown,90.0,0,0,0,0,60.0,23,62.5,60.0,unavailable,unavailable,unavailable
2026-09-08T03:46:00,off,0,0,35,0,0.0,100,-821,Healthy,On,unknown,off,unknown,90.0,0,0,0,0,60.0,23,62.5,60.0,unavailable,unavailable,unavailable
2026-09-08T03:46:15,off,0,0,35,0,0.0,100,-833,Healthy,On,unknown,off,unknown,90.0,0,0,0,0,60.0,23,62.5,60.0,unavailable,unavailable,unavailable
2026-09-08T03:46:30,off,0,0,35,0,0.0,100,-831,Healthy,On,unknown,off,unknown,90.0,0,0,0,0,60.0,23,62.5,60.0,unavailable,unavailable,unavailable
2026-09-08T03:46:46,off,0,0,35,0,0.0,100,-823,Healthy,On,unknown,off,unknown,90.0,0,0,0,0,60.0,23,62.5,60.0,unavailable,unavailable,unavailable
2026-09-08T03:47:01,off,0,0,35,0,0.0,100,-831,Healthy,On,unknown,off,unknown,90.0,0,0,0,0,60.0,23,62.5,60.0,unavailable,unavailable,unavailable
2026-09-08T03:47:16,off,0,0,35,0,0.0,100,-829,Healthy,On,unknown,off,unknown,90.0,0,0,0,0,60.0,23,62.5,60.0,unavailable,unavailable,unavailable
2026-09-08T03:47:31,off,0,0,35,0,0.0,100,-825,Healthy,On,unknown,off,unknown,90.0,0,0,0,0,60.0,23,62.5,60.0,unavailable,unavailable,unavailable
2026-09-08T03:47:47,off,0,0,35,0,0.0,100,-815,Healthy,On,unknown,off,unknown,90.0,0,0,0,0,60.0,23,62.5,60.0,unavailable,unavailable,unavailable
2026-09-08T03:48:02,off,0,0,35,0,0.0,100,-831,Healthy,On,unknown,off,unknown,90.0,0,0,0,0,60.0,23,62.5,60.0,unavailable,unavailable,unavailable
2026-09-08T03:48:17,off,0,0,35,0,0.0,100,-827,Healthy,On,unknown,off,unknown,90.0,0,0,0,0,60.0,23,62.5,60.0,unavailable,unavailable,unavailable
2026-09-08T03:48:32,off,0,0,35,0,0.0,100,-816,Healthy,On,unknown,off,unknown,90.0,0,0,0,0,60.0,23,62.5,60.0,unavailable,unavailable,unavailable
2026-09-08T03:48:45,off,0,0,35,0,0.0,100,-815,Healthy,On,unknown,off,unknown,90.0,0,0,0,0,60.0,23,62.5,60.0,unavailable,unavailable,unavailable
2026-09-08T03:49:00,off,0,0,35,0,0.0,100,-824,Healthy,On,unknown,off,unknown,90.0,0,0,0,0,60.0,23,62.5,60.0,unavailable,unavailable,unavailable
2026-09-08T03:49:15,off,0,0,35,0,0.0,100,-823,Healthy,On,unknown,off,unknown,90.0,0,0,0,0,60.0,23,62.5,60.0,unavailable,unavailable,unavailable
2026-09-08T03:49:30,off,0,0,35,0,0.0,100,-814,Healthy,On,unknown,off,unknown,90.0,0,0,0,0,60.0,23,62.5,60.0,unavailable,unavailable,unavailable
2026-09-08T03:49:46,off,0,0,35,0,0.0,100,-828,Healthy,On,unknown,off,unknown,90.0,0,0,0,0,60.0,23,62.5,60.0,unavailable,unavailable,unavailable
2026-09-08T03:50:01,off,0,0,35,0,0.0,100,-826,Healthy,On,unknown,off,unknown,90.0,0,0,0,0,60.0,23,62.5,60.0,unavailable,unavailable,unavailable
2026-09-08T03:50:16,off,0,0,35,0,0.0,100,-894,Healthy,On,unknown,off,unknown,90.0,0,0,0,0,60.0,23,62.5,60.0,unavailable,unavailable,unavailable
2026-09-08T03:50:47,off,0,0,35,0,0.0,100,-890,Healthy,On,unknown,off,unknown,90.0,0,0,0,0,60.0,23,62.5,60.0,unavailable,unavailable,unavailable
2026-09-08T03:51:02,off,0,0,35,0,0.0,100,-884,Healthy,On,unknown,off,unknown,90.0,0,0,0,0,60.0,23,62.5,60.0,unavailable,unavailable,unavailable
2026-09-08T03:51:17,off,0,0,35,0,0.0,100,-883,Healthy,On,unknown,off,unknown,90.0,0,0,0,0,60.0,23,62.5,60.0,unavailable,unavailable,unavailable
2026-09-08T03:51:41,off,0,0,35,0,0.0,100,-881,Degraded,unknown,unknown,off,unknown,90.0,0,0,0,0,60.0,23,62.5,60.0,unavailable,unavailable,unavailable
2026-09-08T03:51:44,off,0,0,35,0,0.0,100,-4065,Degraded,On,unknown,off,unknown,90.0,0,0,0,0,60.0,23,62.5,60.0,unavailable,unavailable,unavailable
2026-09-08T03:52:00,off,0,0,35,0,0.0,100,-877,Degraded,On,unknown,off,unknown,90.0,0,0,0,0,60.0,23,62.5,60.0,unavailable,unavailable,unavailable
2026-09-08T03:52:15,off,0,0,35,0,0.0,100,-879,Degraded,On,unknown,off,unknown,90.0,0,0,0,0,60.0,23,62.5,60.0,unavailable,unavailable,unavailable
2026-09-08T03:52:30,off,0,0,35,0,0.0,100,-895,Degraded,On,unknown,off,unknown,90.0,0,0,0,0,60.0,23,62.5,60.0,unavailable,unavailable,unavailable
2026-09-08T03:52:45,off,0,0,35,0,0.0,100,-883,Degraded,On,unknown,off,unknown,90.0,0,0,0,0,60.0,23,62.5,60.0,unavailable,unavailable,unavailable
2026-09-08T03:53:01,off,0,0,35,0,0.0,100,-884,Degraded,On,unknown,off,unknown,90.0,0,0,0,0,60.0,23,62.5,60.0,unavailable,unavailable,unavailable
2026-09-08T03:53:16,off,0,0,35,0,0.0,100,-869,Degraded,On,unknown,off,unknown,90.0,0,0,0,0,60.0,23,62.5,60.0,unavailable,unavailable,unavailable
2026-09-08T03:53:31,off,0,0,35,0,0.0,100,-874,Degraded,On,unknown,off,unknown,90.0,0,0,0,0,60.0,23,62.5,60.0,unavailable,unavailable,unavailable
2026-09-08T03:53:46,off,0,0,35,0,0.0,100,-711,Degraded,On,unknown,off,unknown,90.0,0,0,0,0,60.0,23,62.5,60.0,unavailable,unavailable,unavailable
2026-09-08T03:54:02,off,0,0,35,0,0.0,100,-704,Degraded,On,unknown,off,unknown,90.0,0,0,0,0,60.0,23,62.5,60.0,unavailable,unavailable,unavailable
2026-09-08T03:54:17,off,0,0,35,0,0.0,100,-694,Degraded,On,unknown,off,unknown,90.0,0,0,0,0,60.0,23,62.5,60.0,unavailable,unavailable,unavailable
2026-09-08T03:54:32,off,0,0,35,0,0.0,100,-708,Degraded,On,unknown,off,unknown,90.0,0,0,0,0,60.0,23,62.5,60.0,unavailable,unavailable,unavailable
2026-09-08T03:54:47,off,0,0,35,0,0.0,100,-702,Degraded,On,unknown,off,unknown,90.0,0,0,0,0,60.0,23,62.5,60.0,unavailable,unavailable,unavailable
2026-09-08T03:55:03,off,0,0,35,0,0.0,100,-704,Degraded,On,unknown,off,unknown,90.0,0,0,0,0,60.0,23,62.5,60.0,unavailable,unavailable,unavailable
2026-09-08T03:55:15,off,0,0,35,0,0.0,100,-702,Degraded,On,unknown,off,unknown,90.0,0,0,0,0,60.0,23,62.5,60.0,unavailable,unavailable,unavailable
2026-09-08T03:55:30,off,0,0,35,0,0.0,100,-704,Degraded,On,unknown,off,unknown,90.0,0,0,0,0,60.0,23,62.5,60.0,unavailable,unavailable,unavailable
2026-09-08T03:55:45,off,0,0,35,0,0.0,100,-641,Degraded,On,unknown,off,unknown,90.0,0,0,0,0,60.0,23,62.5,60.0,unavailable,unavailable,unavailable
2026-09-08T03:56:00,off,0,0,35,0,0.0,100,-643,Degraded,On,unknown,off,unknown,90.0,0,0,0,0,60.0,23,62.5,60.0,unavailable,unavailable,unavailable
2026-09-08T03:56:16,off,0,0,35,0,0.0,100,-636,Degraded,On,unknown,off,unknown,90.0,0,0,0,0,60.0,23,62.5,60.0,unavailable,unavailable,unavailable
2026-09-08T03:56:31,off,0,0,35,0,0.0,100,-646,Degraded,On,unknown,off,unknown,90.0,0,0,0,0,60.0,23,62.5,60.0,unavailable,unavailable,unavailable
2026-09-08T03:56:46,off,0,0,35,0,0.0,100,-647,Degraded,On,unknown,off,unknown,90.0,0,0,0,0,60.0,23,62.5,60.0,unavailable,unavailable,unavailable
2026-09-08T03:57:01,off,0,0,35,0,0.0,100,-638,Degraded,On,unknown,off,unknown,90.0,0,0,0,0,60.0,23,62.5,60.0,unavailable,unavailable,unavailable
2026-09-08T03:57:17,off,0,0,35,0,0.0,100,-643,Degraded,On,unknown,off,unknown,90.0,0,0,0,0,60.0,23,62.5,60.0,unavailable,unavailable,unavailable
2026-09-08T03:57:32,off,0,0,35,0,0.0,100,-646,Degraded,On,unknown,off,unknown,90.0,0,0,0,0,60.0,23,62.5,60.0,unavailable,unavailable,unavailable
2026-09-08T03:57:47,off,0,0,35,0,0.0,100,-645,Degraded,On,unknown,off,unknown,90.0,0,0,0,0,60.0,23,62.5,60.0,unavailable,unavailable,unavailable
2026-09-08T03:58:02,off,0,0,35,0,0.0,100,-637,Degraded,On,unknown,off,unknown,90.0,0,0,0,0,60.0,23,62.5,60.0,unavailable,unavailable,unavailable
2026-09-08T03:58:15,off,0,0,35,0,0.0,100,-644,Degraded,On,unknown,off,unknown,90.0,0,0,0,0,60.0,23,62.5,60.0,unavailable,unavailable,unavailable
2026-09-08T03:58:30,off,0,0,35,0,0.0,100,-641,Degraded,On,unknown,off,unknown,90.0,0,0,0,0,60.0,23,62.5,60.0,unavailable,unavailable,unavailable
2026-09-08T03:58:45,off,0,0,35,0,0.0,100,-635,Degraded,On,unknown,off,unknown,90.0,0,0,0,0,60.0,23,62.5,60.0,unavailable,unavailable,unavailable
2026-09-08T03:59:00,off,0,0,35,0,0.0,100,-640,Degraded,On,unknown,off,unknown,90.0,0,0,0,0,60.0,23,62.5,60.0,unavailable,unavailable,unavailable
2026-09-08T03:59:16,off,0,0,35,0,0.0,100,-647,Degraded,On,unknown,off,unknown,90.0,0,0,0,0,60.0,23,62.5,60.0,unavailable,unavailable,unavailable
2026-09-08T03:59:31,off,0,0,35,0,0.0,100,-650,Degraded,On,unknown,off,unknown,90.0,0,0,0,0,60.0,23,62.5,60.0,unavailable,unavailable,unavailable
2026-09-08T03:59:46,off,0,0,35,0,0.0,100,-642,Degraded,On,unknown,off,unknown,90.0,0,0,0,0,60.0,23,62.5,60.0,unavailable,unavailable,unavailable
2026-09-08T04:00:01,off,0,0,35,0,0.0,100,-639,Degraded,On,unknown,off,unknown,90.0,0,0,0,0,60.0,23,62.5,60.0,unavailable,unavailable,unavailable
2026-09-08T04:00:17,off,0,0,35,0,0.0,100,-642,Degraded,On,unknown,off,unknown,90.0,0,0,0,0,60.0,23,62.5,60.0,unavailable,unavailable,unavailable
2026-09-08T04:00:32,off,0,0,35,0,0.0,100,-662,Degraded,On,unknown,off,unknown,90.0,0,0,0,0,60.0,23,62.5,60.0,unavailable,unavailable,unavailable
2026-09-08T04:00:47,off,0,0,35,0,0.0,100,-641,Degraded,On,unknown,off,unknown,90.0,0,0,0,0,60.0,23,62.5,60.0,unavailable,unavailable,unavailable
2026-09-08T04:01:02,off,0,0,35,0,0.0,100,-642,Degraded,On,unknown,off,unknown,90.0,0,0,0,0,60.0,23,62.5,60.0,unavailable,unavailable,unavailable
2026-09-08T04:01:17,off,0,0,35,0,0.0,100,-514,Degraded,On,unknown,off,unknown,90.0,0,0,0,0,60.0,23,62.5,60.0,unavailable,unavailable,unavailable
2026-09-08T04:01:30,off,0,0,35,0,0.0,100,-512,Degraded,On,unknown,off,unknown,90.0,0,0,0,0,60.0,23,62.5,60.0,unavailable,unavailable,unavailable
2026-09-08T04:01:45,off,0,0,35,0,0.0,100,-574,Healthy,On,unknown,off,unknown,90.0,0,0,0,0,60.0,23,62.5,60.0,unavailable,unavailable,unavailable
2026-09-08T04:02:00,off,0,0,35,0,0.0,100,-588,Healthy,On,unknown,off,unknown,90.0,0,0,0,0,60.0,23,62.5,60.0,unavailable,unavailable,unavailable
2026-09-08T04:02:15,off,0,0,35,0,0.0,100,-580,Healthy,On,unknown,off,unknown,90.0,0,0,0,0,60.0,23,62.5,60.0,unavailable,unavailable,unavailable
2026-09-08T04:02:31,off,0,0,35,0,0.0,100,-578,Healthy,On,unknown,off,unknown,90.0,0,0,0,0,60.0,23,62.5,60.0,unavailable,unavailable,unavailable
2026-09-08T04:02:46,off,0,0,35,0,0.0,100,-564,Healthy,On,unknown,off,unknown,90.0,0,0,0,0,60.0,23,62.5,60.0,unavailable,unavailable,unavailable
2026-09-08T04:03:01,off,0,0,35,0,0.0,100,-579,Healthy,On,unknown,off,unknown,90.0,0,0,0,0,60.0,23,62.5,60.0,unavailable,unavailable,unavailable
2026-09-08T04:03:16,off,0,0,35,0,0.0,100,-569,Healthy,On,unknown,off,unknown,90.0,0,0,0,0,60.0,23,62.5,60.0,unavailable,unavailable,unavailable
2026-09-08T04:03:32,off,0,0,35,0,0.0,100,-565,Healthy,On,unknown,off,unknown,90.0,0,0,0,0,60.0,23,62.5,60.0,unavailable,unavailable,unavailable
2026-09-08T04:03:47,off,0,0,35,0,0.0,100,-564,Healthy,On,unknown,off,unknown,90.0,0,0,0,0,60.0,23,62.5,60.0,unavailable,unavailable,unavailable
2026-09-08T04:04:02,off,0,0,35,0,0.0,100,-573,Healthy,On,unknown,off,unknown,90.0,0,0,0,0,60.0,23,62.5,60.0,unavailable,unavailable,unavailable
2026-09-08T04:04:17,off,0,0,35,0,0.0,100,-569,Healthy,On,unknown,off,unknown,90.0,0,0,0,0,60.0,23,62.5,60.0,unavailable,unavailable,unavailable
2026-09-08T04:04:33,off,0,0,35,0,0.0,100,-566,Healthy,On,unknown,off,unknown,90.0,0,0,0,0,60.0,23,62.5,60.0,unavailable,unavailable,unavailable
2026-09-08T04:04:45,off,0,0,35,0,0.0,100,-581,Healthy,On,unknown,off,unknown,90.0,0,0,0,0,60.0,23,62.5,60.0,unavailable,unavailable,unavailable
2026-09-08T04:05:00,off,0,0,35,0,0.0,100,-570,Healthy,On,unknown,off,unknown,90.0,0,0,0,0,60.0,23,62.5,60.0,unavailable,unavailable,unavailable
2026-09-08T04:05:15,off,0,0,35,0,0.0,100,-574,Healthy,On,unknown,off,unknown,90.0,0,0,0,0,60.0,23,62.5,60.0,unavailable,unavailable,unavailable
2026-09-08T04:05:30,off,0,0,35,0,0.0,100,-562,Healthy,On,unknown,off,unknown,90.0,0,0,0,0,60.0,23,62.5,60.0,unavailable,unavailable,unavailable
2026-09-08T04:05:46,off,0,0,35,0,0.0,100,-577,Healthy,On,unknown,off,unknown,90.0,0,0,0,0,60.0,23,62.5,60.0,unavailable,unavailable,unavailable
2026-09-08T04:06:01,off,0,0,35,0,0.0,100,-580,Healthy,On,unknown,off,unknown,90.0,0,0,0,0,60.0,23,62.5,60.0,unavailable,unavailable,unavailable
2026-09-08T04:06:16,off,0,0,35,0,0.0,100,-560,Healthy,On,unknown,off,unknown,90.0,0,0,0,0,60.0,23,62.5,60.0,unavailable,unavailable,unavailable
2026-09-08T04:06:31,off,0,0,35,0,0.0,100,-563,Healthy,On,unknown,off,unknown,90.0,0,0,0,0,60.0,23,62.5,60.0,unavailable,unavailable,unavailable
2026-09-08T04:06:47,off,0,0,35,0,0.0,100,-581,Healthy,On,unknown,off,unknown,90.0,0,0,0,0,60.0,23,62.5,60.0,unavailable,unavailable,unavailable
2026-09-08T04:07:02,off,0,0,35,0,0.0,100,-574,Healthy,On,unknown,off,unknown,90.0,0,0,0,0,60.0,23,62.5,60.0,unavailable,unavailable,unavailable
2026-09-08T04:07:17,off,0,0,35,0,0.0,100,-573,Healthy,On,unknown,off,unknown,90.0,0,0,0,0,60.0,23,62.5,60.0,unavailable,unavailable,unavailable
2026-09-08T04:07:32,off,0,0,35,0,0.0,100,-510,Healthy,On,unknown,off,unknown,90.0,0,0,0,0,60.0,23,62.5,60.0,unavailable,unavailable,unavailable
2026-09-08T04:08:00,off,0,0,35,0,0.0,100,-515,Healthy,On,unknown,off,unknown,90.0,0,0,0,0,60.0,23,62.5,60.0,unavailable,unavailable,unavailable
2026-09-08T04:08:15,off,0,0,35,0,0.0,100,-525,Healthy,On,unknown,off,unknown,90.0,0,0,0,0,60.0,23,62.5,60.0,unavailable,unavailable,unavailable
2026-09-08T04:08:30,off,0,0,35,0,0.0,100,-501,Healthy,On,unknown,off,unknown,90.0,0,0,0,0,60.0,23,62.5,60.0,unavailable,unavailable,unavailable
2026-09-08T04:08:46,off,0,0,35,0,0.0,100,-513,Healthy,On,unknown,off,unknown,90.0,0,0,0,0,60.0,23,62.5,60.0,unavailable,unavailable,unavailable
2026-09-08T04:09:01,off,0,0,35,0,0.0,100,-517,Healthy,On,unknown,off,unknown,90.0,0,0,0,0,60.0,23,62.5,60.0,unavailable,unavailable,unavailable
2026-09-08T04:09:16,off,0,0,35,0,0.0,100,-515,Healthy,On,unknown,off,unknown,90.0,0,0,0,0,60.0,23,62.5,60.0,unavailable,unavailable,unavailable
2026-09-08T04:09:31,off,0,0,35,0,0.0,100,-505,Healthy,On,unknown,off,unknown,90.0,0,0,0,0,60.0,23,62.5,60.0,unavailable,unavailable,unavailable
2026-09-08T04:09:47,off,0,0,35,0,0.0,100,-509,Healthy,On,unknown,off,unknown,90.0,0,0,0,0,60.0,23,62.5,60.0,unavailable,unavailable,unavailable
2026-09-08T04:10:02,off,0,0,35,0,0.0,100,-511,Healthy,On,unknown,off,unknown,90.0,0,0,0,0,60.0,23,62.5,60.0,unavailable,unavailable,unavailable
2026-09-08T04:10:17,off,0,0,35,0,0.0,100,-501,Healthy,On,unknown,off,unknown,90.0,0,0,0,0,60.0,23,62.5,60.0,unavailable,unavailable,unavailable
2026-09-08T04:10:32,off,0,0,35,0,0.0,100,-502,Healthy,On,unknown,off,unknown,90.0,0,0,0,0,60.0,23,62.5,60.0,unavailable,unavailable,unavailable
2026-09-08T04:10:48,off,0,0,35,0,0.0,100,-514,Healthy,On,unknown,off,unknown,90.0,0,0,0,0,60.0,23,62.5,60.0,unavailable,unavailable,unavailable
2026-09-08T04:11:00,off,0,0,35,0,0.0,100,-527,Healthy,On,unknown,off,unknown,90.0,0,0,0,0,60.0,23,62.5,60.0,unavailable,unavailable,unavailable
2026-09-08T04:11:15,off,0,0,35,0,0.0,100,-507,Healthy,On,unknown,off,unknown,90.0,0,0,0,0,60.0,23,62.5,60.0,unavailable,unavailable,unavailable
2026-09-08T04:11:30,off,0,0,35,0,0.0,100,-514,Healthy,On,unknown,off,unknown,90.0,0,0,0,0,60.0,23,62.5,60.0,unavailable,unavailable,unavailable
2026-09-08T04:12:01,off,0,0,35,0,0.0,100,-512,Healthy,On,unknown,off,unknown,90.0,0,0,0,0,60.0,23,62.5,60.0,unavailable,unavailable,unavailable
2026-09-08T04:12:16,off,0,0,35,0,0.0,100,-509,Healthy,On,unknown,off,unknown,90.0,0,0,0,0,60.0,23,62.5,60.0,unavailable,unavailable,unavailable
2026-09-08T04:12:31,off,0,0,35,0,0.0,100,-513,Healthy,On,unknown,off,unknown,90.0,0,0,0,0,60.0,23,62.5,60.0,unavailable,unavailable,unavailable
2026-09-08T04:12:46,off,0,0,35,0,0.0,100,-515,Healthy,On,unknown,off,unknown,90.0,0,0,0,0,60.0,23,62.5,60.0,unavailable,unavailable,unavailable
2026-09-08T04:13:02,off,0,0,35,0,0.0,100,-510,Healthy,On,unknown,off,unknown,90.0,0,0,0,0,60.0,23,62.5,60.0,unavailable,unavailable,unavailable
2026-09-08T04:13:17,off,0,0,35,0,0.0,100,-500,Healthy,On,unknown,off,unknown,90.0,0,0,0,0,60.0,23,62.5,60.0,unavailable,unavailable,unavailable
2026-09-08T04:13:32,off,0,0,35,0,0.0,100,-588,Healthy,On,unknown,off,unknown,90.0,0,0,0,0,60.0,23,62.5,60.0,unavailable,unavailable,unavailable
2026-09-08T04:13:47,off,0,0,35,0,0.0,100,-587,Healthy,On,unknown,off,unknown,90.0,0,0,0,0,60.0,23,62.5,60.0,unavailable,unavailable,unavailable
2026-09-08T04:14:00,off,0,0,35,0,0.0,100,-576,Healthy,On,unknown,off,unknown,90.0,0,0,0,0,60.0,23,62.5,60.0,unavailable,unavailable,unavailable
2026-09-08T04:14:15,off,0,0,35,0,0.0,100,-565,Healthy,On,unknown,off,unknown,90.0,0,0,0,0,60.0,23,62.5,60.0,unavailable,unavailable,unavailable
2026-09-08T04:14:30,off,0,0,35,0,0.0,100,-582,Healthy,On,unknown,off,unknown,90.0,0,0,0,0,60.0,23,62.5,60.0,unavailable,unavailable,unavailable
2026-09-08T04:14:45,off,0,0,35,0,0.0,100,-773,Healthy,On,unknown,off,unknown,90.0,0,0,0,0,60.0,23,62.5,60.0,unavailable,unavailable,unavailable
2026-09-08T04:15:16,off,0,0,35,0,0.0,100,-761,Healthy,On,unknown,off,unknown,90.0,0,0,0,0,60.0,23,62.5,60.0,unavailable,unavailable,unavailable
2026-09-08T04:15:31,off,0,0,35,0,0.0,100,-773,Healthy,On,unknown,off,unknown,90.0,0,0,0,0,60.0,23,62.5,60.0,unavailable,unavailable,unavailable
2026-09-08T04:15:46,off,0,0,35,0,0.0,100,-759,Healthy,On,unknown,off,unknown,90.0,0,0,0,0,60.0,23,62.5,60.0,unavailable,unavailable,unavailable
2026-09-08T04:16:02,off,0,0,35,0,0.0,100,-761,Healthy,On,unknown,off,unknown,90.0,0,0,0,0,60.0,23,62.5,60.0,unavailable,unavailable,unavailable
2026-09-08T04:16:17,off,0,0,35,0,0.0,100,-763,Healthy,On,unknown,off,unknown,90.0,0,0,0,0,60.0,23,62.5,60.0,unavailable,unavailable,unavailable
2026-09-08T04:16:32,off,0,0,35,0,0.0,100,-759,Healthy,On,unknown,off,unknown,90.0,0,0,0,0,60.0,23,62.5,60.0,unavailable,unavailable,unavailable
2026-09-08T04:16:47,off,0,0,35,0,0.0,100,-773,Healthy,On,unknown,off,unknown,90.0,0,0,0,0,60.0,23,62.5,60.0,unavailable,unavailable,unavailable
2026-09-08T04:17:03,off,0,0,35,0,0.0,100,-751,Healthy,On,unknown,off,unknown,90.0,0,0,0,0,60.0,23,62.5,60.0,unavailable,unavailable,unavailable
2026-09-08T04:17:15,off,0,0,35,0,0.0,100,-752,Healthy,On,unknown,off,unknown,90.0,0,0,0,0,60.0,23,62.5,60.0,unavailable,unavailable,unavailable
2026-09-08T04:17:30,off,0,0,35,0,0.0,100,-758,Healthy,On,unknown,off,unknown,90.0,0,0,0,0,60.0,23,62.5,60.0,unavailable,unavailable,unavailable
2026-09-08T04:17:45,off,0,0,35,0,0.0,100,-753,Healthy,On,unknown,off,unknown,90.0,0,0,0,0,60.0,23,62.5,60.0,unavailable,unavailable,unavailable
2026-09-08T04:18:01,off,0,0,35,0,0.0,100,-763,Healthy,On,unknown,off,unknown,90.0,0,0,0,0,60.0,23,62.5,60.0,unavailable,unavailable,unavailable
2026-09-08T04:18:16,off,0,0,35,0,0.0,100,-769,Healthy,On,unknown,off,unknown,90.0,0,0,0,0,60.0,23,62.5,60.0,unavailable,unavailable,unavailable
2026-09-08T04:18:31,off,0,0,35,0,0.0,100,-759,Healthy,On,unknown,off,unknown,90.0,0,0,0,0,60.0,23,62.5,60.0,unavailable,unavailable,unavailable
2026-09-08T04:19:01,off,0,0,35,0,0.0,100,-692,Healthy,On,unknown,off,unknown,90.0,0,0,0,0,60.0,23,62.5,60.0,unavailable,unavailable,unavailable
2026-09-08T04:19:17,off,0,0,35,0,0.0,100,-684,Healthy,On,unknown,off,unknown,90.0,0,0,0,0,60.0,23,62.5,60.0,unavailable,unavailable,unavailable
2026-09-08T04:19:32,off,0,0,35,0,0.0,100,-691,Healthy,On,unknown,off,unknown,90.0,0,0,0,0,60.0,23,62.5,60.0,unavailable,unavailable,unavailable
2026-09-08T04:19:47,off,0,0,35,0,0.0,100,-698,Healthy,On,unknown,off,unknown,90.0,0,0,0,0,60.0,23,62.5,60.0,unavailable,unavailable,unavailable
2026-09-08T04:20:02,off,0,0,35,0,0.0,100,-683,Healthy,On,unknown,off,unknown,90.0,0,0,0,0,60.0,23,62.5,60.0,unavailable,unavailable,unavailable
2026-09-08T04:20:18,off,0,0,35,0,0.0,100,-699,Healthy,On,unknown,off,unknown,90.0,0,0,0,0,60.0,23,62.5,60.0,unavailable,unavailable,unavailable
2026-09-08T04:20:30,off,0,0,35,0,0.0,100,-697,Healthy,On,unknown,off,unknown,90.0,0,0,0,0,60.0,23,62.5,60.0,unavailable,unavailable,unavailable
2026-09-08T04:20:45,off,0,0,35,0,0.0,100,-695,Healthy,On,unknown,off,unknown,90.0,0,0,0,0,60.0,23,62.5,60.0,unavailable,unavailable,unavailable
2026-09-08T04:21:00,off,0,0,35,0,0.0,100,-683,Healthy,On,unknown,off,unknown,90.0,0,0,0,0,60.0,23,62.5,60.0,unavailable,unavailable,unavailable
2026-09-08T04:21:15,off,0,0,35,0,0.0,100,-711,Healthy,On,unknown,off,unknown,90.0,0,0,0,0,60.0,23,62.5,60.0,unavailable,unavailable,unavailable
2026-09-08T04:21:31,off,0,0,35,0,0.0,100,-692,Healthy,On,unknown,off,unknown,90.0,0,0,0,0,60.0,23,62.5,60.0,unavailable,unavailable,unavailable
2026-09-08T04:21:46,off,0,0,35,0,0.0,100,-680,Healthy,On,unknown,off,unknown,90.0,0,0,0,0,60.0,23,62.5,60.0,unavailable,unavailable,unavailable
2026-09-08T04:22:01,off,0,0,35,0,0.0,100,-684,Healthy,On,unknown,off,unknown,90.0,0,0,0,0,60.0,23,62.5,60.0,unavailable,unavailable,unavailable
2026-09-08T04:22:16,off,0,0,35,0,0.0,100,-698,Healthy,On,unknown,off,unknown,90.0,0,0,0,0,60.0,23,62.5,60.0,unavailable,unavailable,unavailable
2026-09-08T04:22:32,off,0,0,35,0,0.0,100,-691,Healthy,On,unknown,off,unknown,90.0,0,0,0,0,60.0,23,62.5,60.0,unavailable,unavailable,unavailable
2026-09-08T04:22:47,off,0,0,35,0,0.0,100,-681,Healthy,On,unknown,off,unknown,90.0,0,0,0,0,60.0,23,62.5,60.0,unavailable,unavailable,unavailable
2026-09-08T04:23:02,off,0,0,35,0,0.0,100,-701,Healthy,On,unknown,off,unknown,90.0,0,0,0,0,60.0,23,62.5,60.0,unavailable,unavailable,unavailable
2026-09-08T04:23:17,off,0,0,35,0,0.0,100,-694,Healthy,On,unknown,off,unknown,90.0,0,0,0,0,60.0,23,62.5,60.0,unavailable,unavailable,unavailable
2026-09-08T04:23:30,off,0,0,35,0,0.0,100,-513,Healthy,On,unknown,off,unknown,90.0,0,0,0,0,60.0,23,62.5,60.0,unavailable,unavailable,unavailable
2026-09-08T04:23:45,off,0,0,35,0,0.0,100,-511,Healthy,On,unknown,off,unknown,90.0,0,0,0,0,60.0,23,62.5,60.0,unavailable,unavailable,unavailable
2026-09-08T04:24:01,off,0,0,35,0,0.0,100,-518,Healthy,On,unknown,off,unknown,90.0,0,0,0,0,60.0,23,62.5,60.0,unavailable,unavailable,unavailable
2026-09-08T04:24:16,off,0,0,35,0,0.0,100,-522,Healthy,On,unknown,off,unknown,90.0,0,0,0,0,60.0,23,62.5,60.0,unavailable,unavailable,unavailable
2026-09-08T04:24:32,off,0,0,35,0,0.0,100,-515,Healthy,On,unknown,off,unknown,90.0,0,0,0,0,60.0,23,62.5,60.0,unavailable,unavailable,unavailable
2026-09-08T04:24:47,off,0,0,35,0,0.0,100,-505,Healthy,On,unknown,off,unknown,90.0,0,0,0,0,60.0,23,62.5,60.0,unavailable,unavailable,unavailable
2026-09-08T04:25:02,off,0,0,35,0,0.0,100,-589,Healthy,On,unknown,off,unknown,90.0,0,0,0,0,60.0,23,62.5,60.0,unavailable,unavailable,unavailable
2026-09-08T04:25:15,off,0,0,35,0,0.0,100,-587,Healthy,On,unknown,off,unknown,90.0,0,0,0,0,60.0,23,62.5,60.0,unavailable,unavailable,unavailable
2026-09-08T04:25:30,off,0,0,35,0,0.0,100,-580,Healthy,On,unknown,off,unknown,90.0,0,0,0,0,60.0,23,62.5,60.0,unavailable,unavailable,unavailable
2026-09-08T04:25:45,off,0,0,35,0,0.0,100,-566,Healthy,On,unknown,off,unknown,90.0,0,0,0,0,60.0,23,62.5,60.0,unavailable,unavailable,unavailable
2026-09-08T04:26:00,off,0,0,35,0,0.0,100,-579,Healthy,On,unknown,off,unknown,90.0,0,0,0,0,60.0,23,62.5,60.0,unavailable,unavailable,unavailable
2026-09-08T04:26:16,off,0,0,35,0,0.0,100,-584,Healthy,On,unknown,off,unknown,90.0,0,0,0,0,60.0,23,62.5,60.0,unavailable,unavailable,unavailable
2026-09-08T04:26:31,off,0,0,35,0,0.0,100,-579,Healthy,On,unknown,off,unknown,90.0,0,0,0,0,60.0,23,62.5,60.0,unavailable,unavailable,unavailable
2026-09-08T04:26:46,off,0,0,35,0,0.0,100,-568,Healthy,On,unknown,off,unknown,90.0,0,0,0,0,60.0,23,62.5,60.0,unavailable,unavailable,unavailable
2026-09-08T04:27:01,off,0,0,35,0,0.0,100,-588,Healthy,On,unknown,off,unknown,90.0,0,0,0,0,60.0,23,62.5,60.0,unavailable,unavailable,unavailable
2026-09-08T04:27:17,off,0,0,35,0,0.0,100,-568,Healthy,On,unknown,off,unknown,90.0,0,0,0,0,60.0,23,62.5,60.0,unavailable,unavailable,unavailable
2026-09-08T04:27:32,off,0,0,35,0,0.0,100,-582,Healthy,On,unknown,off,unknown,90.0,0,0,0,0,60.0,23,62.5,60.0,unavailable,unavailable,unavailable
2026-09-08T04:27:47,off,0,0,35,0,0.0,100,-567,Healthy,On,unknown,off,unknown,90.0,0,0,0,0,60.0,23,62.5,60.0,unavailable,unavailable,unavailable
2026-09-08T04:28:02,off,0,0,35,0,0.0,100,-573,Healthy,On,unknown,off,unknown,90.0,0,0,0,0,60.0,23,62.5,60.0,unavailable,unavailable,unavailable
2026-09-08T04:28:18,off,0,0,35,0,0.0,100,-566,Healthy,On,unknown,off,unknown,90.0,0,0,0,0,60.0,23,62.5,60.0,unavailable,unavailable,unavailable
2026-09-08T04:28:30,off,0,0,35,0,0.0,100,-559,Healthy,On,unknown,off,unknown,90.0,0,0,0,0,60.0,23,62.5,60.0,unavailable,unavailable,unavailable
2026-09-08T04:28:45,off,0,0,35,0,0.0,100,-562,Healthy,On,unknown,off,unknown,90.0,0,0,0,0,60.0,23,62.5,60.0,unavailable,unavailable,unavailable
2026-09-08T04:29:00,off,0,0,35,0,0.0,100,-577,Healthy,On,unknown,off,unknown,90.0,0,0,0,0,60.0,23,62.5,60.0,unavailable,unavailable,unavailable
2026-09-08T04:29:31,off,0,0,35,0,0.0,100,-576,Healthy,On,unknown,off,unknown,90.0,0,0,0,0,60.0,23,62.5,60.0,unavailable,unavailable,unavailable
2026-09-08T04:29:46,off,0,0,35,615,11.5,100,-152,Healthy,On,unknown,off,unknown,90.0,0,0,0,0,60.0,23,62.5,60.0,unavailable,unavailable,unavailable
2026-09-08T04:30:01,off,0,0,35,694,13.0,100,0,Healthy,Off,unknown,off,unknown,90.0,0,0,0,0,60.0,23,62.5,60.0,unavailable,unavailable,unavailable
2026-09-08T04:30:14,off,0,0,35,694,13.0,100,0,Healthy,On,unknown,off,unknown,90.0,0,0,0,0,60.0,23,62.5,60.0,unavailable,unavailable,unavailable
2026-09-08T04:30:17,off,0,0,35,0,0.0,100,-555,Healthy,On,unknown,off,unknown,90.0,0,0,0,0,60.0,23,62.5,60.0,unavailable,unavailable,unavailable
2026-09-08T04:30:32,off,0,0,35,0,0.0,100,-516,Healthy,On,unknown,off,unknown,90.0,0,0,0,0,60.0,23,62.5,60.0,unavailable,unavailable,unavailable
2026-09-08T04:30:47,off,0,0,35,0,0.0,100,-505,Healthy,On,unknown,off,unknown,90.0,0,0,0,0,60.0,23,62.5,60.0,unavailable,unavailable,unavailable
2026-09-08T04:31:02,off,0,0,35,625,11.7,100,3,Healthy,On,unknown,off,unknown,90.0,0,0,0,0,60.0,23,62.5,60.0,unavailable,unavailable,unavailable
2026-09-08T04:31:18,off,0,0,35,619,11.6,100,7,Healthy,On,unknown,off,unknown,90.0,0,0,0,0,60.0,23,62.5,60.0,unavailable,unavailable,unavailable
2026-09-08T04:31:30,off,0,0,35,624,11.7,100,13,Healthy,On,unknown,off,unknown,90.0,0,0,0,0,60.0,23,62.5,60.0,unavailable,unavailable,unavailable
2026-09-08T04:31:45,off,0,0,35,603,11.3,100,-4,Healthy,On,unknown,off,unknown,90.0,0,0,0,0,60.0,23,62.5,60.0,unavailable,unavailable,unavailable
2026-09-08T04:32:00,off,0,0,35,619,11.6,100,5,Healthy,On,unknown,off,unknown,90.0,0,0,0,0,60.0,23,62.5,60.0,unavailable,unavailable,unavailable
2026-09-08T04:32:15,off,0,0,35,603,11.3,99,-6,Healthy,On,unknown,off,unknown,90.0,0,0,0,0,60.0,23,62.5,60.0,unavailable,unavailable,unavailable
2026-09-08T04:32:31,off,0,0,35,624,11.7,99,14,Healthy,On,unknown,off,unknown,90.0,0,0,0,0,60.0,23,62.5,60.0,unavailable,unavailable,unavailable
2026-09-08T04:32:46,off,0,0,35,608,11.4,99,-3,Healthy,On,unknown,off,unknown,90.0,0,0,0,0,60.0,23,62.5,60.0,unavailable,unavailable,unavailable
2026-09-08T04:33:01,off,0,0,35,614,11.5,99,-6,Healthy,On,unknown,off,unknown,90.0,0,0,0,0,60.0,23,62.5,60.0,unavailable,unavailable,unavailable
2026-09-08T04:33:16,off,0,0,35,619,11.6,99,2,Healthy,On,unknown,off,unknown,90.0,0,0,0,0,60.0,23,62.5,60.0,unavailable,unavailable,unavailable
2026-09-08T04:33:32,off,0,0,35,619,11.6,99,7,Healthy,On,unknown,off,unknown,90.0,0,0,0,0,60.0,23,62.5,60.0,unavailable,unavailable,unavailable
2026-09-08T04:33:47,off,0,0,35,608,11.4,99,-5,Healthy,On,unknown,off,unknown,90.0,0,0,0,0,60.0,23,62.5,60.0,unavailable,unavailable,unavailable
2026-09-08T04:34:02,off,0,0,35,619,11.6,99,3,Healthy,On,unknown,off,unknown,90.0,0,0,0,0,60.0,23,62.5,60.0,unavailable,unavailable,unavailable
2026-09-08T04:34:17,off,0,0,35,614,11.5,99,7,Healthy,On,unknown,off,unknown,90.0,0,0,0,0,60.0,23,62.5,60.0,unavailable,unavailable,unavailable
2026-09-08T04:34:33,off,0,0,35,614,11.5,99,2,Healthy,On,unknown,off,unknown,90.0,0,0,0,0,60.0,23,62.5,60.0,unavailable,unavailable,unavailable
2026-09-08T04:34:45,off,0,0,35,614,11.5,99,-7,Healthy,On,unknown,off,unknown,90.0,0,0,0,0,60.0,23,62.5,60.0,unavailable,unavailable,unavailable
2026-09-08T04:35:00,off,0,0,35,614,11.5,99,0,Healthy,On,unknown,off,unknown,90.0,0,0,0,0,60.0,23,62.5,60.0,unavailable,unavailable,unavailable
2026-09-08T04:35:15,off,0,0,35,614,11.5,99,5,Healthy,On,unknown,off,unknown,90.0,0,0,0,0,60.0,23,62.5,60.0,unavailable,unavailable,unavailable
2026-09-08T04:35:31,off,0,0,35,614,11.5,99,-9,Healthy,On,unknown,off,unknown,90.0,0,0,0,0,60.0,23,62.5,60.0,unavailable,unavailable,unavailable
2026-09-08T04:35:46,off,0,0,35,608,11.4,99,-11,Healthy,On,unknown,off,unknown,90.0,0,0,0,0,60.0,23,62.5,60.0,unavailable,unavailable,unavailable
2026-09-08T04:36:01,off,0,0,35,614,11.5,99,0,Healthy,On,unknown,off,unknown,90.0,0,0,0,0,60.0,23,62.5,60.0,unavailable,unavailable,unavailable
2026-09-08T04:36:16,off,0,0,35,607,11.4,99,6,Healthy,On,unknown,off,unknown,90.0,0,0,0,0,60.0,23,62.5,60.0,unavailable,unavailable,unavailable
2026-09-08T04:36:32,off,0,0,35,900,16.9,99,295,Healthy,On,unknown,off,unknown,90.0,0,0,0,0,60.0,23,62.5,60.0,unavailable,unavailable,unavailable
2026-09-08T04:36:47,off,0,0,35,884,16.6,99,1,Healthy,On,unknown,off,unknown,90.0,0,0,0,0,60.0,23,62.5,60.0,unavailable,unavailable,unavailable
2026-09-08T04:37:02,off,0,0,35,874,16.4,99,3,Healthy,On,unknown,off,unknown,90.0,0,0,0,0,60.0,23,62.5,60.0,unavailable,unavailable,unavailable
2026-09-08T04:37:17,off,0,0,35,868,16.3,99,10,Healthy,On,unknown,off,unknown,90.0,0,0,0,0,60.0,23,62.5,60.0,unavailable,unavailable,unavailable
2026-09-08T04:37:32,off,0,0,35,852,16.0,99,4,Healthy,On,unknown,off,unknown,90.0,0,0,0,0,60.0,23,62.5,60.0,unavailable,unavailable,unavailable
2026-09-08T04:37:45,off,0,0,35,852,16.0,99,-6,Healthy,On,unknown,off,unknown,90.0,0,0,0,0,60.0,23,62.5,60.0,unavailable,unavailable,unavailable
2026-09-08T04:38:00,off,0,0,35,858,16.1,99,5,Healthy,On,unknown,off,unknown,90.0,0,0,0,0,60.0,23,62.5,60.0,unavailable,unavailable,unavailable
2026-09-08T04:38:15,off,0,0,35,852,16.0,99,-5,Healthy,On,unknown,off,unknown,90.0,0,0,0,0,60.0,23,62.5,60.0,unavailable,unavailable,unavailable
2026-09-08T04:38:30,off,0,0,35,858,16.1,99,11,Healthy,On,unknown,off,unknown,90.0,0,0,0,0,60.0,23,62.5,60.0,unavailable,unavailable,unavailable
2026-09-08T04:38:46,off,0,0,35,852,16.0,99,0,Healthy,On,unknown,off,unknown,90.0,0,0,0,0,60.0,23,62.5,60.0,unavailable,unavailable,unavailable
2026-09-08T04:39:01,off,0,0,35,852,16.0,99,-3,Healthy,On,unknown,off,unknown,90.0,0,0,0,0,60.0,23,62.5,60.0,unavailable,unavailable,unavailable
2026-09-08T04:39:16,off,0,0,35,863,16.2,99,8,Healthy,On,unknown,off,unknown,90.0,0,0,0,0,60.0,23,62.5,60.0,unavailable,unavailable,unavailable
2026-09-08T04:39:31,off,0,0,35,852,16.0,99,7,Healthy,On,unknown,off,unknown,90.0,0,0,0,0,60.0,23,62.5,60.0,unavailable,unavailable,unavailable
2026-09-08T04:39:47,off,0,0,35,852,16.0,99,-12,Healthy,On,unknown,off,unknown,90.0,0,0,0,0,60.0,23,62.5,60.0,unavailable,unavailable,unavailable
2026-09-08T04:40:02,off,0,0,35,847,15.9,99,-3,Healthy,On,unknown,off,unknown,90.0,0,0,0,0,60.0,23,62.5,60.0,unavailable,unavailable,unavailable
2026-09-08T04:40:17,off,0,0,35,858,16.1,99,9,Healthy,On,unknown,off,unknown,90.0,0,0,0,0,60.0,23,62.5,60.0,unavailable,unavailable,unavailable
2026-09-08T04:40:32,off,0,0,35,851,16.0,99,-8,Healthy,On,unknown,off,unknown,90.0,0,0,0,0,60.0,23,62.5,60.0,unavailable,unavailable,unavailable
2026-09-08T04:40:48,off,0,0,35,852,16.0,99,-1,Healthy,On,unknown,off,unknown,90.0,0,0,0,0,60.0,23,62.5,60.0,unavailable,unavailable,unavailable
2026-09-08T04:41:00,off,0,0,35,851,16.0,99,-6,Healthy,On,unknown,off,unknown,90.0,0,0,0,0,60.0,23,62.5,60.0,unavailable,unavailable,unavailable
2026-09-08T04:41:15,off,0,0,35,852,16.0,99,1,Healthy,On,unknown,off,unknown,90.0,0,0,0,0,60.0,23,62.5,60.0,unavailable,unavailable,unavailable
2026-09-08T04:41:30,off,0,0,35,858,16.1,99,1,Healthy,On,unknown,off,unknown,90.0,0,0,0,0,60.0,23,62.5,60.0,unavailable,unavailable,unavailable
2026-09-08T04:41:45,off,0,0,35,856,16.1,99,2,Healthy,On,unknown,off,unknown,90.0,0,0,0,0,60.0,23,62.5,60.0,unavailable,unavailable,unavailable
2026-09-08T04:42:01,off,0,0,35,794,14.9,99,5,Healthy,On,unknown,off,unknown,90.0,0,0,0,0,60.0,23,62.5,60.0,unavailable,unavailable,unavailable
2026-09-08T04:42:16,off,0,0,35,788,14.8,99,6,Healthy,On,unknown,off,unknown,90.0,0,0,0,0,60.0,23,62.5,60.0,unavailable,unavailable,unavailable
2026-09-08T04:42:31,off,0,0,35,788,14.8,99,-4,Healthy,On,unknown,off,unknown,90.0,0,0,0,0,60.0,23,62.5,60.0,unavailable,unavailable,unavailable
2026-09-08T04:42:46,off,0,0,35,787,14.8,99,0,Healthy,On,unknown,off,unknown,90.0,0,0,0,0,60.0,23,62.5,60.0,unavailable,unavailable,unavailable
2026-09-08T04:43:02,off,0,0,35,788,14.8,99,6,Healthy,On,unknown,off,unknown,90.0,0,0,0,0,60.0,23,62.5,60.0,unavailable,unavailable,unavailable
2026-09-08T04:43:17,off,0,0,35,798,15.0,99,-5,Healthy,On,unknown,off,unknown,90.0,0,0,0,0,60.0,23,62.5,60.0,unavailable,unavailable,unavailable
2026-09-08T04:43:32,off,0,0,35,794,14.9,99,4,Healthy,On,unknown,off,unknown,90.0,0,0,0,0,60.0,23,62.5,60.0,unavailable,unavailable,unavailable
2026-09-08T04:43:47,off,0,0,35,783,14.7,99,-1,Healthy,On,unknown,off,unknown,90.0,0,0,0,0,60.0,23,62.5,60.0,unavailable,unavailable,unavailable
2026-09-08T04:44:03,off,0,0,35,794,14.9,99,1,Healthy,On,unknown,off,unknown,90.0,0,0,0,0,60.0,23,62.5,60.0,unavailable,unavailable,unavailable
2026-09-08T04:44:15,off,0,0,35,788,14.8,99,3,Healthy,On,unknown,off,unknown,90.0,0,0,0,0,60.0,23,62.5,60.0,unavailable,unavailable,unavailable
2026-09-08T04:44:30,off,0,0,35,798,15.0,99,6,Healthy,On,unknown,off,unknown,90.0,0,0,0,0,60.0,23,62.5,60.0,unavailable,unavailable,unavailable
2026-09-08T04:44:45,off,0,0,35,788,14.8,99,2,Healthy,On,unknown,off,unknown,90.0,0,0,0,0,60.0,23,62.5,60.0,unavailable,unavailable,unavailable
2026-09-08T04:45:01,off,0,0,35,1032,19.4,99,20,Healthy,On,unknown,off,unknown,90.0,0,0,0,0,60.0,23,62.5,60.0,unavailable,unavailable,unavailable
2026-09-08T04:45:16,off,0,0,35,1010,19.0,99,2,Healthy,On,unknown,off,unknown,90.0,0,0,0,0,60.0,23,62.5,60.0,unavailable,unavailable,unavailable
2026-09-08T04:45:31,off,0,0,35,1005,18.9,99,-3,Healthy,On,unknown,off,unknown,90.0,0,0,0,0,60.0,23,62.5,60.0,unavailable,unavailable,unavailable
2026-09-08T04:45:46,off,0,0,35,1000,18.8,99,1,Healthy,On,unknown,off,unknown,90.0,0,0,0,0,60.0,23,62.5,60.0,unavailable,unavailable,unavailable
2026-09-08T04:46:02,off,0,0,35,1000,18.8,99,6,Healthy,On,unknown,off,unknown,90.0,0,0,0,0,60.0,23,62.5,60.0,unavailable,unavailable,unavailable
2026-09-08T04:46:17,off,0,0,35,989,18.6,99,2,Healthy,On,unknown,off,unknown,90.0,0,0,0,0,60.0,23,62.5,60.0,unavailable,unavailable,unavailable
2026-09-08T04:46:32,off,0,0,35,984,18.5,99,-2,Healthy,On,unknown,off,unknown,90.0,0,0,0,0,60.0,23,62.5,60.0,unavailable,unavailable,unavailable
2026-09-08T04:46:47,off,0,0,35,984,18.5,99,1,Healthy,On,unknown,off,unknown,90.0,0,0,0,0,60.0,23,62.5,60.0,unavailable,unavailable,unavailable
2026-09-08T04:47:03,off,0,0,35,984,18.5,99,-13,Healthy,On,unknown,off,unknown,90.0,0,0,0,0,60.0,23,62.5,60.0,unavailable,unavailable,unavailable
2026-09-08T04:47:18,off,0,0,35,989,18.6,99,-2,Healthy,On,unknown,off,unknown,90.0,0,0,0,0,60.0,23,62.5,60.0,unavailable,unavailable,unavailable
2026-09-08T04:47:30,off,0,0,35,978,18.4,99,-3,Healthy,On,unknown,off,unknown,90.0,0,0,0,0,60.0,23,62.5,60.0,unavailable,unavailable,unavailable
2026-09-08T04:47:45,off,0,0,35,978,18.4,99,0,Healthy,On,unknown,off,unknown,90.0,0,0,0,0,60.0,23,62.5,60.0,unavailable,unavailable,unavailable
2026-09-08T04:48:00,off,0,0,35,1067,20.1,99,11,Healthy,On,unknown,off,unknown,90.0,0,0,0,0,60.0,23,62.5,60.0,unavailable,unavailable,unavailable
2026-09-08T04:48:16,off,0,0,35,1056,19.9,99,0,Healthy,On,unknown,off,unknown,90.0,0,0,0,0,60.0,23,62.5,60.0,unavailable,unavailable,unavailable
2026-09-08T04:48:31,off,0,0,35,1053,19.8,99,-5,Healthy,On,unknown,off,unknown,90.0,0,0,0,0,60.0,23,62.5,60.0,unavailable,unavailable,unavailable
2026-09-08T04:48:46,off,0,0,35,1048,19.7,99,-6,Healthy,On,unknown,off,unknown,90.0,0,0,0,0,60.0,23,62.5,60.0,unavailable,unavailable,unavailable
2026-09-08T04:49:01,off,0,0,35,1040,19.6,99,-13,Healthy,On,unknown,off,unknown,90.0,0,0,0,0,60.0,23,62.5,60.0,unavailable,unavailable,unavailable
2026-09-08T04:49:17,off,0,0,35,1042,19.6,99,-20,Healthy,On,unknown,off,unknown,90.0,0,0,0,0,60.0,23,62.5,60.0,unavailable,unavailable,unavailable
2026-09-08T04:49:32,off,0,0,35,1042,19.6,99,-3,Healthy,On,unknown,off,unknown,90.0,0,0,0,0,60.0,23,62.5,60.0,unavailable,unavailable,unavailable
2026-09-08T04:49:47,off,0,0,35,1040,19.6,99,-2,Healthy,On,unknown,off,unknown,90.0,0,0,0,0,60.0,23,62.5,60.0,unavailable,unavailable,unavailable
2026-09-08T04:50:02,off,0,0,35,1042,19.6,99,7,Healthy,On,unknown,off,unknown,90.0,0,0,0,0,60.0,23,62.5,60.0,unavailable,unavailable,unavailable
2026-09-08T04:50:18,off,0,0,35,1040,19.6,99,-3,Healthy,On,unknown,off,unknown,90.0,0,0,0,0,60.0,23,62.5,60.0,unavailable,unavailable,unavailable
2026-09-08T04:50:33,off,0,0,35,1042,19.6,99,4,Healthy,On,unknown,off,unknown,90.0,0,0,0,0,60.0,23,62.5,60.0,unavailable,unavailable,unavailable
2026-09-08T04:50:45,off,0,0,35,1048,19.7,99,7,Healthy,On,unknown,off,unknown,90.0,0,0,0,0,60.0,23,62.5,60.0,unavailable,unavailable,unavailable
2026-09-08T04:51:00,off,0,0,35,1040,19.6,99,2,Healthy,On,unknown,off,unknown,90.0,0,0,0,0,60.0,23,62.5,60.0,unavailable,unavailable,unavailable
2026-09-08T04:51:16,off,0,0,35,1042,19.6,99,0,Healthy,On,unknown,off,unknown,90.0,0,0,0,0,60.0,23,62.5,60.0,unavailable,unavailable,unavailable
2026-09-08T04:51:31,off,0,0,35,1040,19.6,99,0,Healthy,On,unknown,off,unknown,90.0,0,0,0,0,60.0,23,62.5,60.0,unavailable,unavailable,unavailable
2026-09-08T04:51:46,off,0,0,35,1042,19.6,99,-13,Healthy,On,unknown,off,unknown,90.0,0,0,0,0,60.0,23,62.5,60.0,unavailable,unavailable,unavailable
2026-09-08T04:52:01,off,0,0,35,1046,19.7,99,10,Healthy,On,unknown,off,unknown,90.0,0,0,0,0,60.0,23,62.5,60.0,unavailable,unavailable,unavailable
2026-09-08T04:52:16,off,0,0,35,1032,19.4,99,-5,Healthy,On,unknown,off,unknown,90.0,0,0,0,0,60.0,23,62.5,60.0,unavailable,unavailable,unavailable
2026-09-08T04:52:32,off,0,0,35,1035,19.5,99,2,Healthy,On,unknown,off,unknown,90.0,0,0,0,0,60.0,23,62.5,60.0,unavailable,unavailable,unavailable
2026-09-08T04:52:47,off,0,0,35,1040,19.6,99,10,Healthy,On,unknown,off,unknown,90.0,0,0,0,0,60.0,23,62.5,60.0,unavailable,unavailable,unavailable
2026-09-08T04:53:02,off,0,0,35,1035,19.5,99,0,Healthy,On,unknown,off,unknown,90.0,0,0,0,0,60.0,23,62.5,60.0,unavailable,unavailable,unavailable
2026-09-08T04:53:17,off,0,0,35,966,18.2,99,-1,Healthy,On,unknown,off,unknown,90.0,0,0,0,0,60.0,23,62.5,60.0,unavailable,unavailable,unavailable
2026-09-08T04:53:33,off,0,0,35,771,14.5,98,-3,Healthy,On,unknown,off,unknown,90.0,0,0,0,0,60.0,23,62.5,60.0,unavailable,unavailable,unavailable
2026-09-08T04:53:45,off,0,0,35,776,14.6,98,-6,Healthy,On,unknown,off,unknown,90.0,0,0,0,0,60.0,23,62.5,60.0,unavailable,unavailable,unavailable
2026-09-08T04:54:00,off,0,0,35,771,14.5,98,0,Healthy,On,unknown,off,unknown,90.0,0,0,0,0,60.0,23,62.5,60.0,unavailable,unavailable,unavailable
2026-09-08T04:54:15,off,0,0,35,771,14.5,98,2,Healthy,On,unknown,off,unknown,90.0,0,0,0,0,60.0,23,62.5,60.0,unavailable,unavailable,unavailable
2026-09-08T04:54:31,off,0,0,35,771,14.5,98,-16,Healthy,On,unknown,off,unknown,90.0,0,0,0,0,60.0,23,62.5,60.0,unavailable,unavailable,unavailable
2026-09-08T04:54:46,off,0,0,35,782,14.7,98,18,Healthy,On,unknown,off,unknown,90.0,0,0,0,0,60.0,23,62.5,60.0,unavailable,unavailable,unavailable
2026-09-08T04:55:01,off,0,0,35,771,14.5,98,-7,Healthy,On,unknown,off,unknown,90.0,0,0,0,0,60.0,23,62.5,60.0,unavailable,unavailable,unavailable
2026-09-08T04:55:16,off,0,0,35,766,14.4,98,-13,Healthy,On,unknown,off,unknown,90.0,0,0,0,0,60.0,23,62.5,60.0,unavailable,unavailable,unavailable
2026-09-08T04:55:32,off,0,0,35,776,14.6,98,3,Healthy,On,unknown,off,unknown,90.0,0,0,0,0,60.0,23,62.5,60.0,unavailable,unavailable,unavailable
2026-09-08T04:55:47,off,0,0,35,776,14.6,98,9,Healthy,On,unknown,off,unknown,90.0,0,0,0,0,60.0,23,62.5,60.0,unavailable,unavailable,unavailable
2026-09-08T04:56:02,off,0,0,35,771,14.5,98,-4,Healthy,On,unknown,off,unknown,90.0,0,0,0,0,60.0,23,62.5,60.0,unavailable,unavailable,unavailable
2026-09-08T04:56:17,off,0,0,35,776,14.6,98,4,Healthy,On,unknown,off,unknown,90.0,0,0,0,0,60.0,23,62.5,60.0,unavailable,unavailable,unavailable
2026-09-08T04:56:33,off,0,0,35,771,14.5,98,5,Healthy,On,unknown,off,unknown,90.0,0,0,0,0,60.0,23,62.5,60.0,unavailable,unavailable,unavailable
2026-09-08T04:56:48,off,0,0,35,771,14.5,98,1,Healthy,On,unknown,off,unknown,90.0,0,0,0,0,60.0,23,62.5,60.0,unavailable,unavailable,unavailable
2026-09-08T04:57:00,off,0,0,35,766,14.4,98,4,Healthy,On,unknown,off,unknown,90.0,0,0,0,0,60.0,23,62.5,60.0,unavailable,unavailable,unavailable
2026-09-08T04:57:15,off,0,0,35,771,14.5,98,-3,Healthy,On,unknown,off,unknown,90.0,0,0,0,0,60.0,23,62.5,60.0,unavailable,unavailable,unavailable
2026-09-08T04:57:30,off,0,0,35,782,14.7,98,-3,Healthy,On,unknown,off,unknown,90.0,0,0,0,0,60.0,23,62.5,60.0,unavailable,unavailable,unavailable
2026-09-08T04:57:46,off,0,0,35,771,14.5,98,0,Healthy,On,unknown,off,unknown,90.0,0,0,0,0,60.0,23,62.5,60.0,unavailable,unavailable,unavailable
2026-09-08T04:58:01,off,0,0,35,771,14.5,98,-4,Healthy,On,unknown,off,unknown,90.0,0,0,0,0,60.0,23,62.5,60.0,unavailable,unavailable,unavailable
2026-09-08T04:58:16,off,0,0,35,776,14.6,98,-1,Healthy,On,unknown,off,unknown,90.0,0,0,0,0,60.0,23,62.5,60.0,unavailable,unavailable,unavailable
2026-09-08T04:58:31,off,0,0,35,766,14.4,98,-5,Healthy,On,unknown,off,unknown,90.0,0,0,0,0,60.0,23,62.5,60.0,unavailable,unavailable,unavailable
2026-09-08T04:58:47,off,0,0,35,771,14.5,98,1,Healthy,On,unknown,off,unknown,90.0,0,0,0,0,60.0,23,62.5,60.0,unavailable,unavailable,unavailable
2026-09-08T04:59:02,off,0,0,35,771,14.5,98,0,Healthy,On,unknown,off,unknown,90.0,0,0,0,0,60.0,23,62.5,60.0,unavailable,unavailable,unavailable
2026-09-08T04:59:17,off,0,0,35,1141,21.5,98,283,Healthy,On,unknown,off,unknown,90.0,0,0,0,0,60.0,23,62.5,60.0,unavailable,unavailable,unavailable
2026-09-08T04:59:32,off,0,0,35,856,16.1,98,12,Healthy,On,unknown,off,unknown,90.0,0,0,0,0,60.0,23,62.5,60.0,unavailable,unavailable,unavailable
2026-09-08T04:59:48,off,0,0,35,851,16.0,98,4,Healthy,On,unknown,off,unknown,90.0,0,0,0,0,60.0,23,62.5,60.0,unavailable,unavailable,unavailable
2026-09-08T05:00:00,off,0,0,35,845,15.9,98,-5,Healthy,On,unknown,off,unknown,90.0,0,0,0,0,60.0,23,62.5,60.0,unavailable,unavailable,unavailable
2026-09-08T05:00:15,off,0,0,35,845,15.9,98,0,Healthy,On,unknown,off,unknown,90.0,0,0,0,0,60.0,23,62.5,60.0,unavailable,unavailable,unavailable
2026-09-08T05:00:30,off,0,0,35,893,16.8,98,-12,Healthy,On,unknown,off,unknown,90.0,0,0,0,0,60.0,23,62.5,60.0,unavailable,unavailable,unavailable
2026-09-08T05:00:46,off,0,0,35,856,16.1,98,6,Healthy,On,unknown,off,unknown,90.0,0,0,0,0,60.0,23,62.5,60.0,unavailable,unavailable,unavailable
2026-09-08T05:01:01,off,0,0,35,851,16.0,98,0,Healthy,On,unknown,off,unknown,90.0,0,0,0,0,60.0,23,62.5,60.0,unavailable,unavailable,unavailable
2026-09-08T05:01:16,off,0,0,35,845,15.9,98,0,Healthy,On,unknown,off,unknown,90.0,0,0,0,0,60.0,23,62.5,60.0,unavailable,unavailable,unavailable
2026-09-08T05:01:31,off,0,0,35,861,16.2,98,1,Healthy,On,unknown,off,unknown,90.0,0,0,0,0,60.0,23,62.5,60.0,unavailable,unavailable,unavailable
2026-09-08T05:01:46,off,0,0,35,845,15.9,98,3,Healthy,On,unknown,off,unknown,90.0,0,0,0,0,60.0,23,62.5,60.0,unavailable,unavailable,unavailable
2026-09-08T05:02:02,off,0,0,35,851,16.0,98,-2,Healthy,On,unknown,off,unknown,90.0,0,0,0,0,60.0,23,62.5,60.0,unavailable,unavailable,unavailable
2026-09-08T05:02:17,off,0,0,35,851,16.0,98,0,Healthy,On,unknown,off,unknown,90.0,0,0,0,0,60.0,23,62.5,60.0,unavailable,unavailable,unavailable
2026-09-08T05:02:32,off,0,0,35,851,16.0,98,6,Healthy,On,unknown,off,unknown,90.0,0,0,0,0,60.0,23,62.5,60.0,unavailable,unavailable,unavailable
2026-09-08T05:02:47,off,0,0,35,845,15.9,98,0,Healthy,On,unknown,off,unknown,90.0,0,0,0,0,60.0,23,62.5,60.0,unavailable,unavailable,unavailable
2026-09-08T05:03:03,off,0,0,35,845,15.9,98,-2,Healthy,On,unknown,off,unknown,90.0,0,0,0,0,60.0,23,62.5,60.0,unavailable,unavailable,unavailable
2026-09-08T05:03:15,off,0,0,35,851,16.0,98,5,Healthy,On,unknown,off,unknown,90.0,0,0,0,0,60.0,23,62.5,60.0,unavailable,unavailable,unavailable
2026-09-08T05:03:30,off,0,0,35,867,16.3,98,8,Healthy,On,unknown,off,unknown,90.0,0,0,0,0,60.0,23,62.5,60.0,unavailable,unavailable,unavailable
2026-09-08T05:03:45,off,0,0,35,877,16.5,98,5,Healthy,On,unknown,off,unknown,90.0,0,0,0,0,60.0,23,62.5,60.0,unavailable,unavailable,unavailable
2026-09-08T05:04:01,off,0,0,35,877,16.5,98,0,Healthy,On,unknown,off,unknown,90.0,0,0,0,0,60.0,23,62.5,60.0,unavailable,unavailable,unavailable
2026-09-08T05:04:16,off,0,0,35,899,16.9,98,2,Healthy,On,unknown,off,unknown,90.0,0,0,0,0,60.0,23,62.5,60.0,unavailable,unavailable,unavailable
2026-09-08T05:04:31,off,0,0,35,904,17.0,98,5,Healthy,On,unknown,off,unknown,90.0,0,0,0,0,60.0,23,62.5,60.0,unavailable,unavailable,unavailable
2026-09-08T05:04:46,off,0,0,35,835,15.7,98,-8,Healthy,On,unknown,off,unknown,90.0,0,0,0,0,60.0,23,62.5,60.0,unavailable,unavailable,unavailable
2026-09-08T05:05:02,off,0,0,35,840,15.8,98,-16,Healthy,On,unknown,off,unknown,90.0,0,0,0,0,60.0,23,62.5,60.0,unavailable,unavailable,unavailable
2026-09-08T05:05:17,off,0,0,35,845,15.9,98,-8,Healthy,On,unknown,off,unknown,90.0,0,0,0,0,60.0,23,62.5,60.0,unavailable,unavailable,unavailable
2026-09-08T05:05:32,off,0,0,35,856,16.1,98,11,Healthy,On,unknown,off,unknown,90.0,0,0,0,0,60.0,23,62.5,60.0,unavailable,unavailable,unavailable
2026-09-08T05:05:47,off,0,0,35,845,15.9,98,-2,Healthy,On,unknown,off,unknown,90.0,0,0,0,0,60.0,23,62.5,60.0,unavailable,unavailable,unavailable
2026-09-08T05:06:03,off,0,0,35,861,16.2,98,13,Healthy,On,unknown,off,unknown,90.0,0,0,0,0,60.0,23,62.5,60.0,unavailable,unavailable,unavailable
2026-09-08T05:06:18,off,0,0,35,872,16.4,98,8,Healthy,On,unknown,off,unknown,90.0,0,0,0,0,60.0,23,62.5,60.0,unavailable,unavailable,unavailable
2026-09-08T05:06:30,off,0,0,35,861,16.2,98,-3,Healthy,On,unknown,off,unknown,90.0,0,0,0,0,60.0,23,62.5,60.0,unavailable,unavailable,unavailable
2026-09-08T05:06:45,off,0,0,35,845,15.9,98,4,Healthy,On,unknown,off,unknown,90.0,0,0,0,0,60.0,23,62.5,60.0,unavailable,unavailable,unavailable
2026-09-08T05:07:01,off,0,0,35,867,16.3,98,17,Healthy,On,unknown,off,unknown,90.0,0,0,0,0,60.0,23,62.5,60.0,unavailable,unavailable,unavailable
2026-09-08T05:07:16,off,0,0,35,867,16.3,98,0,Healthy,On,unknown,off,unknown,90.0,0,0,0,0,60.0,23,62.5,60.0,unavailable,unavailable,unavailable
2026-09-08T05:07:46,off,0,0,35,867,16.3,98,11,Healthy,On,unknown,off,unknown,90.0,0,0,0,0,60.0,23,62.5,60.0,unavailable,unavailable,unavailable
2026-09-08T05:08:02,off,0,0,35,861,16.2,98,4,Healthy,On,unknown,off,unknown,90.0,0,0,0,0,60.0,23,62.5,60.0,unavailable,unavailable,unavailable
2026-09-08T05:08:17,off,0,0,35,861,16.2,98,-3,Healthy,On,unknown,off,unknown,90.0,0,0,0,0,60.0,23,62.5,60.0,unavailable,unavailable,unavailable
2026-09-08T05:08:32,off,0,0,35,872,16.4,98,21,Healthy,On,unknown,off,unknown,90.0,0,0,0,0,60.0,23,62.5,60.0,unavailable,unavailable,unavailable
2026-09-08T05:08:47,off,0,0,35,856,16.1,98,3,Healthy,On,unknown,off,unknown,90.0,0,0,0,0,60.0,23,62.5,60.0,unavailable,unavailable,unavailable
2026-09-08T05:09:02,off,0,0,35,861,16.2,98,11,Healthy,On,unknown,off,unknown,90.0,0,0,0,0,60.0,23,62.5,60.0,unavailable,unavailable,unavailable
2026-09-08T05:09:18,off,0,0,35,867,16.3,98,4,Healthy,On,unknown,off,unknown,90.0,0,0,0,0,60.0,23,62.5,60.0,unavailable,unavailable,unavailable
2026-09-08T05:09:30,off,0,0,35,856,16.1,98,7,Healthy,On,unknown,off,unknown,90.0,0,0,0,0,60.0,23,62.5,60.0,unavailable,unavailable,unavailable
2026-09-08T05:09:45,off,0,0,35,845,15.9,98,-2,Healthy,On,unknown,off,unknown,90.0,0,0,0,0,60.0,23,62.5,60.0,unavailable,unavailable,unavailable
2026-09-08T05:10:00,off,0,0,35,851,16.0,98,-8,Healthy,On,unknown,off,unknown,90.0,0,0,0,0,60.0,23,62.5,60.0,unavailable,unavailable,unavailable
2026-09-08T05:10:16,off,0,0,35,845,15.9,98,-1,Healthy,On,unknown,off,unknown,90.0,0,0,0,0,60.0,23,62.5,60.0,unavailable,unavailable,unavailable
2026-09-08T05:10:31,off,0,0,35,851,16.0,98,9,Healthy,On,unknown,off,unknown,90.0,0,0,0,0,60.0,23,62.5,60.0,unavailable,unavailable,unavailable
2026-09-08T05:10:46,off,0,0,35,923,17.4,98,-3,Healthy,On,unknown,off,unknown,90.0,0,0,0,0,60.0,23,62.5,60.0,unavailable,unavailable,unavailable
2026-09-08T05:11:01,off,0,0,35,920,17.3,98,-15,Healthy,On,unknown,off,unknown,90.0,0,0,0,0,60.0,23,62.5,60.0,unavailable,unavailable,unavailable
2026-09-08T05:11:17,off,0,0,35,925,17.4,98,4,Healthy,On,unknown,off,unknown,90.0,0,0,0,0,60.0,23,62.5,60.0,unavailable,unavailable,unavailable
2026-09-08T05:11:32,off,0,0,35,918,17.3,98,7,Healthy,On,unknown,off,unknown,90.0,0,0,0,0,60.0,23,62.5,60.0,unavailable,unavailable,unavailable
2026-09-08T05:11:47,off,0,0,35,909,17.1,98,-5,Healthy,On,unknown,off,unknown,90.0,0,0,0,0,60.0,23,62.5,60.0,unavailable,unavailable,unavailable
2026-09-08T05:12:02,off,0,0,35,915,17.2,98,-15,Healthy,On,unknown,off,unknown,90.0,0,0,0,0,60.0,23,62.5,60.0,unavailable,unavailable,unavailable
2026-09-08T05:12:18,off,0,0,35,915,17.2,98,-14,Healthy,On,unknown,off,unknown,90.0,0,0,0,0,60.0,23,62.5,60.0,unavailable,unavailable,unavailable
2026-09-08T05:12:33,off,0,0,35,909,17.1,98,-2,Healthy,On,unknown,off,unknown,90.0,0,0,0,0,60.0,23,62.5,60.0,unavailable,unavailable,unavailable
2026-09-08T05:12:45,off,0,0,35,904,17.0,98,0,Healthy,On,unknown,off,unknown,90.0,0,0,0,0,60.0,23,62.5,60.0,unavailable,unavailable,unavailable
2026-09-08T05:13:00,off,0,0,35,904,17.0,98,-8,Healthy,On,unknown,off,unknown,90.0,0,0,0,0,60.0,23,62.5,60.0,unavailable,unavailable,unavailable
2026-09-08T05:13:16,off,0,0,35,904,17.0,98,6,Healthy,On,unknown,off,unknown,90.0,0,0,0,0,60.0,23,62.5,60.0,unavailable,unavailable,unavailable
2026-09-08T05:13:46,off,0,0,35,904,17.0,98,-10,Healthy,On,unknown,off,unknown,90.0,0,0,0,0,60.0,23,62.5,60.0,unavailable,unavailable,unavailable
2026-09-08T05:14:01,off,0,0,35,908,17.1,98,-5,Healthy,On,unknown,off,unknown,90.0,0,0,0,0,60.0,23,62.5,60.0,unavailable,unavailable,unavailable
2026-09-08T05:14:17,off,0,0,35,913,17.2,98,16,Healthy,On,unknown,off,unknown,90.0,0,0,0,0,60.0,23,62.5,60.0,unavailable,unavailable,unavailable
2026-09-08T05:14:32,off,0,0,35,950,17.9,98,-188,Healthy,On,unknown,off,unknown,90.0,0,0,0,0,60.0,23,62.5,60.0,unavailable,unavailable,unavailable
2026-09-08T05:14:47,off,0,0,35,1125,21.2,98,-3,Healthy,On,unknown,off,unknown,90.0,0,0,0,0,60.0,23,62.5,60.0,unavailable,unavailable,unavailable
2026-09-08T05:15:02,off,0,0,35,1120,21.1,98,-3,Healthy,On,unknown,off,unknown,90.0,0,0,0,0,60.0,23,62.5,60.0,unavailable,unavailable,unavailable
2026-09-08T05:15:18,off,0,0,35,1125,21.2,98,12,Healthy,On,unknown,off,unknown,90.0,0,0,0,0,60.0,23,62.5,60.0,unavailable,unavailable,unavailable
2026-09-08T05:15:33,off,0,0,35,1115,21.0,97,-5,Healthy,On,unknown,off,unknown,90.0,0,0,0,0,60.0,23,62.5,60.0,unavailable,unavailable,unavailable
2026-09-08T05:15:45,off,0,0,35,1115,21.0,97,-8,Healthy,On,unknown,off,unknown,90.0,0,0,0,0,60.0,23,62.5,60.0,unavailable,unavailable,unavailable
2026-09-08T05:16:00,off,0,0,35,1062,20.0,97,9,Healthy,On,unknown,off,unknown,90.0,0,0,0,0,60.0,23,62.5,60.0,unavailable,unavailable,unavailable
2026-09-08T05:16:15,off,0,0,35,1051,19.8,97,12,Healthy,On,unknown,off,unknown,90.0,0,0,0,0,60.0,23,62.5,60.0,unavailable,unavailable,unavailable
2026-09-08T05:16:31,off,0,0,35,1035,19.5,97,-5,Healthy,On,unknown,off,unknown,90.0,0,0,0,0,60.0,23,62.5,60.0,unavailable,unavailable,unavailable
2026-09-08T05:16:46,off,0,0,35,1051,19.8,97,-16,Healthy,On,unknown,off,unknown,90.0,0,0,0,0,60.0,23,62.5,60.0,unavailable,unavailable,unavailable
2026-09-08T05:17:01,off,0,0,35,1051,19.8,97,-3,Healthy,On,unknown,off,unknown,90.0,0,0,0,0,60.0,23,62.5,60.0,unavailable,unavailable,unavailable
2026-09-08T05:17:16,off,0,0,35,1046,19.7,97,8,Healthy,On,unknown,off,unknown,90.0,0,0,0,0,60.0,23,62.5,60.0,unavailable,unavailable,unavailable
2026-09-08T05:17:32,off,0,0,35,1040,19.6,97,-6,Healthy,On,unknown,off,unknown,90.0,0,0,0,0,60.0,23,62.5,60.0,unavailable,unavailable,unavailable
2026-09-08T05:17:47,off,0,0,35,1051,19.8,97,1,Healthy,On,unknown,off,unknown,90.0,0,0,0,0,60.0,23,62.5,60.0,unavailable,unavailable,unavailable
2026-09-08T05:18:02,off,0,0,35,1051,19.8,97,21,Healthy,On,unknown,off,unknown,90.0,0,0,0,0,60.0,23,62.5,60.0,unavailable,unavailable,unavailable
2026-09-08T05:18:17,off,0,0,35,1046,19.7,97,1,Healthy,On,unknown,off,unknown,90.0,0,0,0,0,60.0,23,62.5,60.0,unavailable,unavailable,unavailable
2026-09-08T05:18:33,off,0,0,35,1040,19.6,97,-10,Healthy,On,unknown,off,unknown,90.0,0,0,0,0,60.0,23,62.5,60.0,unavailable,unavailable,unavailable
2026-09-08T05:18:48,off,0,0,35,1046,19.7,97,0,Healthy,On,unknown,off,unknown,90.0,0,0,0,0,60.0,23,62.5,60.0,unavailable,unavailable,unavailable
2026-09-08T05:19:00,off,0,0,35,1056,19.9,97,19,Healthy,On,unknown,off,unknown,90.0,0,0,0,0,60.0,23,62.5,60.0,unavailable,unavailable,unavailable
2026-09-08T05:19:15,off,0,0,35,1046,19.7,97,-2,Healthy,On,unknown,off,unknown,90.0,0,0,0,0,60.0,23,62.5,60.0,unavailable,unavailable,unavailable
2026-09-08T05:19:31,off,0,0,35,1040,19.6,97,6,Healthy,On,unknown,off,unknown,90.0,0,0,0,0,60.0,23,62.5,60.0,unavailable,unavailable,unavailable
2026-09-08T05:19:46,off,0,0,35,1040,19.6,97,-11,Healthy,On,unknown,off,unknown,90.0,0,0,0,0,60.0,23,62.5,60.0,unavailable,unavailable,unavailable
2026-09-08T05:20:01,off,0,0,35,1051,19.8,97,13,Healthy,On,unknown,off,unknown,90.0,0,0,0,0,60.0,23,62.5,60.0,unavailable,unavailable,unavailable
2026-09-08T05:20:16,off,0,0,35,1046,19.7,97,0,Healthy,On,unknown,off,unknown,90.0,0,0,0,0,60.0,23,62.5,60.0,unavailable,unavailable,unavailable
2026-09-08T05:20:31,off,0,0,35,1051,19.8,97,0,Healthy,On,unknown,off,unknown,90.0,0,0,0,0,60.0,23,62.5,60.0,unavailable,unavailable,unavailable
2026-09-08T05:20:47,off,0,0,35,1056,19.9,97,12,Healthy,On,unknown,off,unknown,90.0,0,0,0,0,60.0,23,62.5,60.0,unavailable,unavailable,unavailable
2026-09-08T05:21:02,off,0,0,35,1046,19.7,97,13,Healthy,On,unknown,off,unknown,90.0,0,0,0,0,60.0,23,62.5,60.0,unavailable,unavailable,unavailable
2026-09-08T05:21:17,off,0,0,35,1046,19.7,97,-14,Healthy,On,unknown,off,unknown,90.0,0,0,0,0,60.0,23,62.5,60.0,unavailable,unavailable,unavailable
2026-09-08T05:21:32,off,0,0,35,1051,19.8,97,12,Healthy,On,unknown,off,unknown,90.0,0,0,0,0,60.0,23,62.5,60.0,unavailable,unavailable,unavailable
2026-09-08T05:21:48,off,0,0,35,1040,19.6,97,-6,Healthy,On,unknown,off,unknown,90.0,0,0,0,0,60.0,23,62.5,60.0,unavailable,unavailable,unavailable
2026-09-08T05:22:00,off,0,0,35,1120,21.1,97,-20,Healthy,On,unknown,off,unknown,90.0,0,0,0,0,60.0,23,62.5,60.0,unavailable,unavailable,unavailable
2026-09-08T05:22:15,off,0,0,35,971,18.3,97,-7,Healthy,On,unknown,off,unknown,90.0,0,0,0,0,60.0,23,62.5,60.0,unavailable,unavailable,unavailable
2026-09-08T05:22:30,off,0,0,35,966,18.2,97,9,Healthy,On,unknown,off,unknown,90.0,0,0,0,0,60.0,23,62.5,60.0,unavailable,unavailable,unavailable
2026-09-08T05:22:46,off,0,0,35,955,18.0,97,-5,Healthy,On,unknown,off,unknown,90.0,0,0,0,0,60.0,23,62.5,60.0,unavailable,unavailable,unavailable
2026-09-08T05:23:01,off,0,0,35,755,14.2,97,4,Healthy,On,unknown,off,unknown,90.0,0,0,0,0,60.0,23,62.5,60.0,unavailable,unavailable,unavailable
2026-09-08T05:23:16,off,0,0,35,755,14.2,97,0,Healthy,On,unknown,off,unknown,90.0,0,0,0,0,60.0,23,62.5,60.0,unavailable,unavailable,unavailable
2026-09-08T05:23:31,off,0,0,35,755,14.2,97,-2,Healthy,On,unknown,off,unknown,90.0,0,0,0,0,60.0,23,62.5,60.0,unavailable,unavailable,unavailable
2026-09-08T05:23:47,off,0,0,35,750,14.1,97,-3,Healthy,On,unknown,off,unknown,90.0,0,0,0,0,60.0,23,62.5,60.0,unavailable,unavailable,unavailable
2026-09-08T05:24:02,off,0,0,35,760,14.3,97,-3,Healthy,On,unknown,off,unknown,90.0,0,0,0,0,60.0,23,62.5,60.0,unavailable,unavailable,unavailable
2026-09-08T05:24:17,off,0,0,35,776,14.6,97,8,Healthy,On,unknown,off,unknown,90.0,0,0,0,0,60.0,23,62.5,60.0,unavailable,unavailable,unavailable
2026-09-08T05:24:32,off,0,0,35,755,14.2,97,6,Healthy,On,unknown,off,unknown,90.0,0,0,0,0,60.0,23,62.5,60.0,unavailable,unavailable,unavailable
2026-09-08T05:24:48,off,0,0,35,760,14.3,97,3,Healthy,On,unknown,off,unknown,90.0,0,0,0,0,60.0,23,62.5,60.0,unavailable,unavailable,unavailable
2026-09-08T05:25:00,off,0,0,35,750,14.1,97,0,Healthy,On,unknown,off,unknown,90.0,0,0,0,0,60.0,23,62.5,60.0,unavailable,unavailable,unavailable
2026-09-08T05:25:15,off,0,0,35,744,14.0,97,6,Healthy,On,unknown,off,unknown,90.0,0,0,0,0,60.0,23,62.5,60.0,unavailable,unavailable,unavailable
2026-09-08T05:25:30,off,0,0,35,750,14.1,97,4,Healthy,On,unknown,off,unknown,90.0,0,0,0,0,60.0,23,62.5,60.0,unavailable,unavailable,unavailable
2026-09-08T05:25:46,off,0,0,35,744,14.0,97,-4,Healthy,On,unknown,off,unknown,90.0,0,0,0,0,60.0,23,62.5,60.0,unavailable,unavailable,unavailable
2026-09-08T05:26:01,off,0,0,35,744,14.0,97,0,Healthy,On,unknown,off,unknown,90.0,0,0,0,0,60.0,23,62.5,60.0,unavailable,unavailable,unavailable
2026-09-08T05:26:16,off,0,0,35,750,14.1,97,8,Healthy,On,unknown,off,unknown,90.0,0,0,0,0,60.0,23,62.5,60.0,unavailable,unavailable,unavailable
2026-09-08T05:26:31,off,0,0,35,744,14.0,97,2,Healthy,On,unknown,off,unknown,90.0,0,0,0,0,60.0,23,62.5,60.0,unavailable,unavailable,unavailable
2026-09-08T05:26:47,off,0,0,35,750,14.1,97,-2,Healthy,On,unknown,off,unknown,90.0,0,0,0,0,60.0,23,62.5,60.0,unavailable,unavailable,unavailable
2026-09-08T05:27:02,off,0,0,35,680,12.8,97,-4,Healthy,On,unknown,off,unknown,90.0,0,0,0,0,60.0,23,62.5,60.0,unavailable,unavailable,unavailable
2026-09-08T05:27:17,off,0,0,35,680,12.8,97,5,Healthy,On,unknown,off,unknown,90.0,0,0,0,0,60.0,23,62.5,60.0,unavailable,unavailable,unavailable
2026-09-08T05:27:32,off,0,0,35,696,13.1,97,3,Healthy,On,unknown,off,unknown,90.0,0,0,0,0,60.0,23,62.5,60.0,unavailable,unavailable,unavailable
2026-09-08T05:27:48,off,0,0,35,691,13.0,97,1,Healthy,On,unknown,off,unknown,90.0,0,0,0,0,60.0,23,62.5,60.0,unavailable,unavailable,unavailable
2026-09-08T05:28:03,off,0,0,35,680,12.8,97,-2,Healthy,On,unknown,off,unknown,90.0,0,0,0,0,60.0,23,62.5,60.0,unavailable,unavailable,unavailable
2026-09-08T05:28:15,off,0,0,35,686,12.9,97,9,Healthy,On,unknown,off,unknown,90.0,0,0,0,0,60.0,23,62.5,60.0,unavailable,unavailable,unavailable
2026-09-08T05:28:30,off,0,0,35,680,12.8,97,-2,Healthy,On,unknown,off,unknown,90.0,0,0,0,0,60.0,23,62.5,60.0,unavailable,unavailable,unavailable
2026-09-08T05:28:46,off,0,0,35,675,12.7,97,-11,Healthy,On,unknown,off,unknown,90.0,0,0,0,0,60.0,23,62.5,60.0,unavailable,unavailable,unavailable
2026-09-08T05:29:01,off,0,0,35,691,13.0,97,10,Healthy,On,unknown,off,unknown,90.0,0,0,0,0,60.0,23,62.5,60.0,unavailable,unavailable,unavailable
2026-09-08T05:29:16,off,0,0,35,680,12.8,97,5,Healthy,On,unknown,off,unknown,90.0,0,0,0,0,60.0,23,62.5,60.0,unavailable,unavailable,unavailable
2026-09-08T05:29:31,off,0,0,35,680,12.8,97,-7,Healthy,On,unknown,off,unknown,90.0,0,0,0,0,60.0,23,62.5,60.0,unavailable,unavailable,unavailable
2026-09-08T05:29:46,off,0,0,35,675,12.7,97,-17,Healthy,On,unknown,off,unknown,90.0,0,0,0,0,60.0,23,62.5,60.0,unavailable,unavailable,unavailable
2026-09-08T05:30:02,off,0,0,35,675,12.7,97,-8,Healthy,On,unknown,off,unknown,90.0,0,0,0,0,60.0,23,62.5,60.0,unavailable,unavailable,unavailable
2026-09-08T05:30:17,off,0,0,35,680,12.8,97,2,Healthy,On,unknown,off,unknown,90.0,0,0,0,0,60.0,23,62.5,60.0,unavailable,unavailable,unavailable
2026-09-08T05:30:32,off,0,0,35,696,13.1,97,-14,Healthy,On,unknown,off,unknown,90.0,0,0,0,0,60.0,23,62.5,60.0,unavailable,unavailable,unavailable
2026-09-08T05:30:47,off,0,0,35,680,12.8,97,-7,Healthy,On,unknown,off,unknown,90.0,0,0,0,0,60.0,23,62.5,60.0,unavailable,unavailable,unavailable
2026-09-08T05:31:03,off,0,0,35,691,13.0,97,3,Healthy,On,unknown,off,unknown,90.0,0,0,0,0,60.0,23,62.5,60.0,unavailable,unavailable,unavailable
2026-09-08T05:31:18,off,0,0,35,680,12.8,97,3,Healthy,On,unknown,off,unknown,90.0,0,0,0,0,60.0,23,62.5,60.0,unavailable,unavailable,unavailable
2026-09-08T05:31:30,off,0,0,35,691,13.0,97,-2,Healthy,On,unknown,off,unknown,90.0,0,0,0,0,60.0,23,62.5,60.0,unavailable,unavailable,unavailable
2026-09-08T05:31:45,off,0,0,35,686,12.9,97,2,Healthy,On,unknown,off,unknown,90.0,0,0,0,0,60.0,23,62.5,60.0,unavailable,unavailable,unavailable
2026-09-08T05:32:01,off,0,0,35,686,12.9,97,1,Healthy,On,unknown,off,unknown,90.0,0,0,0,0,60.0,23,62.5,60.0,unavailable,unavailable,unavailable
2026-09-08T05:32:16,off,0,0,35,680,12.8,97,1,Healthy,On,unknown,off,unknown,90.0,0,0,0,0,60.0,23,62.5,60.0,unavailable,unavailable,unavailable
2026-09-08T05:32:31,off,0,0,35,686,12.9,97,-9,Healthy,On,unknown,off,unknown,90.0,0,0,0,0,60.0,23,62.5,60.0,unavailable,unavailable,unavailable
2026-09-08T05:32:46,off,0,0,35,680,12.8,97,-9,Healthy,On,unknown,off,unknown,90.0,0,0,0,0,60.0,23,62.5,60.0,unavailable,unavailable,unavailable
2026-09-08T05:33:02,off,0,0,35,792,14.9,97,15,Healthy,On,unknown,off,unknown,90.0,0,0,0,0,60.0,23,62.5,60.0,unavailable,unavailable,unavailable
2026-09-08T05:33:17,off,0,0,35,766,14.4,97,2,Healthy,On,unknown,off,unknown,90.0,0,0,0,0,60.0,23,62.5,60.0,unavailable,unavailable,unavailable
2026-09-08T05:33:32,off,0,0,35,771,14.5,97,-4,Healthy,On,unknown,off,unknown,90.0,0,0,0,0,60.0,23,62.5,60.0,unavailable,unavailable,unavailable
2026-09-08T05:33:47,off,0,0,35,760,14.3,97,-7,Healthy,On,unknown,off,unknown,90.0,0,0,0,0,60.0,23,62.5,60.0,unavailable,unavailable,unavailable
2026-09-08T05:34:03,off,0,0,35,766,14.4,97,7,Healthy,On,unknown,off,unknown,90.0,0,0,0,0,60.0,23,62.5,60.0,unavailable,unavailable,unavailable
2026-09-08T05:34:30,off,0,0,35,755,14.2,97,1,Healthy,On,unknown,off,unknown,90.0,0,0,0,0,60.0,23,62.5,60.0,unavailable,unavailable,unavailable
2026-09-08T05:34:45,off,0,0,35,760,14.3,97,4,Healthy,On,unknown,off,unknown,90.0,0,0,0,0,60.0,23,62.5,60.0,unavailable,unavailable,unavailable
2026-09-08T05:35:00,off,0,0,35,760,14.3,97,7,Healthy,On,unknown,off,unknown,90.0,0,0,0,0,60.0,23,62.5,60.0,unavailable,unavailable,unavailable
2026-09-08T05:35:16,off,0,0,35,755,14.2,97,6,Healthy,On,unknown,off,unknown,90.0,0,0,0,0,60.0,23,62.5,60.0,unavailable,unavailable,unavailable
2026-09-08T05:35:31,off,0,0,35,755,14.2,97,0,Healthy,On,unknown,off,unknown,90.0,0,0,0,0,60.0,23,62.5,60.0,unavailable,unavailable,unavailable
2026-09-08T05:35:46,off,0,0,35,744,14.0,97,-2,Healthy,On,unknown,off,unknown,90.0,0,0,0,0,60.0,23,62.5,60.0,unavailable,unavailable,unavailable
2026-09-08T05:36:01,off,0,0,35,739,13.9,97,-10,Healthy,On,unknown,off,unknown,90.0,0,0,0,0,60.0,23,62.5,60.0,unavailable,unavailable,unavailable
2026-09-08T05:36:17,off,0,0,35,750,14.1,97,1,Healthy,On,unknown,off,unknown,90.0,0,0,0,0,60.0,23,62.5,60.0,unavailable,unavailable,unavailable
2026-09-08T05:36:32,off,0,0,35,696,13.1,97,2,Healthy,On,unknown,off,unknown,90.0,0,0,0,0,60.0,23,62.5,60.0,unavailable,unavailable,unavailable
2026-09-08T05:36:47,off,0,0,35,691,13.0,96,-5,Healthy,On,unknown,off,unknown,90.0,0,0,0,0,60.0,23,62.5,60.0,unavailable,unavailable,unavailable
2026-09-08T05:37:02,off,0,0,35,691,13.0,96,8,Healthy,On,unknown,off,unknown,90.0,0,0,0,0,60.0,23,62.5,60.0,unavailable,unavailable,unavailable
2026-09-08T05:37:18,off,0,0,35,675,12.7,96,-3,Healthy,On,unknown,off,unknown,90.0,0,0,0,0,60.0,23,62.5,60.0,unavailable,unavailable,unavailable
2026-09-08T05:37:33,off,0,0,35,675,12.7,96,-5,Healthy,On,unknown,off,unknown,90.0,0,0,0,0,60.0,23,62.5,60.0,unavailable,unavailable,unavailable
2026-09-08T05:37:45,off,0,0,35,680,12.8,96,2,Healthy,On,unknown,off,unknown,90.0,0,0,0,0,60.0,23,62.5,60.0,unavailable,unavailable,unavailable
2026-09-08T05:38:00,off,0,0,35,675,12.7,96,4,Healthy,On,unknown,off,unknown,90.0,0,0,0,0,60.0,23,62.5,60.0,unavailable,unavailable,unavailable
2026-09-08T05:38:16,off,0,0,35,611,11.5,96,-8,Healthy,On,unknown,off,unknown,90.0,0,0,0,0,60.0,23,62.5,60.0,unavailable,unavailable,unavailable
2026-09-08T05:38:31,off,0,0,35,617,11.6,96,-5,Healthy,On,unknown,off,unknown,90.0,0,0,0,0,60.0,23,62.5,60.0,unavailable,unavailable,unavailable
2026-09-08T05:38:46,off,0,0,35,617,11.6,96,2,Healthy,On,unknown,off,unknown,90.0,0,0,0,0,60.0,23,62.5,60.0,unavailable,unavailable,unavailable
2026-09-08T05:39:01,off,0,0,35,617,11.6,96,6,Healthy,On,unknown,off,unknown,90.0,0,0,0,0,60.0,23,62.5,60.0,unavailable,unavailable,unavailable
2026-09-08T05:39:17,off,0,0,35,622,11.7,96,-1,Healthy,On,unknown,off,unknown,90.0,0,0,0,0,60.0,23,62.5,60.0,unavailable,unavailable,unavailable
2026-09-08T05:39:32,off,0,0,35,611,11.5,96,-7,Healthy,On,unknown,off,unknown,90.0,0,0,0,0,60.0,23,62.5,60.0,unavailable,unavailable,unavailable
2026-09-08T05:39:47,off,0,0,35,617,11.6,96,5,Healthy,On,unknown,off,unknown,90.0,0,0,0,0,60.0,23,62.5,60.0,unavailable,unavailable,unavailable
2026-09-08T05:40:02,off,0,0,35,612,11.5,96,2,Healthy,On,unknown,off,unknown,90.0,0,0,0,0,60.0,23,62.5,60.0,unavailable,unavailable,unavailable
2026-09-08T05:40:18,off,0,0,35,618,11.6,96,-1,Healthy,On,unknown,off,unknown,90.0,0,0,0,0,60.0,23,62.5,60.0,unavailable,unavailable,unavailable
2026-09-08T05:40:33,off,0,0,35,617,11.6,96,-4,Healthy,On,unknown,off,unknown,90.0,0,0,0,0,60.0,23,62.5,60.0,unavailable,unavailable,unavailable
2026-09-08T05:40:45,off,0,0,35,617,11.6,96,0,Healthy,On,unknown,off,unknown,90.0,0,0,0,0,60.0,23,62.5,60.0,unavailable,unavailable,unavailable
2026-09-08T05:41:00,off,0,0,35,622,11.7,96,2,Healthy,On,unknown,off,unknown,90.0,0,0,0,0,60.0,23,62.5,60.0,unavailable,unavailable,unavailable
2026-09-08T05:41:16,off,0,0,35,617,11.6,96,3,Healthy,On,unknown,off,unknown,90.0,0,0,0,0,60.0,23,62.5,60.0,unavailable,unavailable,unavailable
2026-09-08T05:41:31,off,0,0,35,611,11.5,96,-9,Healthy,On,unknown,off,unknown,90.0,0,0,0,0,60.0,23,62.5,60.0,unavailable,unavailable,unavailable
2026-09-08T05:41:46,off,0,0,35,611,11.5,96,6,Healthy,On,unknown,off,unknown,90.0,0,0,0,0,60.0,23,62.5,60.0,unavailable,unavailable,unavailable
2026-09-08T05:42:16,off,0,0,35,622,11.7,96,-4,Healthy,On,unknown,off,unknown,90.0,0,0,0,0,60.0,23,62.5,60.0,unavailable,unavailable,unavailable
2026-09-08T05:42:32,off,0,0,35,639,12.0,96,-3,Healthy,On,unknown,off,unknown,90.0,0,0,0,0,60.0,23,62.5,60.0,unavailable,unavailable,unavailable
2026-09-08T05:42:47,off,0,0,35,638,12.0,96,2,Healthy,On,unknown,off,unknown,90.0,0,0,0,0,60.0,23,62.5,60.0,unavailable,unavailable,unavailable
2026-09-08T05:43:02,off,0,0,35,643,12.1,96,9,Healthy,On,unknown,off,unknown,90.0,0,0,0,0,60.0,23,62.5,60.0,unavailable,unavailable,unavailable
2026-09-08T05:43:17,off,0,0,35,639,12.0,96,-1,Healthy,On,unknown,off,unknown,90.0,0,0,0,0,60.0,23,62.5,60.0,unavailable,unavailable,unavailable
2026-09-08T05:43:33,off,0,0,35,643,12.1,96,-12,Healthy,On,unknown,off,unknown,90.0,0,0,0,0,60.0,23,62.5,60.0,unavailable,unavailable,unavailable
2026-09-08T05:43:45,off,0,0,35,638,12.0,96,1,Healthy,On,unknown,off,unknown,90.0,0,0,0,0,60.0,23,62.5,60.0,unavailable,unavailable,unavailable
2026-09-08T05:44:00,off,0,0,35,634,11.9,96,1,Healthy,On,unknown,off,unknown,90.0,0,0,0,0,60.0,23,62.5,60.0,unavailable,unavailable,unavailable
2026-09-08T05:44:15,off,0,0,35,723,13.6,96,0,Healthy,On,unknown,off,unknown,90.0,0,0,0,0,60.0,23,62.5,60.0,unavailable,unavailable,unavailable
2026-09-08T05:44:31,off,0,0,35,723,13.6,96,-2,Healthy,On,unknown,off,unknown,90.0,0,0,0,0,60.0,23,62.5,60.0,unavailable,unavailable,unavailable
2026-09-08T05:44:46,off,0,0,35,718,13.5,96,6,Healthy,On,unknown,off,unknown,90.0,0,0,0,0,60.0,23,62.5,60.0,unavailable,unavailable,unavailable
2026-09-08T05:45:01,off,0,0,35,707,13.3,96,0,Healthy,On,unknown,off,unknown,90.0,0,0,0,0,60.0,23,62.5,60.0,unavailable,unavailable,unavailable
2026-09-08T05:45:16,off,0,0,35,712,13.4,96,-10,Healthy,On,unknown,off,unknown,90.0,0,0,0,0,60.0,23,62.5,60.0,unavailable,unavailable,unavailable
2026-09-08T05:45:32,off,0,0,35,702,13.2,96,-11,Healthy,On,unknown,off,unknown,90.0,0,0,0,0,60.0,23,62.5,60.0,unavailable,unavailable,unavailable
2026-09-08T05:45:47,off,0,0,35,712,13.4,96,8,Healthy,On,unknown,off,unknown,90.0,0,0,0,0,60.0,23,62.5,60.0,unavailable,unavailable,unavailable
2026-09-08T05:46:02,off,0,0,35,712,13.4,96,-3,Healthy,On,unknown,off,unknown,90.0,0,0,0,0,60.0,23,62.5,60.0,unavailable,unavailable,unavailable
2026-09-08T05:46:17,off,0,0,35,702,13.2,96,-6,Healthy,On,unknown,off,unknown,90.0,0,0,0,0,60.0,23,62.5,60.0,unavailable,unavailable,unavailable
2026-09-08T05:46:33,off,0,0,35,712,13.4,96,4,Healthy,On,unknown,off,unknown,90.0,0,0,0,0,60.0,23,62.5,60.0,unavailable,unavailable,unavailable
2026-09-08T05:46:45,off,0,0,35,696,13.1,96,4,Healthy,On,unknown,off,unknown,90.0,0,0,0,0,60.0,23,62.5,60.0,unavailable,unavailable,unavailable
2026-09-08T05:47:00,off,0,0,35,707,13.3,96,-1,Healthy,On,unknown,off,unknown,90.0,0,0,0,0,60.0,23,62.5,60.0,unavailable,unavailable,unavailable
2026-09-08T05:47:15,off,0,0,35,707,13.3,96,6,Healthy,On,unknown,off,unknown,90.0,0,0,0,0,60.0,23,62.5,60.0,unavailable,unavailable,unavailable
2026-09-08T05:47:31,off,0,0,35,707,13.3,96,-6,Healthy,On,unknown,off,unknown,90.0,0,0,0,0,60.0,23,62.5,60.0,unavailable,unavailable,unavailable
2026-09-08T05:47:46,off,0,0,35,702,13.2,96,6,Healthy,On,unknown,off,unknown,90.0,0,0,0,0,60.0,23,62.5,60.0,unavailable,unavailable,unavailable
2026-09-08T05:48:01,off,0,0,35,702,13.2,96,-9,Healthy,On,unknown,off,unknown,90.0,0,0,0,0,60.0,23,62.5,60.0,unavailable,unavailable,unavailable
2026-09-08T05:48:16,off,0,0,35,707,13.3,96,-6,Healthy,On,unknown,off,unknown,90.0,0,0,0,0,60.0,23,62.5,60.0,unavailable,unavailable,unavailable
2026-09-08T05:48:32,off,0,0,35,702,13.2,96,2,Healthy,On,unknown,off,unknown,90.0,0,0,0,0,60.0,23,62.5,60.0,unavailable,unavailable,unavailable
2026-09-08T05:48:47,off,0,0,35,702,13.2,96,4,Healthy,On,unknown,off,unknown,90.0,0,0,0,0,60.0,23,62.5,60.0,unavailable,unavailable,unavailable
2026-09-08T05:49:02,off,0,0,35,702,13.2,96,-4,Healthy,On,unknown,off,unknown,90.0,0,0,0,0,60.0,23,62.5,60.0,unavailable,unavailable,unavailable
2026-09-08T05:49:17,off,0,0,35,702,13.2,96,60,Healthy,On,unknown,off,unknown,90.0,0,0,0,0,60.0,23,62.5,60.0,unavailable,unavailable,unavailable
2026-09-08T05:49:33,off,0,0,35,643,12.1,96,4,Healthy,On,unknown,off,unknown,90.0,0,0,0,0,60.0,23,62.5,60.0,unavailable,unavailable,unavailable
2026-09-08T05:49:48,off,0,0,35,633,11.9,96,-2,Healthy,On,unknown,off,unknown,90.0,0,0,0,0,60.0,23,62.5,60.0,unavailable,unavailable,unavailable
2026-09-08T05:50:15,off,0,0,35,638,12.0,96,-2,Healthy,On,unknown,off,unknown,90.0,0,0,0,0,60.0,23,62.5,60.0,unavailable,unavailable,unavailable
2026-09-08T05:50:30,off,0,0,35,638,12.0,96,8,Healthy,On,unknown,off,unknown,90.0,0,0,0,0,60.0,23,62.5,60.0,unavailable,unavailable,unavailable
2026-09-08T05:50:46,off,0,0,35,633,11.9,96,-6,Healthy,On,unknown,off,unknown,90.0,0,0,0,0,60.0,23,62.5,60.0,unavailable,unavailable,unavailable
2026-09-08T05:51:01,off,0,0,35,633,11.9,96,-7,Healthy,On,unknown,off,unknown,90.0,0,0,0,0,60.0,23,62.5,60.0,unavailable,unavailable,unavailable
2026-09-08T05:51:16,off,0,0,35,638,12.0,96,0,Healthy,On,unknown,off,unknown,90.0,0,0,0,0,60.0,23,62.5,60.0,unavailable,unavailable,unavailable
2026-09-08T05:51:31,off,0,0,35,638,12.0,96,9,Healthy,On,unknown,off,unknown,90.0,0,0,0,0,60.0,23,62.5,60.0,unavailable,unavailable,unavailable
2026-09-08T05:51:47,off,0,0,35,638,12.0,96,-5,Healthy,On,unknown,off,unknown,90.0,0,0,0,0,60.0,23,62.5,60.0,unavailable,unavailable,unavailable
2026-09-08T05:52:02,off,0,0,35,643,12.1,96,3,Healthy,On,unknown,off,unknown,90.0,0,0,0,0,60.0,23,62.5,60.0,unavailable,unavailable,unavailable
2026-09-08T05:52:17,off,0,0,35,633,11.9,96,-8,Healthy,On,unknown,off,unknown,90.0,0,0,0,0,60.0,23,62.5,60.0,unavailable,unavailable,unavailable
2026-09-08T05:52:32,off,0,0,35,633,11.9,96,2,Healthy,On,unknown,off,unknown,90.0,0,0,0,0,60.0,23,62.5,60.0,unavailable,unavailable,unavailable
2026-09-08T05:52:48,off,0,0,35,627,11.8,96,-2,Healthy,On,unknown,off,unknown,90.0,0,0,0,0,60.0,23,62.5,60.0,unavailable,unavailable,unavailable
2026-09-08T05:53:03,off,0,0,35,670,12.6,96,-5,Healthy,On,unknown,off,unknown,90.0,0,0,0,0,60.0,23,62.5,60.0,unavailable,unavailable,unavailable
2026-09-08T05:53:15,off,0,0,35,675,12.7,96,0,Healthy,On,unknown,off,unknown,90.0,0,0,0,0,60.0,23,62.5,60.0,unavailable,unavailable,unavailable
2026-09-08T05:53:30,off,0,0,35,675,12.7,96,5,Healthy,On,unknown,off,unknown,90.0,0,0,0,0,60.0,23,62.5,60.0,unavailable,unavailable,unavailable
2026-09-08T05:53:46,off,0,0,35,670,12.6,96,-10,Healthy,On,unknown,off,unknown,90.0,0,0,0,0,60.0,23,62.5,60.0,unavailable,unavailable,unavailable
2026-09-08T05:54:01,off,0,0,35,675,12.7,96,-2,Healthy,On,unknown,off,unknown,90.0,0,0,0,0,60.0,23,62.5,60.0,unavailable,unavailable,unavailable
2026-09-08T05:54:16,off,0,0,35,691,13.0,96,7,Healthy,On,unknown,off,unknown,90.0,0,0,0,0,60.0,23,62.5,60.0,unavailable,unavailable,unavailable
2026-09-08T05:54:31,off,0,0,35,675,12.7,96,4,Healthy,On,unknown,off,unknown,90.0,0,0,0,0,60.0,23,62.5,60.0,unavailable,unavailable,unavailable
2026-09-08T05:54:47,off,0,0,35,680,12.8,96,-3,Healthy,On,unknown,off,unknown,90.0,0,0,0,0,60.0,23,62.5,60.0,unavailable,unavailable,unavailable
2026-09-08T05:55:02,off,0,0,35,675,12.7,96,-1,Healthy,On,unknown,off,unknown,90.0,0,0,0,0,60.0,23,62.5,60.0,unavailable,unavailable,unavailable
2026-09-08T05:55:17,off,0,0,35,691,13.0,96,-695,Healthy,On,unknown,off,unknown,90.0,0,0,0,0,60.0,23,62.5,60.0,unavailable,unavailable,unavailable
2026-09-08T05:55:32,off,0,0,35,755,14.2,96,11,Healthy,On,unknown,off,unknown,90.0,0,0,0,0,60.0,23,62.5,60.0,unavailable,unavailable,unavailable
2026-09-08T05:55:48,off,0,0,35,750,14.1,96,-6,Healthy,On,unknown,off,unknown,90.0,0,0,0,0,60.0,23,62.5,60.0,unavailable,unavailable,unavailable
2026-09-08T05:56:03,off,0,0,35,750,14.1,96,6,Healthy,On,unknown,off,unknown,90.0,0,0,0,0,60.0,23,62.5,60.0,unavailable,unavailable,unavailable
2026-09-08T05:56:15,off,0,0,35,750,14.1,96,-1,Healthy,On,unknown,off,unknown,90.0,0,0,0,0,60.0,23,62.5,60.0,unavailable,unavailable,unavailable
2026-09-08T05:56:30,off,0,0,35,750,14.1,96,3,Healthy,On,unknown,off,unknown,90.0,0,0,0,0,60.0,23,62.5,60.0,unavailable,unavailable,unavailable
2026-09-08T05:56:46,off,0,0,35,744,14.0,96,-4,Healthy,On,unknown,off,unknown,90.0,0,0,0,0,60.0,23,62.5,60.0,unavailable,unavailable,unavailable
2026-09-08T05:57:01,off,0,0,35,750,14.1,96,7,Healthy,On,unknown,off,unknown,90.0,0,0,0,0,60.0,23,62.5,60.0,unavailable,unavailable,unavailable
2026-09-08T05:57:16,off,0,0,35,744,14.0,96,4,Healthy,On,unknown,off,unknown,90.0,0,0,0,0,60.0,23,62.5,60.0,unavailable,unavailable,unavailable
2026-09-08T05:57:31,off,0,0,35,739,13.9,96,7,Healthy,On,unknown,off,unknown,90.0,0,0,0,0,60.0,23,62.5,60.0,unavailable,unavailable,unavailable
2026-09-08T05:57:47,off,0,0,35,925,17.4,96,-14,Healthy,On,unknown,off,unknown,90.0,0,0,0,0,60.0,23,62.5,60.0,unavailable,unavailable,unavailable
2026-09-08T05:58:02,off,0,0,35,936,17.6,96,0,Healthy,On,unknown,off,unknown,90.0,0,0,0,0,60.0,23,62.5,60.0,unavailable,unavailable,unavailable
2026-09-08T05:58:17,off,0,0,35,925,17.4,96,12,Healthy,On,unknown,off,unknown,90.0,0,0,0,0,60.0,23,62.5,60.0,unavailable,unavailable,unavailable
2026-09-08T05:58:32,off,0,0,35,915,17.2,96,-8,Healthy,On,unknown,off,unknown,90.0,0,0,0,0,60.0,23,62.5,60.0,unavailable,unavailable,unavailable
2026-09-08T05:58:47,off,0,0,35,915,17.2,96,-7,Healthy,On,unknown,off,unknown,90.0,0,0,0,0,60.0,23,62.5,60.0,unavailable,unavailable,unavailable
2026-09-08T05:59:03,off,0,0,35,918,17.3,96,-3,Healthy,On,unknown,off,unknown,90.0,0,0,0,0,60.0,23,62.5,60.0,unavailable,unavailable,unavailable
2026-09-08T05:59:18,off,0,0,35,925,17.4,96,-1,Healthy,On,unknown,off,unknown,90.0,0,0,0,0,60.0,23,62.5,60.0,unavailable,unavailable,unavailable
2026-09-08T05:59:30,off,0,0,35,915,17.2,96,-1,Healthy,On,unknown,off,unknown,90.0,0,0,0,0,60.0,23,62.5,60.0,unavailable,unavailable,unavailable
2026-09-08T05:59:45,off,0,0,35,920,17.3,96,-1,Healthy,On,unknown,off,unknown,90.0,0,0,0,0,60.0,23,62.5,60.0,unavailable,unavailable,unavailable
2026-09-08T06:00:01,off,0,0,35,920,17.3,96,-4,Healthy,On,unknown,off,unknown,90.0,0,0,0,0,60.0,23,62.5,60.0,unavailable,unavailable,unavailable
2026-09-08T06:00:16,off,0,0,35,915,17.2,96,3,Healthy,On,unknown,off,unknown,90.0,0,0,0,0,60.0,23,62.5,60.0,unavailable,unavailable,unavailable
2026-09-08T06:00:31,off,0,0,35,1040,19.6,96,-31,Healthy,On,unknown,off,unknown,90.0,0,0,0,0,60.0,23,62.5,60.0,unavailable,unavailable,unavailable
2026-09-08T06:00:46,off,0,0,35,1067,20.1,96,3,Healthy,On,unknown,off,unknown,90.0,0,0,0,0,60.0,23,62.5,60.0,unavailable,unavailable,unavailable
2026-09-08T06:01:02,off,0,0,35,1051,19.8,96,-3,Healthy,On,unknown,off,unknown,90.0,0,0,0,0,60.0,23,62.5,60.0,unavailable,unavailable,unavailable
2026-09-08T06:01:17,off,0,0,35,1056,19.9,96,9,Healthy,On,unknown,off,unknown,90.0,0,0,0,0,60.0,23,62.5,60.0,unavailable,unavailable,unavailable
2026-09-08T06:01:32,off,0,0,35,1046,19.7,96,-10,Healthy,On,unknown,off,unknown,90.0,0,0,0,0,60.0,23,62.5,60.0,unavailable,unavailable,unavailable
2026-09-08T06:01:47,off,0,0,35,1051,19.8,96,2,Healthy,On,unknown,off,unknown,90.0,0,0,0,0,60.0,23,62.5,60.0,unavailable,unavailable,unavailable
2026-09-08T06:02:03,off,0,0,35,1051,19.8,96,4,Healthy,On,unknown,off,unknown,90.0,0,0,0,0,60.0,23,62.5,60.0,unavailable,unavailable,unavailable
2026-09-08T06:02:18,off,0,0,35,1046,19.7,95,4,Healthy,On,unknown,off,unknown,90.0,0,0,0,0,60.0,23,62.5,60.0,unavailable,unavailable,unavailable
2026-09-08T06:02:33,off,0,0,35,1051,19.8,95,-3,Healthy,On,unknown,off,unknown,90.0,0,0,0,0,60.0,23,62.5,60.0,unavailable,unavailable,unavailable
2026-09-08T06:02:45,off,0,0,35,1051,19.8,95,3,Healthy,On,unknown,off,unknown,90.0,0,0,0,0,60.0,23,62.5,60.0,unavailable,unavailable,unavailable
2026-09-08T06:03:01,off,0,0,35,1051,19.8,95,2,Healthy,On,unknown,off,unknown,90.0,0,0,0,0,60.0,23,62.5,60.0,unavailable,unavailable,unavailable
2026-09-08T06:03:16,off,0,0,35,1040,19.6,95,-3,Healthy,On,unknown,off,unknown,90.0,0,0,0,0,60.0,23,62.5,60.0,unavailable,unavailable,unavailable
2026-09-08T06:03:31,off,0,0,35,1051,19.8,95,7,Healthy,On,unknown,off,unknown,90.0,0,0,0,0,60.0,23,62.5,60.0,unavailable,unavailable,unavailable
2026-09-08T06:03:46,off,0,0,35,1046,19.7,95,3,Healthy,On,unknown,off,unknown,90.0,0,0,0,0,60.0,23,62.5,60.0,unavailable,unavailable,unavailable
2026-09-08T06:04:01,off,0,0,35,1051,19.8,95,0,Healthy,On,unknown,off,unknown,90.0,0,0,0,0,60.0,23,62.5,60.0,unavailable,unavailable,unavailable
2026-09-08T06:04:17,off,0,0,35,1040,19.6,95,-2,Healthy,On,unknown,off,unknown,90.0,0,0,0,0,60.0,23,62.5,60.0,unavailable,unavailable,unavailable
2026-09-08T06:04:32,off,0,0,35,1046,19.7,95,5,Healthy,On,unknown,off,unknown,90.0,0,0,0,0,60.0,23,62.5,60.0,unavailable,unavailable,unavailable
2026-09-08T06:04:47,off,0,0,35,1046,19.7,95,3,Healthy,On,unknown,off,unknown,90.0,0,0,0,0,60.0,23,62.5,60.0,unavailable,unavailable,unavailable
2026-09-08T06:05:03,off,0,0,35,1040,19.6,95,10,Healthy,On,unknown,off,unknown,90.0,0,0,0,0,60.0,23,62.5,60.0,unavailable,unavailable,unavailable
2026-09-08T06:05:18,off,0,0,35,1040,19.6,95,-5,Healthy,On,unknown,off,unknown,90.0,0,0,0,0,60.0,23,62.5,60.0,unavailable,unavailable,unavailable
2026-09-08T06:05:30,off,0,0,35,1046,19.7,95,-1,Healthy,On,unknown,off,unknown,90.0,0,0,0,0,60.0,23,62.5,60.0,unavailable,unavailable,unavailable
2026-09-08T06:05:45,off,0,0,35,1051,19.8,95,20,Healthy,On,unknown,off,unknown,90.0,0,0,0,0,60.0,23,62.5,60.0,unavailable,unavailable,unavailable
2026-09-08T06:06:00,off,0,0,35,1046,19.7,95,-3,Healthy,On,unknown,off,unknown,90.0,0,0,0,0,60.0,23,62.5,60.0,unavailable,unavailable,unavailable
2026-09-08T06:06:16,off,0,0,35,1035,19.5,95,0,Healthy,On,unknown,off,unknown,90.0,0,0,0,0,60.0,23,62.5,60.0,unavailable,unavailable,unavailable
2026-09-08T06:06:31,off,0,0,35,1120,21.1,95,-9,Healthy,On,unknown,off,unknown,90.0,0,0,0,0,60.0,23,62.5,60.0,unavailable,unavailable,unavailable
2026-09-08T06:06:46,off,0,0,35,1115,21.0,95,7,Healthy,On,unknown,off,unknown,90.0,0,0,0,0,60.0,23,62.5,60.0,unavailable,unavailable,unavailable
2026-09-08T06:07:01,off,0,0,35,1109,20.9,95,9,Healthy,On,unknown,off,unknown,90.0,0,0,0,0,60.0,23,62.5,60.0,unavailable,unavailable,unavailable
2026-09-08T06:07:17,off,0,0,35,1099,20.7,95,-5,Healthy,On,unknown,off,unknown,90.0,0,0,0,0,60.0,23,62.5,60.0,unavailable,unavailable,unavailable
2026-09-08T06:07:32,off,0,0,35,1093,20.6,95,1,Healthy,On,unknown,off,unknown,90.0,0,0,0,0,60.0,23,62.5,60.0,unavailable,unavailable,unavailable
2026-09-08T06:07:47,off,0,0,35,1088,20.5,95,7,Healthy,On,unknown,off,unknown,90.0,0,0,0,0,60.0,23,62.5,60.0,unavailable,unavailable,unavailable
2026-09-08T06:08:02,off,0,0,35,1093,20.6,95,5,Healthy,On,unknown,off,unknown,90.0,0,0,0,0,60.0,23,62.5,60.0,unavailable,unavailable,unavailable
2026-09-08T06:08:18,off,0,0,35,1088,20.5,95,-3,Healthy,On,unknown,off,unknown,90.0,0,0,0,0,60.0,23,62.5,60.0,unavailable,unavailable,unavailable
2026-09-08T06:08:33,off,0,0,35,1088,20.5,95,-8,Healthy,On,unknown,off,unknown,90.0,0,0,0,0,60.0,23,62.5,60.0,unavailable,unavailable,unavailable
2026-09-08T06:08:45,off,0,0,35,1088,20.5,95,8,Healthy,On,unknown,off,unknown,90.0,0,0,0,0,60.0,23,62.5,60.0,unavailable,unavailable,unavailable
2026-09-08T06:09:00,off,0,0,35,1088,20.5,95,6,Healthy,On,unknown,off,unknown,90.0,0,0,0,0,60.0,23,62.5,60.0,unavailable,unavailable,unavailable
2026-09-08T06:09:16,off,0,0,35,1093,20.6,95,-6,Healthy,On,unknown,off,unknown,90.0,0,0,0,0,60.0,23,62.5,60.0,unavailable,unavailable,unavailable
2026-09-08T06:09:31,off,0,0,35,1088,20.5,95,-4,Healthy,On,unknown,off,unknown,90.0,0,0,0,0,60.0,23,62.5,60.0,unavailable,unavailable,unavailable
2026-09-08T06:09:46,off,0,0,35,1093,20.6,95,15,Healthy,On,unknown,off,unknown,90.0,0,0,0,0,60.0,23,62.5,60.0,unavailable,unavailable,unavailable
2026-09-08T06:10:01,off,0,0,35,1088,20.5,95,-2,Healthy,On,unknown,off,unknown,90.0,0,0,0,0,60.0,23,62.5,60.0,unavailable,unavailable,unavailable
2026-09-08T06:10:17,off,0,0,35,1083,20.4,95,0,Healthy,On,unknown,off,unknown,90.0,0,0,0,0,60.0,23,62.5,60.0,unavailable,unavailable,unavailable
2026-09-08T06:10:32,off,0,0,35,1083,20.4,95,1,Healthy,On,unknown,off,unknown,90.0,0,0,0,0,60.0,23,62.5,60.0,unavailable,unavailable,unavailable
2026-09-08T06:10:47,off,0,0,35,1088,20.5,95,0,Healthy,On,unknown,off,unknown,90.0,0,0,0,0,60.0,23,62.5,60.0,unavailable,unavailable,unavailable
2026-09-08T06:11:02,off,0,0,35,1077,20.3,95,-8,Healthy,On,unknown,off,unknown,90.0,0,0,0,0,60.0,23,62.5,60.0,unavailable,unavailable,unavailable
2026-09-08T06:11:18,off,0,0,35,1077,20.3,95,-2,Healthy,On,unknown,off,unknown,90.0,0,0,0,0,60.0,23,62.5,60.0,unavailable,unavailable,unavailable
2026-09-08T06:11:33,off,0,0,35,1019,19.2,95,13,Healthy,On,unknown,off,unknown,90.0,0,0,0,0,60.0,23,62.5,60.0,unavailable,unavailable,unavailable
2026-09-08T06:11:45,off,0,0,35,1014,19.1,95,8,Healthy,On,unknown,off,unknown,90.0,0,0,0,0,60.0,23,62.5,60.0,unavailable,unavailable,unavailable
2026-09-08T06:12:00,off,0,0,35,1014,19.1,95,-7,Healthy,On,unknown,off,unknown,90.0,0,0,0,0,60.0,23,62.5,60.0,unavailable,unavailable,unavailable
2026-09-08T06:12:16,off,0,0,35,1008,19.0,95,1,Healthy,On,unknown,off,unknown,90.0,0,0,0,0,60.0,23,62.5,60.0,unavailable,unavailable,unavailable
2026-09-08T06:12:31,off,0,0,35,1014,19.1,95,8,Healthy,On,unknown,off,unknown,90.0,0,0,0,0,60.0,23,62.5,60.0,unavailable,unavailable,unavailable
2026-09-08T06:12:46,off,0,0,35,1008,19.0,95,-18,Healthy,On,unknown,off,unknown,90.0,0,0,0,0,60.0,23,62.5,60.0,unavailable,unavailable,unavailable
2026-09-08T06:13:01,off,0,0,35,1008,19.0,95,0,Healthy,On,unknown,off,unknown,90.0,0,0,0,0,60.0,23,62.5,60.0,unavailable,unavailable,unavailable
2026-09-08T06:13:17,off,0,0,35,817,15.4,95,-1,Healthy,On,unknown,off,unknown,90.0,0,0,0,0,60.0,23,62.5,60.0,unavailable,unavailable,unavailable
2026-09-08T06:13:32,off,0,0,35,824,15.5,95,10,Healthy,On,unknown,off,unknown,90.0,0,0,0,0,60.0,23,62.5,60.0,unavailable,unavailable,unavailable
2026-09-08T06:13:47,off,0,0,35,817,15.4,95,-5,Healthy,On,unknown,off,unknown,90.0,0,0,0,0,60.0,23,62.5,60.0,unavailable,unavailable,unavailable
2026-09-08T06:14:02,off,0,0,35,813,15.3,95,-3,Healthy,On,unknown,off,unknown,90.0,0,0,0,0,60.0,23,62.5,60.0,unavailable,unavailable,unavailable
2026-09-08T06:14:17,off,0,0,35,824,15.5,95,4,Healthy,On,unknown,off,unknown,90.0,0,0,0,0,60.0,23,62.5,60.0,unavailable,unavailable,unavailable
2026-09-08T06:14:33,off,0,0,35,817,15.4,95,4,Healthy,On,unknown,off,unknown,90.0,0,0,0,0,60.0,23,62.5,60.0,unavailable,unavailable,unavailable
2026-09-08T06:14:48,off,0,0,35,819,15.4,95,-3,Healthy,On,unknown,off,unknown,90.0,0,0,0,0,60.0,23,62.5,60.0,unavailable,unavailable,unavailable
2026-09-08T06:15:00,off,0,0,35,813,15.3,95,-2,Healthy,On,unknown,off,unknown,90.0,0,0,0,0,60.0,23,62.5,60.0,unavailable,unavailable,unavailable
2026-09-08T06:15:15,off,0,0,35,817,15.4,95,5,Healthy,On,unknown,off,unknown,90.0,0,0,0,0,60.0,23,62.5,60.0,unavailable,unavailable,unavailable
2026-09-08T06:15:31,off,0,0,35,823,15.5,95,6,Healthy,On,unknown,off,unknown,90.0,0,0,0,0,60.0,23,62.5,60.0,unavailable,unavailable,unavailable
2026-09-08T06:15:46,off,0,0,35,813,15.3,95,0,Healthy,On,unknown,off,unknown,90.0,0,0,0,0,60.0,23,62.5,60.0,unavailable,unavailable,unavailable
2026-09-08T06:16:01,off,0,0,35,813,15.3,95,-4,Healthy,On,unknown,off,unknown,90.0,0,0,0,0,60.0,23,62.5,60.0,unavailable,unavailable,unavailable
2026-09-08T06:16:16,off,0,0,35,812,15.3,95,2,Healthy,On,unknown,off,unknown,90.0,0,0,0,0,60.0,23,62.5,60.0,unavailable,unavailable,unavailable
2026-09-08T06:16:32,off,0,0,35,819,15.4,95,11,Healthy,On,unknown,off,unknown,90.0,0,0,0,0,60.0,23,62.5,60.0,unavailable,unavailable,unavailable
2026-09-08T06:16:47,off,0,0,35,813,15.3,95,-2,Healthy,On,unknown,off,unknown,90.0,0,0,0,0,60.0,23,62.5,60.0,unavailable,unavailable,unavailable
2026-09-08T06:17:02,off,0,0,35,819,15.4,95,2,Healthy,On,unknown,off,unknown,90.0,0,0,0,0,60.0,23,62.5,60.0,unavailable,unavailable,unavailable
2026-09-08T06:17:17,off,0,0,35,813,15.3,95,-2,Healthy,On,unknown,off,unknown,90.0,0,0,0,0,60.0,23,62.5,60.0,unavailable,unavailable,unavailable
2026-09-08T06:17:33,off,0,0,35,915,17.2,95,2,Healthy,On,unknown,off,unknown,90.0,0,0,0,0,60.0,23,62.5,60.0,unavailable,unavailable,unavailable
2026-09-08T06:17:48,off,0,0,35,897,16.9,95,-12,Healthy,On,unknown,off,unknown,90.0,0,0,0,0,60.0,23,62.5,60.0,unavailable,unavailable,unavailable
2026-09-08T06:18:00,off,0,0,35,899,16.9,95,1,Healthy,On,unknown,off,unknown,90.0,0,0,0,0,60.0,23,62.5,60.0,unavailable,unavailable,unavailable
2026-09-08T06:18:15,off,0,0,35,892,16.8,95,9,Healthy,On,unknown,off,unknown,90.0,0,0,0,0,60.0,23,62.5,60.0,unavailable,unavailable,unavailable
2026-09-08T06:18:31,off,0,0,35,883,16.6,95,11,Healthy,On,unknown,off,unknown,90.0,0,0,0,0,60.0,23,62.5,60.0,unavailable,unavailable,unavailable
2026-09-08T06:18:46,off,0,0,35,886,16.7,95,-2,Healthy,On,unknown,off,unknown,90.0,0,0,0,0,60.0,23,62.5,60.0,unavailable,unavailable,unavailable
2026-09-08T06:19:01,off,0,0,35,881,16.6,95,-13,Healthy,On,unknown,off,unknown,90.0,0,0,0,0,60.0,23,62.5,60.0,unavailable,unavailable,unavailable
2026-09-08T06:19:16,off,0,0,35,888,16.7,95,-2,Healthy,On,unknown,off,unknown,90.0,0,0,0,0,60.0,23,62.5,60.0,unavailable,unavailable,unavailable
2026-09-08T06:19:32,off,0,0,35,893,16.8,95,12,Healthy,On,unknown,off,unknown,90.0,0,0,0,0,60.0,23,62.5,60.0,unavailable,unavailable,unavailable
2026-09-08T06:19:47,off,0,0,35,877,16.5,95,0,Healthy,On,unknown,off,unknown,90.0,0,0,0,0,60.0,23,62.5,60.0,unavailable,unavailable,unavailable
2026-09-08T06:20:17,off,0,0,35,881,16.6,95,6,Healthy,On,unknown,off,unknown,90.0,0,0,0,0,60.0,23,62.5,60.0,unavailable,unavailable,unavailable
2026-09-08T06:20:33,off,0,0,35,877,16.5,95,6,Healthy,On,unknown,off,unknown,90.0,0,0,0,0,60.0,23,62.5,60.0,unavailable,unavailable,unavailable
2026-09-08T06:20:48,off,0,0,35,881,16.6,95,-1,Healthy,On,unknown,off,unknown,90.0,0,0,0,0,60.0,23,62.5,60.0,unavailable,unavailable,unavailable
2026-09-08T06:21:03,off,0,0,35,883,16.6,95,4,Healthy,On,unknown,off,unknown,90.0,0,0,0,0,60.0,23,62.5,60.0,unavailable,unavailable,unavailable
2026-09-08T06:21:15,off,0,0,35,886,16.7,94,17,Healthy,On,unknown,off,unknown,90.0,0,0,0,0,60.0,23,62.5,60.0,unavailable,unavailable,unavailable
2026-09-08T06:21:30,off,0,0,35,886,16.7,94,2,Healthy,On,unknown,off,unknown,90.0,0,0,0,0,60.0,23,62.5,60.0,unavailable,unavailable,unavailable
2026-09-08T06:21:46,off,0,0,35,877,16.5,94,-1,Healthy,On,unknown,off,unknown,90.0,0,0,0,0,60.0,23,62.5,60.0,unavailable,unavailable,unavailable
2026-09-08T06:22:01,off,0,0,35,876,16.5,94,-1,Healthy,On,unknown,off,unknown,90.0,0,0,0,0,60.0,23,62.5,60.0,unavailable,unavailable,unavailable
2026-09-08T06:22:16,off,0,0,35,883,16.6,94,10,Healthy,On,unknown,off,unknown,90.0,0,0,0,0,60.0,23,62.5,60.0,unavailable,unavailable,unavailable
2026-09-08T06:22:32,off,0,0,35,881,16.6,94,3,Healthy,On,unknown,off,unknown,90.0,0,0,0,0,60.0,23,62.5,60.0,unavailable,unavailable,unavailable
2026-09-08T06:22:47,off,0,0,35,813,15.3,94,-1,Healthy,On,unknown,off,unknown,90.0,0,0,0,0,60.0,23,62.5,60.0,unavailable,unavailable,unavailable
2026-09-08T06:23:02,off,0,0,35,813,15.3,94,0,Healthy,On,unknown,off,unknown,90.0,0,0,0,0,60.0,23,62.5,60.0,unavailable,unavailable,unavailable
2026-09-08T06:23:17,off,0,0,35,813,15.3,94,10,Healthy,On,unknown,off,unknown,90.0,0,0,0,0,60.0,23,62.5,60.0,unavailable,unavailable,unavailable
2026-09-08T06:23:33,off,0,0,35,819,15.4,94,-5,Healthy,On,unknown,off,unknown,90.0,0,0,0,0,60.0,23,62.5,60.0,unavailable,unavailable,unavailable
2026-09-08T06:23:48,off,0,0,35,813,15.3,94,2,Healthy,On,unknown,off,unknown,90.0,0,0,0,0,60.0,23,62.5,60.0,unavailable,unavailable,unavailable
2026-09-08T06:24:03,off,0,0,35,813,15.3,94,-8,Healthy,On,unknown,off,unknown,90.0,0,0,0,0,60.0,23,62.5,60.0,unavailable,unavailable,unavailable
2026-09-08T06:24:15,off,0,0,35,867,16.3,94,2,Healthy,On,unknown,off,unknown,90.0,0,0,0,0,60.0,23,62.5,60.0,unavailable,unavailable,unavailable
2026-09-08T06:24:30,off,0,0,35,892,16.8,94,7,Healthy,On,unknown,off,unknown,90.0,0,0,0,0,60.0,23,62.5,60.0,unavailable,unavailable,unavailable
2026-09-08T06:24:46,off,0,0,35,872,16.4,94,24,Healthy,On,unknown,off,unknown,90.0,0,0,0,0,60.0,23,62.5,60.0,unavailable,unavailable,unavailable
2026-09-08T06:25:01,off,0,0,35,844,15.9,94,5,Healthy,On,unknown,off,unknown,90.0,0,0,0,0,60.0,23,62.5,60.0,unavailable,unavailable,unavailable
2026-09-08T06:25:16,off,0,0,35,845,15.9,94,8,Healthy,On,unknown,off,unknown,90.0,0,0,0,0,60.0,23,62.5,60.0,unavailable,unavailable,unavailable
2026-09-08T06:25:32,off,0,0,35,870,16.4,94,16,Healthy,On,unknown,off,unknown,90.0,0,0,0,0,60.0,23,62.5,60.0,unavailable,unavailable,unavailable
2026-09-08T06:25:47,off,0,0,35,840,15.8,94,7,Healthy,On,unknown,off,unknown,90.0,0,0,0,0,60.0,23,62.5,60.0,unavailable,unavailable,unavailable
2026-09-08T06:26:02,off,0,0,35,833,15.7,94,-8,Healthy,On,unknown,off,unknown,90.0,0,0,0,0,60.0,23,62.5,60.0,unavailable,unavailable,unavailable
2026-09-08T06:26:17,off,0,0,35,845,15.9,94,10,Healthy,On,unknown,off,unknown,90.0,0,0,0,0,60.0,23,62.5,60.0,unavailable,unavailable,unavailable
2026-09-08T06:26:33,off,0,0,35,860,16.2,94,-15,Healthy,On,unknown,off,unknown,90.0,0,0,0,0,60.0,23,62.5,60.0,unavailable,unavailable,unavailable
2026-09-08T06:26:48,off,0,0,35,883,16.6,94,18,Healthy,On,unknown,off,unknown,90.0,0,0,0,0,60.0,23,62.5,60.0,unavailable,unavailable,unavailable
2026-09-08T06:27:03,off,0,0,35,872,16.4,94,-20,Healthy,On,unknown,off,unknown,90.0,0,0,0,0,60.0,23,62.5,60.0,unavailable,unavailable,unavailable
2026-09-08T06:27:15,off,0,0,35,892,16.8,94,16,Healthy,On,unknown,off,unknown,90.0,0,0,0,0,60.0,23,62.5,60.0,unavailable,unavailable,unavailable
2026-09-08T06:27:30,off,0,0,35,897,16.9,94,2,Healthy,On,unknown,off,unknown,90.0,0,0,0,0,60.0,23,62.5,60.0,unavailable,unavailable,unavailable
2026-09-08T06:27:46,off,0,0,35,881,16.6,94,0,Healthy,On,unknown,off,unknown,90.0,0,0,0,0,60.0,23,62.5,60.0,unavailable,unavailable,unavailable
2026-09-08T06:28:01,off,0,0,35,886,16.7,94,3,Healthy,On,unknown,off,unknown,90.0,0,0,0,0,60.0,23,62.5,60.0,unavailable,unavailable,unavailable
2026-09-08T06:28:16,off,0,0,35,877,16.5,94,10,Healthy,On,unknown,off,unknown,90.0,0,0,0,0,60.0,23,62.5,60.0,unavailable,unavailable,unavailable
2026-09-08T06:28:31,off,0,0,35,877,16.5,94,3,Healthy,On,unknown,off,unknown,90.0,0,0,0,0,60.0,23,62.5,60.0,unavailable,unavailable,unavailable
2026-09-08T06:28:47,off,0,0,35,961,18.1,94,0,Healthy,On,unknown,off,unknown,90.0,0,0,0,0,60.0,23,62.5,60.0,unavailable,unavailable,unavailable
2026-09-08T06:29:02,off,0,0,35,966,18.2,94,6,Healthy,On,unknown,off,unknown,90.0,0,0,0,0,60.0,23,62.5,60.0,unavailable,unavailable,unavailable
2026-09-08T06:29:17,off,0,0,35,971,18.3,94,12,Healthy,On,unknown,off,unknown,90.0,0,0,0,0,60.0,23,62.5,60.0,unavailable,unavailable,unavailable
2026-09-08T06:29:32,off,0,0,35,934,17.6,94,-22,Healthy,On,unknown,off,unknown,90.0,0,0,0,0,60.0,23,62.5,60.0,unavailable,unavailable,unavailable
2026-09-08T06:29:48,off,0,0,35,950,17.9,94,-3,Healthy,On,unknown,off,unknown,90.0,0,0,0,0,60.0,23,62.5,60.0,unavailable,unavailable,unavailable
2026-09-08T06:30:03,off,0,0,35,939,17.7,94,-1,Healthy,On,unknown,off,unknown,90.0,0,0,0,0,60.0,23,62.5,60.0,unavailable,unavailable,unavailable
2026-09-08T06:30:15,off,0,0,35,934,17.6,94,2,Healthy,On,unknown,off,unknown,90.0,0,0,0,0,60.0,23,62.5,60.0,unavailable,unavailable,unavailable
2026-09-08T06:30:30,off,0,0,35,939,17.7,94,-12,Healthy,On,unknown,off,unknown,90.0,0,0,0,0,60.0,23,62.5,60.0,unavailable,unavailable,unavailable
2026-09-08T06:30:46,off,0,0,35,929,17.5,94,-17,Healthy,On,unknown,off,unknown,90.0,0,0,0,0,60.0,23,62.5,60.0,unavailable,unavailable,unavailable
2026-09-08T06:31:01,off,0,0,35,939,17.7,94,8,Healthy,On,unknown,off,unknown,90.0,0,0,0,0,60.0,23,62.5,60.0,unavailable,unavailable,unavailable
